8                 GEBOD.DAT - LAST REVISION DATE: 20 MAY 2000                                                                
'CHILD (2 - 19 YEARS)','ADULT HUMAN FEMALE','ADULT HUMAN MALE',                 
'USER-SUPPLIED BODY DIMENSIONS',                                                
'SITTING HYBRID III DUMMY (50%)','STANDING HYBRID III DUMMY (50%)',             
'HYBRID II DUMMY (50%)',
'SITTING HYBRID III WITH LOWER EXTREMITY MODEL'                           
105 'HYBRID II DUMMY (50%)'                                             TITLE   
    15    14        Euler Part572                                       CARD B1 
 LT  9 29.041.98591.38521.4802 4.90  6.94  6.00  0.00  0.00 -0.27    1  B2A  LT 
              0.0 23.854  0.0                                                   
 CT  7  3.00.02126.02126.00869 4.10  5.25  4.40  2.15  0.00  0.30    0  B2A  CT 
 UT  5 37.872.07991.59151.3362 4.66  6.78  9.00  0.80  0.00  2.20    0  B2A  UT 
NECK 3  1.82.01179.01179.00500 2.70  2.28  4.00 -0.10  0.00  1.65    0  B2A NECK
HEAD 1  9.67.21971.25620.16378 4.00  3.10  5.00  0.50  0.00  0.40    1  B2A HEAD
              0.0 42.209  0.0                                                   
 LUL J 20.99.77233.77212.11638 3.30  3.50 11.40  0.15  0.00 -2.20    0  B2A  LUL
 LLL L  7.00.59485.59067.03216 2.36  2.23  9.45  0.00  0.00  0.00    1  B2A  LLL
              0.0 -3.740  0.0                                                   
 LF  N  2.76.03830.04340.01320 1.52  1.60  5.22  0.00  0.00  0.95    0  B2A  LF 
 RUL B 20.99.77233.77212.11638 3.30  3.50 11.40  0.15  0.00 -2.20    0  B2A  RUL
 RLL D  7.00.59485.59067.03216 2.36  2.23  9.45  0.00  0.00  0.00    1  B2A  RLL
              0.0 -3.740  0.0                                                   
 RF  F  2.76.03830.04340.01320 1.52  1.60  5.22  0.00  0.00  0.95    0  B2A  RF 
 LUA X  4.76.13779.14264.01250 2.07  1.64  6.88  0.    0.    0.      1  B2A  LUA
              0.0   0.0  11.52                                                  
 LLA Z  4.61.26961.26142.01255 1.30  1.11  8.38  0.    0.    0.      0  B2A  LLA
 RUA Q  4.76.13779.14264.01250 2.07  1.64  6.88  0.    0.    0.      1  B2A  RUA
              0.0   0.0 -11.52                                                  
 RLA S  4.61.26961.26142.01255 1.30  1.11  8.38  0.    0.    0.      0  B2A  RLA
 P   8   1  -2-1.790 0.0  -2.140 0.0   0.0   2.075                      B3A  P  
               0.0   0.0   0.0   0.0   0.0   0.0                                
 W   6   2  -2 0.0   0.0  -2.325-1.131 0.0   6.559                      B3A  W  
               0.0   0.0   0.0   0.0   0.0   0.0                                
 NP  4   3  -2 1.575 0.0  -6.576 0.0   0.0   2.185                      B3A  NP 
                0.0 -20.0   0.0   0.0   0.0   0.0                               
 HP  2   4  -2 0.0   0.0  -2.185-0.370 0.0   1.390                      B3A  HP 
                0.0   0.0   0.0   0.0   0.0   0.0                               
 LH  I   1  -4-0.130-3.500 1.700 1.300 0.000-9.000                      B3A  LH 
              -90.0 90.0   0.0   0.0   4.76  0.0    27.0 -70.0   0.0            
 LK  K   6   1-0.043 0.100 6.740-0.097 0.0  -7.365                      B3A  LK 
               0.0   0.0   0.0   0.0  43.0   0.0                                
 LA  M   7  -4-0.097 0.0   8.835 1.600-0.130-2.030                      B3A  LA 
              90.0   0.0  -0.6  90.0   0.0   0.0     0.0  79.0   0.0            
 RH  A   1  -4-0.130 3.500 1.700 1.300 0.000-9.000                      B3A  RH 
              90.0  90.0   0.0   0.0   4.76  0.0   -27.0  70.0   0.0            
 RK  C   9   1-0.043-0.100 6.740-0.097 0.0  -7.365                      B3A  RK 
               0.0   0.0   0.0   0.0  43.0   0.0                                
 RA  E  10  -4-0.097 0.0   8.835 1.600 0.130-2.030                      B3A  RA 
              90.0   0.0  -0.6  90.0   0.0   0.0     0.0  79.0   0.0            
 LS  W   3  -4-0.161-7.400-3.580 0.047 0.030-4.690                      B3A   LS
               0.0   0.0   90.0  0.0   0.0   0.0   -55.0 -65.0                  
 LE  Y  12  -4 0.047 0.030 5.610-0.120-0.025-6.340                      B3A  LE 
               90.0  0.0   0.0   90.0  0.0   0.0     8.0  70.0                  
 RS  P   3  -4-0.161 7.400-3.580 0.047-0.030-4.690                      B3A  RS 
               0.0   0.0  -90.0  0.0   0.0   0.0    55.0  65.0                  
 RE  R  14  -4 0.047-0.030 5.610-0.120 0.025-6.340                      B3A  RE 
              90.0   0.0   0.0  90.0   0.0   0.0    -8.0  70.0                  
 50.0    0.0   0.0   0.0  90.0      34.383   0.0   0.0   0.0 170.0      B4A  P  
 50.0    0.0   0.0   0.0  90.0      34.383   0.0   0.0   0.0 170.0      B4A  W  
 31.2    0.0   0.0   0.0  90.0       15.0    0.0   0.0   0.0 170.0      B4A  NP 
 31.2    0.0   0.0   0.0  90.0       15.0    0.0   0.0   0.0 170.0      B4A  HP 
  7.5   75.0  75.0   0.0  77.0        7.5   75.0  75.0   0.0  35.0      B4A  LH 
 16.0  160.0 160.0   0.0  60.0        0.0  -90.0   0.0                  B4B  LH 
  0.0   10.0  10.0   0.0  53.0                                          B4A  LK 
  1.0   10.0  10.0   0.0  26.0        1.0   10.0  10.0   0.0  42.0      B4A  LA 
  0.0    0.0   0.0   0.0   0.0                                          B4B  LA 
  7.5   75.0  75.0   0.0  77.0        7.5   75.0  75.0   0.0  35.0      B4A  RH 
 16.0  160.0 160.0   0.0  60.0        0.0   90.0   0.0                  B4B  RH 
  0.0   10.0  10.0   0.0  53.0                                          B4A  RK 
  1.0   10.0  10.0   0.0  26.0        1.0   10.0  10.0   0.0  42.0      B4A  RA 
  0.0    0.0   0.0   0.0   0.0                                          B4B  RA 
  0.0  100.0 100.0   0.0 125.0        0.0  100.0 100.0   0.0  60.0      B4A  LS 
  0.0    0.0   0.0   0.0   0.0        0.0  -90.0   0.0                  B4B  LS 
  0.0   20.0  20.0   0.0  52.0        5.0   50.0  50.0   0.0  70.0      B4A  LE 
  0.0    0.0   0.0   0.0   0.0        0.0   90.0   0.0                  B4B  LE 
  0.0  100.0 100.0   0.0 125.0        0.0  100.0 100.0   0.0  60.0      B4A  RS 
  0.0    0.0   0.0   0.0   0.0        0.0   90.0   0.0                  B4B  RS 
  0.0   20.0  20.0   0.0  52.0        5.0   50.0  50.0   0.0  70.0      B4A  RE 
  0.0    0.0   0.0   0.0   0.0        0.0   90.0   0.0                  B4B  RE 
  1.2  122.4  30.0 500.0                                                B5A  P  
  1.2  122.4  30.0 300.0                                                B5A  W  
  0.15 100.0  30.0  15.0                                                B5A  NP 
  0.15 100.0  30.0  10.0                                                B5A  HP 
  1.0  100.0  30.0 150.0                                                B5A  LH 
  1.0  200.0  30.0 300.0                                                  B     
  1.0  100.0  30.0 150.0                                                  C     
  1.0   20.0  30.0  30.0                                                B5A  LK 
  0.5   20.0  30.0  30.0                                                B5A  LA 
  0.5   20.0  30.0  30.0                                                  B     
  0.0    0.0  30.0   0.0                                                  C     
  1.0  100.0  30.0 150.0                                                B5A  RH 
  1.0  200.0  30.0 300.0                                                  B     
  1.0  100.0  30.0 150.0                                                  C     
  1.0   20.0  30.0  30.0                                                B5A  RK 
  0.5   20.0  30.0  30.0                                                B5A  RA 
  0.5   20.0  30.0  30.0                                                  B     
  0.0    0.0  30.0   0.0                                                  C     
  0.1   50.0  30.0 100.0                                                B5A  LS 
  0.1   50.0  30.0 100.0                                                  B     
  0.0    0.0  30.0   0.0                                                  C     
  0.1   20.0  30.0  30.0                                                B5A  LE 
  0.1   20.0  30.0  30.0                                                  B     
  0.0    0.0  30.0   0.0                                                  C     
  0.1   50.0  30.0 100.0                                                B5A  RS 
  0.1   50.0  30.0 100.0                                                  B     
  0.0    0.0  30.0   0.0                                                  C     
  0.1   20.0  30.0  30.0                                                B5A  RE 
  0.1   20.0  30.0  30.0                                                  B     
  0.0    0.0  30.0   0.0                                                  C     
XXXXXXXXXXXXXXXXXXXXXXXXXXXXXXXXXXXXXXXXXXXXXXXX     0XXXXXX            CARD D.1
 999                                                                    CARD E.1        
                                                                        CARD F.4
105 'HYBRID II DUMMY (50%)'                                             TITLE
    15    14        Euler Part572                                       CARD B.1
 LT  9129.180.22440.15650.1672 0.124 0.176 0.152 0.000 0.000-0.007   1  CARD B.2
              0.00 23.85   0.0                                                  
 CT  7 13.350.00240.00240.0010 0.104 0.133 0.112 0.055 0.000 0.008   0  CARD B.2
 UT  5168.460.23500.17980.1510 0.118 0.172 0.229 0.020 0.000 0.056   0  CARD B.2
NECK 3  8.100.00130.00130.0006 0.069 0.058 0.102-0.003 0.000 0.042   0  CARD B.2
HEAD 1 43.020.02480.02890.0185 0.102 0.079 0.127 0.013 0.000 0.010   1  CARD B.2
              0.00 42.21   0.0                                                  
 LUL J 93.370.08730.08720.0131 0.084 0.089 0.290 0.004 0.000-0.056   0  CARD B.2
 LLL L 31.140.06720.06670.0036 0.060 0.057 0.240 0.000 0.000 0.000   1  CARD B.2
              0.00 -3.74   0.0                                                  
 LF  N 12.280.00430.00490.0015 0.039 0.041 0.133 0.000 0.000 0.024   0  CARD B.2
 RUL B 93.370.08730.08720.0131 0.084 0.089 0.290 0.004 0.000-0.056   0  CARD B.2
 RLL D 31.140.06720.06670.0036 0.060 0.057 0.240 0.000 0.000 0.000   1  CARD B.2
              0.00 -3.74   0.0                                                  
 RF  F 12.280.00430.00490.0015 0.039 0.041 0.133 0.000 0.000 0.024   0  CARD B.2
 LUA X 21.170.01560.01610.0014 0.053 0.042 0.175 0.000 0.000 0.000   1  CARD B.2
              0.00  0.00  11.5                                                  
 LLA Z 20.510.03050.02950.0014 0.033 0.028 0.213 0.000 0.000 0.000   0  CARD B.2
 RUA Q 21.170.01560.01610.0014 0.053 0.042 0.175 0.000 0.000 0.000   1  CARD B.2
              0.00  0.00 -11.5                                                  
 RLA S 20.510.03050.02950.0014 0.033 0.028 0.213 0.000 0.000 0.000   0  CARD B.2
 P   8   1  -2 -0.05  0.00 -0.05  0.00  0.00  0.05   0  0.00  0.00      CARD B.3
                0.00  0.00  0.00  0.00  0.00  0.00  0.00  0.00  0.00 0 0 0 0 0 0
 W   6   2  -2  0.00  0.00 -0.06 -0.03  0.00  0.17   0  0.00  0.00      CARD B.3
                0.00  0.00  0.00  0.00  0.00  0.00  0.00  0.00  0.00 0 0 0 0 0 0
 NP  4   3  -2  0.04  0.00 -0.17  0.00  0.00  0.06   0  0.00  0.00      CARD B.3
                0.00-20.00  0.00  0.00  0.00  0.00  0.00  0.00  0.00 0 0 0 0 0 0
 HP  2   4  -2  0.00  0.00 -0.06 -0.01  0.00  0.04   0  0.00  0.00      CARD B.3
                0.00  0.00  0.00  0.00  0.00  0.00  0.00  0.00  0.00 0 0 0 0 0 0
 LH  I   1  -4  0.00 -0.09  0.04  0.03  0.00 -0.23   0  0.00  0.00      CARD B.3
              -90.00 90.00  0.00  0.00  4.76  0.00 27.00-70.00  0.00 0 0 0 0 0 0
 LK  K   6   1  0.00  0.00  0.17  0.00  0.00 -0.19   0  0.00  0.00      CARD B.3
                0.00  0.00  0.00  0.00 43.00  0.00  0.00  0.00  0.00 0 0 0 0 0 0
 LA  M   7  -4  0.00  0.00  0.22  0.04  0.00 -0.05   0  0.00  0.00      CARD B.3
               90.00  0.00 -0.60 90.00  0.00  0.00  0.00 79.00  0.00 0 0 0 0 0 0
 RH  A   1  -4  0.00  0.09  0.04  0.03  0.00 -0.23   0  0.00  0.00      CARD B.3
               90.00 90.00  0.00  0.00  4.76  0.00-27.00 70.00  0.00 0 0 0 0 0 0
 RK  C   9   1  0.00  0.00  0.17  0.00  0.00 -0.19   0  0.00  0.00      CARD B.3
                0.00  0.00  0.00  0.00 43.00  0.00  0.00  0.00  0.00 0 0 0 0 0 0
 RA  E  10  -4  0.00  0.00  0.22  0.04  0.00 -0.05   0  0.00  0.00      CARD B.3
               90.00  0.00 -0.60 90.00  0.00  0.00  0.00 79.00  0.00 0 0 0 0 0 0
 LS  W   3  -4  0.00 -0.19 -0.09  0.00  0.00 -0.12   0  0.00  0.00      CARD B.3
                0.00  0.00 90.00  0.00  0.00  0.00-55.00-65.00  0.00 0 0 0 0 0 0
 LE  Y  12  -4  0.00  0.00  0.14  0.00  0.00 -0.16   0  0.00  0.00      CARD B.3
               90.00  0.00  0.00 90.00  0.00  0.00  8.00 70.00  0.00 0 0 0 0 0 0
 RS  P   3  -4  0.00  0.19 -0.09  0.00  0.00 -0.12   0  0.00  0.00      CARD B.3
                0.00  0.00-90.00  0.00  0.00  0.00 55.00 65.00  0.00 0 0 0 0 0 0
 RE  R  14  -4  0.00  0.00  0.14  0.00  0.00 -0.16   0  0.00  0.00      CARD B.3
               90.00  0.00  0.00 90.00  0.00  0.00 -8.00 70.00  0.00 0 0 0 0 0 0
  5.65  0.00  0.00  0.00       90.00  3.88  0.00  0.00  0.00      170.00CARD B.4
  5.65  0.00  0.00  0.00       90.00  3.88  0.00  0.00  0.00      170.00CARD B.4
  3.53  0.00  0.00  0.00       90.00  1.69  0.00  0.00  0.00      170.00CARD B.4
  3.53  0.00  0.00  0.00       90.00  1.69  0.00  0.00  0.00      170.00CARD B.4
  0.85  8.47  8.47  0.00       77.00  0.85  8.47  8.47  0.00       35.00CARD B.4
  1.81 18.08 18.08  0.00       60.00  0.00-90.00  0.00                          
  0.00  1.13  1.13  0.00       53.00  0.00  0.00  0.00  0.00        0.00CARD B.4
  0.11  1.13  1.13  0.00       26.00  0.11  1.13  1.13  0.00       42.00CARD B.4
  0.00  0.00  0.00  0.00        0.00  0.00  0.00  0.00                          
  0.85  8.47  8.47  0.00       77.00  0.85  8.47  8.47  0.00       35.00CARD B.4
  1.81 18.08 18.08  0.00       60.00  0.00 90.00  0.00                          
  0.00  1.13  1.13  0.00       53.00  0.00  0.00  0.00  0.00        0.00CARD B.4
  0.11  1.13  1.13  0.00       26.00  0.11  1.13  1.13  0.00       42.00CARD B.4
  0.00  0.00  0.00  0.00        0.00  0.00  0.00  0.00                          
  0.00 11.30 11.30  0.00      125.00  0.00 11.30 11.30  0.00       60.00CARD B.4
  0.00  0.00  0.00  0.00        0.00  0.00-90.00  0.00                          
  0.00  2.26  2.26  0.00       52.00  0.56  5.65  5.65  0.00       70.00CARD B.4
  0.00  0.00  0.00  0.00        0.00  0.00 90.00  0.00                          
  0.00 11.30 11.30  0.00      125.00  0.00 11.30 11.30  0.00       60.00CARD B.4
  0.00  0.00  0.00  0.00        0.00  0.00 90.00  0.00                          
  0.00  2.26  2.26  0.00       52.00  0.56  5.65  5.65  0.00       70.00CARD B.4
  0.00  0.00  0.00  0.00        0.00  0.00 90.00  0.00                          
 0.136   14.   30.   56.    0.                      0.    0.            CARD B.5
 0.136   14.   30.   34.    0.                      0.    0.            CARD B.5
 0.017   11.   30.    2.    0.                      0.    0.            CARD B.5
 0.017   11.   30.    1.    0.                      0.    0.            CARD B.5
 0.113   11.   30.   17.    0.                      0.    0.            CARD B.5
 0.113   23.   30.    0.    1.                      0.    0.            CARD B.5
 0.113   11.   30.   17.    0.                      0.    0.            CARD B.5
 0.113    2.   30.    3.    0.                      0.    0.            CARD B.5
 0.056    2.   30.    3.    0.                      0.    0.            CARD B.5
 0.056    2.   30.    0.    1.                      0.    0.            CARD B.5
 0.000    0.   30.    0.    0.                      0.    0.            CARD B.5
 0.113   11.   30.   17.    0.                      0.    0.            CARD B.5
 0.113   23.   30.    0.    1.                      0.    0.            CARD B.5
 0.113   11.   30.   17.    0.                      0.    0.            CARD B.5
 0.113    2.   30.    3.    0.                      0.    0.            CARD B.5
 0.056    2.   30.    3.    0.                      0.    0.            CARD B.5
 0.056    2.   30.    0.    1.                      0.    0.            CARD B.5
 0.000    0.   30.    0.    0.                      0.    0.            CARD B.5
 0.011    6.   30.   11.    0.                      0.    0.            CARD B.5
 0.011    6.   30.    0.    1.                      0.    0.            CARD B.5
 0.000    0.   30.    0.    0.                      0.    0.            CARD B.5
 0.011    2.   30.    3.    0.                      0.    0.            CARD B.5
 0.011    2.   30.    0.    1.                      0.    0.            CARD B.5
 0.000    0.   30.    0.    0.                      0.    0.            CARD B.5
 0.011    6.   30.   11.    0.                      0.    0.            CARD B.5
 0.011    6.   30.    0.    1.                      0.    0.            CARD B.5
 0.000    0.   30.    0.    0.                      0.    0.            CARD B.5
 0.011    2.   30.    3.    0.                      0.    0.            CARD B.5
 0.011    2.   30.    0.    1.                      0.    0.            CARD B.5
 0.000    0.   30.    0.    0.                      0.    0.            CARD B.5
XXXXXXXXXXXXXXXXXXXXXXXXXXXXXXXXXXXXXXXXXXXXXXXX     0XXXXXX            CARD D.1
 999                                                                    CARD E.1
                                                                        CARD F.4
302 'STANDING HYBRID III DUMMY (50%)'                                   TITLE
    17    16        STANDING HYBRID III                                 CARD B.1
 LT  521.9120.80190.61820.4678 4.725 7.185 4.800  0.00  0.00  0.00   1  CARD B.2
              0.00-43.00 180.0                                                  
 MT  4 2.6610.01960.01960.0083 4.775 6.500 4.000  1.00  0.00 -1.00   1  CARD B.2
              0.00  0.00 180.0                                                  
 UT  339.2162.62032.05171.7336 4.825 6.500 7.785  0.00  0.00  0.00   1  CARD B.2
              0.00  4.99 180.0                                                  
 N   2 2.6680.02540.02570.0084 1.675 1.675 3.000  0.00  0.00  0.00   1  CARD B.2
              0.00  0.00 180.0                                                  
 H   1 9.9210.14080.21280.1956 4.250 2.875 4.000  0.00  0.00  0.00   1  CARD B.2
              0.00-26.58 180.0                                                  
 RUL 619.9841.44941.49680.1989 2.950 3.050 7.285  0.00  0.00  2.30   1  CARD B.2
             11.82  5.69-172.7                                                  
 RLL 7 7.2370.67080.67450.0397 2.165 2.050 9.750  0.00  0.00  2.00   1  CARD B.2
              0.00 -1.90 180.0                                                  
 RF  8 2.7560.00670.05240.0491 4.900 1.675 1.675  0.00  0.00  0.00   1  CARD B.2
              0.96 -9.57 158.2                                                  
 LUL 919.9841.44941.49680.1989 2.950 3.050 7.285  0.00  0.00  2.30   1  CARD B.2
            -11.82  5.69 172.7                                                  
 LLL 0 7.2370.67080.67450.0397 2.165 2.050 9.750  0.00  0.00  2.00   1  CARD B.2
              0.0  -1.90 180.0                                                  
 LF  1 2.7560.00670.05240.0491 4.900 1.675 1.675  0.00  0.00  0.00   1  CARD B.2
             -0.96 -9.57-158.2                                                  
 RUA 2 4.5970.10240.09970.0109 1.900 1.800 6.000  0.00  0.00 -1.00   1  CARD B.2
              0.00 -1.31 180.0                                                  
 RLA 3 3.8000.11910.11280.0069 1.775 1.775 5.800  0.00  0.00  0.00   1  CARD B.2
              0.0  -1.31 180.0                                                  
 LUA 4 4.5970.10240.09970.0109 1.900 1.800 6.000  0.00  0.00 -1.00   1  CARD B.2
              0.00 -1.31 180.0                                                  
 LLA 5 3.8000.11910.11280.0069 1.775 1.775 5.800  0.00  0.00  0.00   1  CARD B.2
              0.0  -1.31 180.0                                                  
RHD  6 1.2900.01140.00930.0036 1.000 1.870 3.650  0.00  0.00  0.00   1  CARD B.2
             -5.35 30.75 173.5                                                  
LHD  7 1.2900.01140.00930.0036 1.000 1.870 3.650  0.00  0.00  0.00   1  CARD B.2
              5.35 30.75-173.5                                                  
  P  M   1   0 -2.50  0.00 -1.08 -0.89  0.00  2.56                      CARD B.3
                0.00  0.00  0.00  0.00  0.00  0.00                              
  W  N   2   0  0.00  0.00 -2.56 -0.89  0.00  5.85                      CARD B.3
                0.00  0.00  0.00  0.00  0.00  0.00                              
  NP O   3   0  0.00  0.00 -5.96  0.00  0.00  2.76                      CARD B.3
                0.00  0.00  0.00  0.00  0.00  0.00                              
  HP P   4   0  0.00  0.00 -2.84 -0.55  0.00  2.00                      CARD B.3
                0.00 00.00  0.00  0.00  0.00  0.00                              
  RH Q   1   0  0.00  3.28  2.04 -0.24  0.00 -7.23                      CARD B.3
                0.00  0.00  0.00  0.00  0.00  0.00                              
  RK R   6   1 -0.24  0.00  8.90 -0.20  0.00 -6.74                      CARD B.3
                0.00  0.00  0.00  0.00 55.00  0.00                              
  RA S   7  -8 -0.20  0.00  9.65 -2.12  0.00 -1.54                      CARD B.3
               90.00  0.00  0.00 90.00  0.00  0.00  0.00-10.00  0.00            
  LH T   1   0  0.00 -3.28  2.04 -0.24  0.00 -7.23                      CARD B.3
                0.00  0.00  0.00  0.00  0.00  0.00                              
  LK U   9   1 -0.24  0.00  8.90 -0.20  0.00 -6.74                      CARD B.3
                0.00  0.00  0.00  0.00 55.00  0.00                              
  LA V  10  -8 -0.20  0.00  9.65 -2.12  0.00 -1.54                      CARD B.3
               90.00  0.00  0.00 90.00  0.00  0.00  0.00-10.00  0.00            
  RS W   3   0 -0.88  7.38 -2.66  0.00  0.00 -5.43                      CARD B.3
                0.00 90.00  0.00  0.00  0.00  0.00                              
  RE X  12  -8  0.00  0.00  4.94  0.00  0.00 -3.67                      CARD B.3
               90.00  0.00  0.00 90.00  0.00  0.00  0.00 62.50  0.00            
  LS Y   3   0 -0.88 -7.38 -2.66  0.00  0.00 -5.43                      CARD B.3
                0.00 90.00  0.00  0.00  0.00  0.00                              
  LE Z  14  -8  0.00  0.00  4.94  0.00  0.00 -3.67                      CARD B.3
               90.00  0.00  0.00 90.00  0.00  0.00  0.00 62.50  0.00            
  RW    13  -8  0.00  0.00  6.07 -0.30  0.00 -2.13                      CARD B.3
               90.00  0.00  0.00 90.00  0.00  0.00  0.00 15.00  0.00            
  LW    15  -8  0.00  0.00  6.07 -0.30  0.00 -2.13                      CARD B.3
               90.00  0.00  0.00 90.00  0.00  0.00  0.00 15.00  0.00            
   -45   0.0   0.0   1.0         0.0 34.38   0.0   0.0   1.0         0.0CARD B4A
   -45   0.0   0.0   1.0         0.0 34.38   0.0   0.0   1.0         0.0CARD B4B
   -46   0.0   0.0   1.0         0.0  15.0   0.0   0.0   1.0         0.0CARD B4C
   -47   0.0   0.0   1.0         0.0  15.0   0.0   0.0   1.0         0.0CARD B4D
   -43   0.0   0.0   1.0         0.0   7.5  75.0  75.0   1.0        55.0CARD B4E
   0.0  2.32   0.0   1.0        48.9   0.0   0.0   0.0   1.0         0.0CARD B4F
   1.0  10.0  10.0   1.0        27.0   0.0  6.69   0.0   1.0        30.0CARD B4G
   0.0   0.0   0.0   1.0         0.0   0.0   0.0   0.0                          
   -44   0.0   0.0   1.0         0.0   7.5  75.0  75.0   1.0        55.0CARD B4H
   0.0  2.32   0.0   1.0        48.9   0.0   0.0   0.0   1.0         0.0CARD B4I
   1.0  10.0  10.0   1.0        27.0   0.0  6.69   0.0   1.0        30.0CARD B4J
   0.0   0.0   0.0   1.0         0.0   0.0   0.0   0.0                          
   -41   0.0   0.0   1.0         0.0   0.0 100.0 100.0   1.0       125.0CARD B4K
   0.0  20.0  20.0   1.0        52.0   0.0  4.65   0.0   1.0       65.30CARD B4L
   0.0   0.0   0.0   1.0         0.0   0.0  90.0   0.0                          
   -42   0.0   0.0   1.0         0.0   0.0 100.0 100.0   1.0       125.0CARD B4M
   0.0  20.0  20.0   1.0        52.0   0.0  4.65   0.0   1.0       65.30CARD B4N
   0.0   0.0   0.0   1.0         0.0   0.0  90.0   0.0                          
   0.0   0.0   0.0   1.0         0.0   0.0  4.32 0.143   1.0        55.5CARD B4O
   0.0   0.0   0.0   1.0         0.0   0.0   0.0   0.0                          
   0.0   0.0   0.0   1.0         0.0   0.0  4.32 0.143   1.0        55.5CARD B4P
   0.0   0.0   0.0   1.0         0.0   0.0   0.0   0.0                          
 1.200         30.                                                      CARD B5A
 1.200         30.                                                      CARD B5B
 0.350         30.                                                      CARD B5C
 0.192         30.                                                      CARD B5D
 1.000         30.                                                      CARD B5E
 1.000         30.                                                      CARD B5F
 0.500         30.                                                      CARD B5G
 0.500         30.                                                      CARD B5G
 0.000         30.                                                      CARD B5G
 1.000         30.                                                      CARD B5H
 1.000         30.                                                      CARD B5I
 0.500         30.                                                      CARD B5J
 0.500         30.                                                      CARD B5J
 0.000         30.                                                      CARD B5J
 0.100         30.                                                      CARD B5K
 0.100         30.                                                      CARD B5L
 0.100         30.                                                      CARD B5L
 0.000         30.                                                      CARD B5L
 0.100         30.                                                      CARD B5M
 0.100         30.                                                      CARD B5N
 0.100         30.                                                      CARD B5N
 0.000         30.                                                      CARD B5N
 0.500         30.                                                      CARD B5O
 0.500         30.                                                      CARD B5O
 0.000         30.                                                      CARD B5O
 0.500         30.                                                      CARD B5P
 0.500         30.                                                      CARD B5P
 0.000         30.                                                      CARD B5P
XXXXXXXXXXXXXXXXXXXXXXXXXXXXXXXXXXXXXXXXXXXXXXXX     7XXXXXX            CARD D1
   1    HEAD SURFACE                                                    CARD E1 
          0.        0.71       -0.80          0.          0.            CARD E2 
        2.57     -175.98     4495.67    -8953.11     6029.59            CARD E3 
     3                                                                  CARD E4A
        0.71        358.        0.75       3580.        0.80      35800.CARD E4B
   2    BACK OF SHOULDER                                                CARD E1 
          0.        1.62       -1.70          0.          0.            CARD E2 
        0.01      -26.59      380.91     -678.22      456.53            CARD E3 
     3                                                                  CARD E4A
        1.62        48.3        1.65        483.        1.70       4830.CARD E4B
   3    CHEST                                                           CARD E1 
          0.        1.31       -1.40          0.          0.            CARD E2 
        0.55        5.46       73.49      -15.01                        CARD E3 
     3                                                                  CARD E4A
        1.31       158.6        1.35       1586.        1.40      15860.CARD E4B
   4    ANTERIOR PELVIS                                                 CARD E1 
          0.        2.02       -2.10          0.          0.            CARD E2 
       -0.14        1.58       24.39      -29.33       13.76            CARD E3 
     3                                                                  CARD E4A
        2.02        89.7        2.05        897.        2.10       8970.CARD E4B
   5    POSTERIOR PELVIS                                                CARD E1 
          0.        1.96       -2.10          0.          0.            CARD E2 
       -0.76       35.10       40.04      -12.49                        CARD E3 
     3                                                                  CARD E4A
        1.96       127.8        2.03       1278.        2.10      12780.CARD E4B
   6    UPPER ARM                                                       CARD E1 
          0.        0.89       -1.00          0.          0.            CARD E2 
        1.54      -30.63      627.09    -1197.70      917.23            CARD E3 
     3                                                                  CARD E4A
        0.89       203.1        0.95       2031.        1.00      20310.CARD E4B
   7    FOREARM                                                         CARD E1 
          0.        1.31       -1.40          0.          0.            CARD E2 
       -2.40      107.37     -313.36      504.61     -196.37            CARD E3 
     3                                                                  CARD E4A
        1.31       156.2        1.35       1562.        1.40      15620.CARD E4B
   8    HAND                                                            CARD E1 
          0.        0.38       -0.45          0.          0.            CARD E2 
       -0.04      -31.04     2384.47   -10193.90    19172.50            CARD E3 
     3                                                                  CARD E4A
        0.38       139.4        0.41       1394.        0.45      13940.CARD E4B
   9    UPPER LEG                                                       CARD E1 
          0.        1.31       -1.40          0.          0.            CARD E2 
       -0.28       14.19       81.94     -122.62       98.73      -29.09CARD E3 
     3                                                                  CARD E4A
        1.31        61.6        1.35        616.        1.40       6160.CARD E4B
  10    KNEE                                                            CARD E1 
          0.        0.54       -0.58          0.          0.            CARD E2 
       -0.04        2.22      867.34     -401.61                        CARD E3 
     3                                                                  CARD E4A
        0.54       187.8        0.56       1878.        0.58      18780.CARD E4B
  11    FRONT OF LOWER LEG                                              CARD E1 
          0.        1.78       -1.90          0.          0.            CARD E2 
       -0.74       26.79        3.92       29.05                        CARD E3 
     3                                                                  CARD E4A
        1.78       223.6        1.84       2236.        1.90      22360.CARD E4B
  12    BACK OF LOWER LEG                                               CARD E1 
          0.        1.66       -1.75          0.          0.            CARD E2 
       -0.08       29.42       -2.08                                    CARD E3 
     3                                                                  CARD E4A
        1.66        43.2        1.70        432.        1.75       4320.CARD E4B
  13    FOOT                                                            CARD E1 
          0.        0.83       -0.95          0.          0.            CARD E2 
       -0.68       82.75     -704.17     3367.10    -5570.69     3188.30CARD E3 
     3                                                                  CARD E4A
        0.83       121.2        0.89       1212.        0.95      12120.CARD E4B
999                                                                     CARD E1 
  41    RIGHT SHOULDER JOINT                                            CARD E7A
                                                                        CARD E7B
    -4     8                                                            CARD E7C
       151.0         0.0     87900.0         0.0                        CARD E7D
        75.0         0.0     13700.0         0.0                        CARD E7E
         0.0         0.0      -312.0     11800.0                        CARD E7F
        66.0         0.0      7780.0   3010000.0                        CARD E7G
        68.0         0.0     22200.0    376000.0                        CARD E7H
        89.0         0.0     22000.0         0.0                        CARD E7I
       111.0         0.0      2470.0     17600.0                        CARD E7J
       153.0         0.0     13000.0         0.0                        CARD E7K
  42    LEFT SHOULDER JOINT                                             CARD E7A
                                                                        CARD E7B
    -4     8                                                            CARD E7C
       151.0         0.0     87900.0         0.0                        CARD E7D
       153.0         0.0     13000.0         0.0                        CARD E7E
       111.0         0.0      2470.0     17600.0                        CARD E7F
        89.0         0.0     22000.0         0.0                        CARD E7G
        68.0         0.0     22200.0    376000.0                        CARD E7H
        66.0         0.0      7780.0   3010000.0                        CARD E7I
         0.0         0.0      -312.0     11800.0                        CARD E7J
        75.0         0.0     13700.0         0.0                        CARD E7K
  43    STANDING RIGHT HIP                                              CARD E7A
                                                                        CARD E7B
    19     4                                                            CARD E7C
         0.0         2.0         7.0        21.0        49.0       105.0CARD E7D
       217.0       441.0       889.0      1790.0      3580.0      7160.0CARD E7E
     14300.0     28700.0     57300.0    115000.0    229000.0    459000.0CARD E7F
    917000.0                                                            CARD E7G
         0.0         5.0        11.0        22.0        39.0        73.0CARD E7H
       141.0       277.0       549.0      1090.0      2180.0      4360.0CARD E7I
      8710.0     17400.0     34800.0     69600.0    139000.0    279000.0CARD E7J
    557000.0                                                            CARD E7K
         0.0         1.0         2.0         3.0         5.0         7.0CARD E7L
        10.0        13.0        17.0        22.0        27.0        32.0CARD E7M
        38.0        46.0        62.0        94.0       158.0       286.0CARD E7N
       542.0                                                            CARD E7O
         0.0         1.0         3.0         4.0         6.0         8.0CARD E7P
         9.0        10.0        18.0        34.0        66.0       130.0CARD E7Q
       258.0       514.0      1030.0      2050.0      4100.0      8190.0CARD E7R
     16400.0                                                            CARD E7S
  44    STANDING LEFT HIP                                               CARD E7A
                                                                        CARD E7B
    19     4                                                            CARD E7C
         0.0         2.0         7.0        21.0        49.0       105.0CARD E7D
       217.0       441.0       889.0      1790.0      3580.0      7160.0CARD E7E
     14300.0     28700.0     57300.0    115000.0    229000.0    459000.0CARD E7F
    917000.0                                                            CARD E7G
         0.0         1.0         3.0         4.0         6.0         8.0CARD E7H
         9.0        10.0        18.0        34.0        66.0       130.0CARD E7I
       258.0       514.0      1030.0      2050.0      4100.0      8190.0CARD E7J
     16400.0                                                            CARD E7K
         0.0         1.0         2.0         3.0         5.0         7.0CARD E7L
        10.0        13.0        17.0        22.0        27.0        32.0CARD E7M
        38.0        46.0        62.0        94.0       158.0       286.0CARD E7N
       542.0                                                            CARD E7O
         0.0         5.0        11.0        22.0        39.0        73.0CARD E7P
       141.0       277.0       549.0      1090.0      2180.0      4360.0CARD E7Q
      8710.0     17400.0     34800.0     69600.0    139000.0    279000.0CARD E7R
    557000.0                                                            CARD E7S
  45    STANDING LUMBAR SPINE                                           CARD E7A
                                                                        CARD E7B
    19     4                                                            CARD E7C
         0.0      1200.0      2400.0      3600.0      4800.0      6000.0CARD E7D
      7200.0      8400.0      9600.0     10800.0     13200.0     18000.0CARD E7E
     27600.0     46800.0     85200.0    162000.0    314600.0    622800.0CARD E7F
   1237200.0                                                            CARD E7G
         0.0      1200.0      2400.0      3600.0      4800.0      6000.0CARD E7H
      7200.0      8400.0      9600.0     10800.0     13200.0     18000.0CARD E7I
     27600.0     46800.0     85200.0    162000.0    314600.0    622800.0CARD E7J
   1237200.0                                                            CARD E7K
         0.0       960.0      1920.0      2880.0      3840.0      4800.0CARD E7L
      5760.0      6720.0      7680.0      8640.0     10560.0     14400.0CARD E7M
     22080.0     37440.0     68160.0    129600.0    252480.0    498240.0CARD E7N
    989760.0                                                            CARD E7O
         0.0      1200.0      2400.0      3600.0      4800.0      6000.0CARD E7P
      7200.0      8400.0      9600.0     10800.0     13200.0     18000.0CARD E7Q
     27600.0     46800.0     85200.0    162000.0    314600.0    622800.0CARD E7R
   7010800.0                                                            CARD E7S
  46    NECK PIVOT                                                      CARD E7A
                                                                        CARD E7B
    19     4                                                            CARD E7C
         0.0       700.0      1400.0      2100.0      2800.0      3500.0CARD E7D
      4200.0      4900.0      5600.0      6300.0      7000.0      7700.0CARD E7E
      8400.0      9800.0     12600.0     18200.0     29400.0     51800.0CARD E7F
     96600.0                                                            CARD E7G
         0.0       600.0      1200.0      1800.0      2400.0      3000.0CARD E7H
      3600.0      4200.0      4800.0      5400.0      6000.0      6600.0CARD E7I
      7200.0      8400.0     10800.0     15600.0     25200.0     44400.0CARD E7J
     82800.0                                                            CARD E7K
         0.0       300.0       600.0       900.0      1200.0      1500.0CARD E7L
      1800.0      2100.0      2400.0      2700.0      3000.0      3300.0CARD E7M
      3600.0      4200.0      5400.0      7800.0     12600.0     22200.0CARD E7N
     41400.0                                                            CARD E7O
         0.0       600.0      1200.0      1800.0      2400.0      3000.0CARD E7P
      3600.0      4200.0      4800.0      5400.0      6000.0      6600.0CARD E7Q
      7200.0      8400.0     10800.0     15600.0     25200.0     44400.0CARD E7R
     82800.0                                                            CARD E7S
  47    HEAD PIVOT                                                      CARD E7A
                                                                        CARD E7B
    19     4                                                            CARD E7C
         0.0       490.0       980.0      1680.0      2380.0      3080.0CARD E7D
      3780.0      4480.0      5180.0      5880.0      6580.0      7280.0CARD E7E
      7980.0      9380.0     12180.0     17780.0     28980.0     51380.0CARD E7F
     96180.0                                                            CARD E7G
         0.0       600.0      1200.0      1800.0      2400.0      3000.0CARD E7H
      3600.0      4200.0      4800.0      5400.0      6000.0      6600.0CARD E7I
      7200.0      8400.0     10800.0     15600.0     25200.0     44400.0CARD E7J
     82800.0                                                            CARD E7K
         0.0       250.0       500.0       800.0      1100.0      1400.0CARD E7L
      1700.0      2000.0      2300.0      2600.0      2900.0      3200.0CARD E7M
      3500.0      4100.0      5300.0      7700.0     12500.0     22100.0CARD E7N
     41300.0                                                            CARD E7O
         0.0       600.0      1200.0      1800.0      2400.0      3000.0CARD E7P
      3600.0      4200.0      4800.0      5400.0      6000.0      6600.0CARD E7Q
      7200.0      8400.0     10800.0     15600.0     25200.0     44400.0CARD E7R
     82800.0                                                            CARD E7S
                                                                        CARD F4A
302 'STANDING HYBRID III DUMMY (50%)'                                   TITLE   
    17    16        STANDING HYBRID III                                 CARD B.1
 LT  5 97.470.09060.06980.0529 0.120 0.182 0.122 0.000 0.000 0.000   1  CARD B.2
              0.00-43.00 180.0                                                  
 MT  4 11.840.00220.00220.0009 0.121 0.165 0.102 0.025 0.000-0.025   1  CARD B.2
              0.00  0.00 180.0                                                  
 UT  3174.450.29610.23180.1959 0.123 0.165 0.198 0.000 0.000 0.000   1  CARD B.2
              0.00  4.99 180.0                                                  
 N   2 11.870.00290.00290.0009 0.043 0.043 0.076 0.000 0.000 0.000   1  CARD B.2
              0.00  0.00 180.0                                                  
 H   1 44.130.01590.02400.0221 0.108 0.073 0.102 0.000 0.000 0.000   1  CARD B.2
              0.00-26.58 180.0                                                  
 RUL 6 88.900.16380.16910.0225 0.075 0.077 0.185 0.000 0.000 0.058   1  CARD B.2
             11.82  5.69-172.7                                                
 RLL 7 32.190.07580.07620.0045 0.055 0.052 0.248 0.000 0.000 0.051   1  CARD B.2
              0.00 -1.90 180.0                                                  
 RF  8 12.260.00080.00590.0055 0.124 0.043 0.043 0.000 0.000 0.000   1  CARD B.2
              0.96 -9.57 158.2                                                  
 LUL 9 88.900.16380.16910.0225 0.075 0.077 0.185 0.000 0.000 0.058   1  CARD B.2
            -11.82  5.69 172.7                                                  
 LLL 0 32.190.07580.07620.0045 0.055 0.052 0.248 0.000 0.000 0.051   1  CARD B.2
              0.00 -1.90 180.0                                                  
 LF  1 12.260.00080.00590.0055 0.124 0.043 0.043 0.000 0.000 0.000   1  CARD B.2
             -0.96 -9.57-158.2                                                  
 RUA 2 20.450.01160.01130.0012 0.048 0.046 0.152 0.000 0.000-0.025   1  CARD B.2
              0.00 -1.31 180.0                                                  
 RLA 3 16.900.01350.01270.0008 0.045 0.045 0.147 0.000 0.000 0.000   1  CARD B.2
              0.00 -1.31 180.0                                                  
 LUA 4 20.450.01160.01130.0012 0.048 0.046 0.152 0.000 0.000-0.025   1  CARD B.2
              0.00 -1.31 180.0                                                  
 LLA 5 16.900.01350.01270.0008 0.045 0.045 0.147 0.000 0.000 0.000   1  CARD B.2
              0.00 -1.31 180.0                                                  
RHD  6  5.740.00130.00110.0004 0.025 0.047 0.093 0.000 0.000 0.000   1  CARD B.2
             -5.35 30.75 173.5                                                  
LHD  7  5.740.00130.00110.0004 0.025 0.047 0.093 0.000 0.000 0.000   1  CARD B.2
              5.35 30.75-173.5                                                  
  P  M   1   0 -0.06  0.00 -0.03 -0.02  0.00  0.07   0  0.00  0.00      CARD B.3
                0.00  0.00  0.00  0.00  0.00  0.00  0.00  0.00  0.00 0 0 0 0 0 0
  W  N   2   0  0.00  0.00 -0.07 -0.02  0.00  0.15   0  0.00  0.00      CARD B.3
                0.00  0.00  0.00  0.00  0.00  0.00  0.00  0.00  0.00 0 0 0 0 0 0
  NP O   3   0  0.00  0.00 -0.15  0.00  0.00  0.07   0  0.00  0.00      CARD B.3
                0.00  0.00  0.00  0.00  0.00  0.00  0.00  0.00  0.00 0 0 0 0 0 0
  HP P   4   0  0.00  0.00 -0.07 -0.01  0.00  0.05   0  0.00  0.00      CARD B.3
                0.00  0.00  0.00  0.00  0.00  0.00  0.00  0.00  0.00 0 0 0 0 0 0
  RH Q   1   0  0.00  0.08  0.05 -0.01  0.00 -0.18   0  0.00  0.00      CARD B.3
                0.00  0.00  0.00  0.00  0.00  0.00  0.00  0.00  0.00 0 0 0 0 0 0
  RK R   6   1 -0.01  0.00  0.23 -0.01  0.00 -0.17   0  0.00  0.00      CARD B.3
                0.00  0.00  0.00  0.00 55.00  0.00  0.00  0.00  0.00 0 0 0 0 0 0
  RA S   7  -8 -0.01  0.00  0.25 -0.05  0.00 -0.04   0  0.00  0.00      CARD B.3
               90.00  0.00  0.00 90.00  0.00  0.00  0.00-10.00  0.00 0 0 0 0 0 0
  LH T   1   0  0.00 -0.08  0.05 -0.01  0.00 -0.18   0  0.00  0.00      CARD B.3
                0.00  0.00  0.00  0.00  0.00  0.00  0.00  0.00  0.00 0 0 0 0 0 0
  LK U   9   1 -0.01  0.00  0.23 -0.01  0.00 -0.17   0  0.00  0.00      CARD B.3
                0.00  0.00  0.00  0.00 55.00  0.00  0.00  0.00  0.00 0 0 0 0 0 0
  LA V  10  -8 -0.01  0.00  0.25 -0.05  0.00 -0.04   0  0.00  0.00      CARD B.3
               90.00  0.00  0.00 90.00  0.00  0.00  0.00-10.00  0.00 0 0 0 0 0 0
  RS W   3   0 -0.02  0.19 -0.07  0.00  0.00 -0.14   0  0.00  0.00      CARD B.3
                0.00 90.00  0.00  0.00  0.00  0.00  0.00  0.00  0.00 0 0 0 0 0 0
  RE X  12  -8  0.00  0.00  0.13  0.00  0.00 -0.09   0  0.00  0.00      CARD B.3
               90.00  0.00  0.00 90.00  0.00  0.00  0.00 62.50  0.00 0 0 0 0 0 0
  LS Y   3   0 -0.02 -0.19 -0.07  0.00  0.00 -0.14   0  0.00  0.00      CARD B.3
                0.00 90.00  0.00  0.00  0.00  0.00  0.00  0.00  0.00 0 0 0 0 0 0
  LE Z  14  -8  0.00  0.00  0.13  0.00  0.00 -0.09   0  0.00  0.00      CARD B.3
               90.00  0.00  0.00 90.00  0.00  0.00  0.00 62.50  0.00 0 0 0 0 0 0
  RW    13  -8  0.00  0.00  0.15 -0.01  0.00 -0.05   0  0.00  0.00      CARD B.3
               90.00  0.00  0.00 90.00  0.00  0.00  0.00 15.00  0.00 0 0 0 0 0 0
  LW    15  -8  0.00  0.00  0.15 -0.01  0.00 -0.05   0  0.00  0.00      CARD B.3
               90.00  0.00  0.00 90.00  0.00  0.00  0.00 15.00  0.00 0 0 0 0 0 0
   -45  0.00  0.00  1.00        0.00  3.88  0.00  0.00  1.00        0.00CARD B.4
   -45  0.00  0.00  1.00        0.00  3.88  0.00  0.00  1.00        0.00CARD B.4
   -46  0.00  0.00  1.00        0.00  1.69  0.00  0.00  1.00        0.00CARD B.4
   -47  0.00  0.00  1.00        0.00  1.69  0.00  0.00  1.00        0.00CARD B.4
   -43  0.00  0.00  1.00        0.00  0.85  8.47  8.47  1.00       55.00CARD B.4
  0.00  0.26  0.00  1.00       48.90  0.00  0.00  0.00  1.00        0.00CARD B.4
  0.11  1.13  1.13  1.00       27.00  0.00  0.76  0.00  1.00       30.00CARD B.4
  0.00  0.00  0.00  1.00        0.00  0.00  0.00  0.00                          
   -44  0.00  0.00  1.00        0.00  0.85  8.47  8.47  1.00       55.00CARD B.4
  0.00  0.26  0.00  1.00       48.90  0.00  0.00  0.00  1.00        0.00CARD B.4
  0.11  1.13  1.13  1.00       27.00  0.00  0.76  0.00  1.00       30.00CARD B.4
  0.00  0.00  0.00  1.00        0.00  0.00  0.00  0.00                          
   -41  0.00  0.00  1.00        0.00  0.00 11.30 11.30  1.00      125.00CARD B.4
  0.00  2.26  2.26  1.00       52.00  0.00  0.53  0.00  1.00       65.30CARD B.4
  0.00  0.00  0.00  1.00        0.00  0.00 90.00  0.00                          
   -42  0.00  0.00  1.00        0.00  0.00 11.30 11.30  1.00      125.00CARD B.4
  0.00  2.26  2.26  1.00       52.00  0.00  0.53  0.00  1.00       65.30CARD B.4
  0.00  0.00  0.00  1.00        0.00  0.00 90.00  0.00                          
  0.00  0.00  0.00  1.00        0.00  0.00  0.49  0.02  1.00       55.50CARD B.4
  0.00  0.00  0.00  1.00        0.00  0.00  0.00  0.00                          
  0.00  0.00  0.00  1.00        0.00  0.00  0.49  0.02  1.00       55.50CARD B.4
  0.00  0.00  0.00  1.00        0.00  0.00  0.00  0.00                          
 0.136    0.   30.    0.    0.                      0.    0.            CARD B.5
 0.136    0.   30.    0.    0.                      0.    0.            CARD B.5
 0.040    0.   30.    0.    0.                      0.    0.            CARD B.5
 0.022    0.   30.    0.    0.                      0.    0.            CARD B.5
 0.113    0.   30.    0.    0.                      0.    0.            CARD B.5
 0.113    0.   30.    0.    0.                      0.    0.            CARD B.5
 0.056    0.   30.    0.    0.                      0.    0.            CARD B.5
 0.056    0.   30.    0.    0.                      0.    0.            CARD B.5
 0.000    0.   30.    0.    0.                      0.    0.            CARD B.5
 0.113    0.   30.    0.    0.                      0.    0.            CARD B.5
 0.113    0.   30.    0.    0.                      0.    0.            CARD B.5
 0.056    0.   30.    0.    0.                      0.    0.            CARD B.5
 0.056    0.   30.    0.    0.                      0.    0.            CARD B.5
 0.000    0.   30.    0.    0.                      0.    0.            CARD B.5
 0.011    0.   30.    0.    0.                      0.    0.            CARD B.5
 0.011    0.   30.    0.    0.                      0.    0.            CARD B.5
 0.011    0.   30.    0.    0.                      0.    0.            CARD B.5
 0.000    0.   30.    0.    0.                      0.    0.            CARD B.5
 0.011    0.   30.    0.    0.                      0.    0.            CARD B.5
 0.011    0.   30.    0.    0.                      0.    0.            CARD B.5
 0.011    0.   30.    0.    0.                      0.    0.            CARD B.5
 0.000    0.   30.    0.    0.                      0.    0.            CARD B.5
 0.056    0.   30.    0.    0.                      0.    0.            CARD B.5
 0.056    0.   30.    0.    0.                      0.    0.            CARD B.5
 0.000    0.   30.    0.    0.                      0.    0.            CARD B.5
 0.056    0.   30.    0.    0.                      0.    0.            CARD B.5
 0.056    0.   30.    0.    0.                      0.    0.            CARD B.5
 0.000    0.   30.    0.    0.                      0.    0.            CARD B.5
XXXXXXXXXXXXXXXXXXXXXXXXXXXXXXXXXXXXXXXXXXXXXXXX     7XXXXXX            CARD D.1
   1    HEAD SURFACE                                                    CARD E.1
        0.00        0.02       -0.02        0.00        0.00            CARD E.2
 0.11432E+02-0.30820E+05 0.30998E+08-0.24304E+10 0.64440E+11 0.00000E+00CARD E.3
     3                                                                  CARD E.4
        0.02        9.09        0.02       90.93        0.02      909.32CARD E.4
   2    BACK OF SHOULDER                                                CARD E.1
        0.00        0.04       -0.04        0.00        0.00            CARD E.2
 0.44484E-01-0.46568E+04 0.26264E+07-0.18411E+09 0.48790E+10 0.00000E+00CARD E.3
     3                                                                  CARD E.4
        0.04        1.23        0.04       12.27        0.04      122.68CARD E.4
   3    CHEST                                                           CARD E.1
        0.00        0.03       -0.04        0.00        0.00            CARD E.2
 0.24466E+01 0.95623E+03 0.50671E+06-0.40746E+07 0.00000E+00 0.00000E+00CARD E.3
     3                                                                  CARD E.4
        0.03        4.03        0.03       40.28        0.04      402.84CARD E.4
   4    ANTERIOR PELVIS                                                 CARD E.1
        0.00        0.05       -0.05        0.00        0.00            CARD E.2
-0.62278E+00 0.27671E+03 0.16817E+06-0.79618E+07 0.14706E+09 0.00000E+00CARD E.3
     3                                                                  CARD E.4
        0.05        2.28        0.05       22.78        0.05      227.84CARD E.4
   5    POSTERIOR PELVIS                                                CARD E.1
        0.00        0.05       -0.05        0.00        0.00            CARD E.2
-0.33808E+01 0.61472E+04 0.27608E+06-0.33905E+07 0.00000E+00 0.00000E+00CARD E.3
     3                                                                  CARD E.4
        0.05        3.25        0.05       32.46        0.05      324.61CARD E.4
   6    UPPER ARM                                                       CARD E.1
        0.00        0.02       -0.03        0.00        0.00            CARD E.2
 0.68505E+01-0.53643E+04 0.43238E+07-0.32512E+09 0.98026E+10 0.00000E+00CARD E.3
     3                                                                  CARD E.4
        0.02        5.16        0.02       51.59        0.03      515.87CARD E.4
   7    FOREARM                                                         CARD E.1
        0.00        0.03       -0.04        0.00        0.00            CARD E.2
-0.10676E+02 0.18804E+05-0.21606E+07 0.13698E+09-0.20987E+10 0.00000E+00CARD E.3
     3                                                                  CARD E.4
        0.03        3.97        0.03       39.67        0.04      396.75CARD E.4
   8    HAND                                                            CARD E.1
        0.00        0.01       -0.01        0.00        0.00            CARD E.2
-0.17794E+00-0.54361E+04 0.16441E+08-0.27672E+10 0.20490E+12 0.00000E+00CARD E.3
     3                                                                  CARD E.4
        0.01        3.54        0.01       35.41        0.01      354.08CARD E.4
   9    UPPER LEG                                                       CARD E.1
        0.00        0.03       -0.04        0.00        0.00            CARD E.2
-0.12456E+01 0.24851E+04 0.56498E+06-0.33286E+08 0.10552E+10-0.12240E+11CARD E.3
     3                                                                  CARD E.4
        0.03        1.56        0.03       15.65        0.04      156.46CARD E.4
  10    KNEE                                                            CARD E.1
        0.00        0.01       -0.01        0.00        0.00            CARD E.2
-0.17794E+00 0.38880E+03 0.59803E+07-0.10902E+09 0.00000E+00 0.00000E+00CARD E.3
     3                                                                  CARD E.4
        0.01        4.77        0.01       47.70        0.01      477.01CARD E.4
  11    FRONT OF LOWER LEG                                              CARD E.1
        0.00        0.05       -0.05        0.00        0.00            CARD E.2
-0.32918E+01 0.46918E+04 0.27028E+05 0.78858E+07 0.00000E+00 0.00000E+00CARD E.3
     3                                                                  CARD E.4
        0.05        5.68        0.05       56.79        0.05      567.94CARD E.4
  12    BACK OF LOWER LEG                                               CARD E.1
        0.00        0.04       -0.04        0.00        0.00            CARD E.2
-0.35587E+00 0.51524E+04-0.14342E+05 0.00000E+00 0.00000E+00 0.00000E+00CARD E.3
     3                                                                  CARD E.4
        0.04        1.10        0.04       10.97        0.04      109.73CARD E.4
  13    FOOT                                                            CARD E.1
        0.00        0.02       -0.02        0.00        0.00            CARD E.2
-0.30249E+01 0.14492E+05-0.48553E+07 0.91402E+09-0.59535E+11 0.13415E+13CARD E.3
     3                                                                  CARD E.4
        0.02        3.08        0.02       30.78        0.02      307.85CARD E.4
999                                                                     CARD E.1
  41    RIGHT SHOULDER JOINT                                            CARD E.7

    -4     8                                                            CARD E.7
     151.000       0.000    9931.734       0.000                                
      75.000       0.000    1547.949       0.000                                
       0.000       0.000     -35.253    1333.270                                
      66.000       0.000     879.054  340096.900                                
      68.000       0.000    2508.356   42483.870                                
      89.000       0.000    2485.758       0.000                                
     111.000       0.000     279.083    1988.606                                
     153.000       0.000    1468.857       0.000                                
  42    LEFT SHOULDER JOINT                                             CARD E.7

    -4     8                                                            CARD E.7
     151.000       0.000    9931.734       0.000                                
     153.000       0.000    1468.857       0.000                                
     111.000       0.000     279.083    1988.606                                
      89.000       0.000    2485.758       0.000                                
      68.000       0.000    2508.356   42483.870                                
      66.000       0.000     879.054  340096.900                                
       0.000       0.000     -35.253    1333.270                                
      75.000       0.000    1547.949       0.000                                
  43    STANDING RIGHT HIP                                              CARD E.7

    19     4                                                            CARD E.7
       0.000       0.226       0.791       2.373       5.536      11.864CARD E.7
      24.519      49.828     100.447     202.250     404.501     809.001CARD E.7
    1615.743    3242.784    6474.270   12993.730   25874.480   51861.950CARD E.7
  103610.900                                                                    
       0.000       0.565       1.243       2.486       4.407       8.248CARD E.7
      15.931      31.298      62.031     123.158     246.316     492.632CARD E.7
     984.134    1966.009    3932.018    7864.035   15705.470   31523.930CARD E.7
   62934.880                                                                    
       0.000       0.113       0.226       0.339       0.565       0.791CARD E.7
       1.130       1.469       1.921       2.486       3.051       3.616CARD E.7
       4.294       5.197       7.005      10.621      17.852      32.315CARD E.7
      61.240                                                                    
       0.000       0.113       0.339       0.452       0.678       0.904CARD E.7
       1.017       1.130       2.034       3.842       7.457      14.689CARD E.7
      29.151      58.076     116.379     231.627     463.255     925.380CARD E.7
    1853.020                                                                    
  44    STANDING LEFT HIP                                               CARD E.7

    19     4                                                            CARD E.7
       0.000       0.226       0.791       2.373       5.536      11.864CARD E.7
      24.519      49.828     100.447     202.250     404.501     809.001CARD E.7
    1615.743    3242.784    6474.270   12993.730   25874.480   51861.950CARD E.7
  103610.900                                                                    
       0.000       0.113       0.339       0.452       0.678       0.904CARD E.7
       1.017       1.130       2.034       3.842       7.457      14.689CARD E.7
      29.151      58.076     116.379     231.627     463.255     925.380CARD E.7
    1853.020                                                                    
       0.000       0.113       0.226       0.339       0.565       0.791CARD E.7
       1.130       1.469       1.921       2.486       3.051       3.616CARD E.7
       4.294       5.197       7.005      10.621      17.852      32.315CARD E.7
      61.240                                                                    
       0.000       0.565       1.243       2.486       4.407       8.248CARD E.7
      15.931      31.298      62.031     123.158     246.316     492.632CARD E.7
     984.134    1966.009    3932.018    7864.035   15705.470   31523.930CARD E.7
   62934.880                                                                    
  45    STANDING LUMBAR SPIN                                            CARD E.7

    19     4                                                            CARD E.7
       0.000     135.587     271.174     406.760     542.347     677.934CARD E.7
     813.521     949.108    1084.695    1220.281    1491.455    2033.802CARD E.7
    3118.497    5287.887    9626.664   18304.220   35546.340   70369.560CARD E.7
  139790.000                                                                    
       0.000     135.587     271.174     406.760     542.347     677.934CARD E.7
     813.521     949.108    1084.695    1220.281    1491.455    2033.802CARD E.7
    3118.497    5287.887    9626.664   18304.220   35546.340   70369.560CARD E.7
  139790.000                                                                    
       0.000     108.469     216.939     325.408     433.878     542.347CARD E.7
     650.817     759.286     867.756     976.225    1193.164    1627.042CARD E.7
    2494.797    4230.309    7701.332   14643.380   28527.460   56295.640CARD E.7
  111832.000                                                                    
       0.000     135.587     271.174     406.760     542.347     677.934CARD E.7
     813.521     949.108    1084.695    1220.281    1491.455    2033.802CARD E.7
    3118.497    5287.887    9626.664   18304.220   35546.340   70369.560CARD E.7
  792143.300                                                                    
  46    NECK PIVOT                                                      CARD E.7

    19     4                                                            CARD E.7
       0.000      79.092     158.185     237.277     316.369     395.461CARD E.7
     474.554     553.646     632.739     711.831     790.923     870.015CARD E.7
     949.108    1107.292    1423.662    2056.400    3321.877    5852.832CARD E.7
   10914.740                                                                    
       0.000      67.793     135.587     203.380     271.174     338.967CARD E.7
     406.760     474.554     542.347     610.141     677.934     745.728CARD E.7
     813.521     949.108    1220.281    1762.628    2847.323    5016.711CARD E.7
    9355.488                                                                    
       0.000      33.897      67.793     101.690     135.587     169.484CARD E.7
     203.380     237.277     271.174     305.070     338.967     372.864CARD E.7
     406.760     474.554     610.141     881.314    1423.662    2508.356CARD E.7
    4677.746                                                                    
       0.000      67.793     135.587     203.380     271.174     338.967CARD E.7
     406.760     474.554     542.347     610.141     677.934     745.728CARD E.7
     813.521     949.108    1220.281    1762.628    2847.323    5016.711CARD E.7
    9355.488                                                                    
  47    HEAD PIVOT                                                      CARD E.7

    19     4                                                            CARD E.7
       0.000      55.365     110.729     189.822     268.914     348.006CARD E.7
     427.098     506.191     585.283     664.375     743.468     822.560CARD E.7
     901.652    1059.837    1376.206    2008.945    3274.421    5805.375CARD E.7
   10867.280                                                                    
       0.000      67.793     135.587     203.380     271.174     338.967CARD E.7
     406.760     474.554     542.347     610.141     677.934     745.728CARD E.7
     813.521     949.108    1220.281    1762.628    2847.323    5016.711CARD E.7
    9355.488                                                                    
       0.000      28.247      56.495      90.391     124.288     158.185CARD E.7
     192.081     225.978     259.875     293.771     327.668     361.565CARD E.7
     395.461     463.255     598.842     870.015    1412.363    2497.057CARD E.7
    4666.445                                                                    
       0.000      67.793     135.587     203.380     271.174     338.967CARD E.7
     406.760     474.554     542.347     610.141     677.934     745.728CARD E.7
     813.521     949.108    1220.281    1762.628    2847.323    5016.711CARD E.7
    9355.488                                                                    
   0   0   0   0   0   0   0   0   0   0   0   0   0   0   0   0   0   0CARD F.4
302 'SITTING HYBRID III DUMMY (50%)'                                    TITLE   
    17    16        SITTING HYBRID III                                   CARD B.
 LT  544.4602.45751.29691.2080 5.000 7.185 4.800 -1.00  0.00  0.00   1  CARD B.2
              0.00-37.32 180.0                                                  
 MT  4 4.8900.06120.05930.0205 4.775 6.500 4.000  1.00  0.00 -1.00   1  CARD B.2
              0.00  4.16 180.0                                                  
 UT  339.2162.62032.05171.7336 4.825 6.500 7.785  0.00  0.00  0.00   1  CARD B.2
              0.00  4.99 180.0                                                  
 N   2 2.6680.02540.02570.0084 1.675 1.675 3.000  0.00  0.00  0.00   1  CARD B.2
              0.00  0.00 180.0                                                  
 H   1 9.9210.14080.21280.1956 4.250 2.875 4.000  0.00  0.00  0.00   1  CARD B.2
              0.00-26.58 180.0                                                  
 RUL 613.7130.60920.59340.1068 2.950 3.050 7.285  0.00  0.00  0.00   1  CARD B.2
              0.00  4.13 180.0                                                  
 RLL 7 7.2370.67080.67450.0397 2.165 2.050 9.750  0.00  0.00  2.00   1  CARD B.2
              0.00 -1.90 180.0                                                  
 RF  8 2.7560.00670.05240.0491 4.900 1.675 1.675  0.00  0.00  0.00   1  CARD B.2
              0.96 -9.57 158.2                                                  
 LUL 913.7130.60920.59340.1068 2.950 3.050 7.285  0.00  0.00  0.00   1  CARD B.2
              0.00  4.13 180.0                                                  
 LLL 0 7.2370.67080.67450.0397 2.165 2.050 9.750  0.00  0.00  2.00   1  CARD B.2
              0.0  -1.90 180.0                                                  
 LF  1 2.7560.00670.05240.0491 4.900 1.675 1.675  0.00  0.00  0.00   1  CARD B.2
             -0.96 -9.57-158.2                                                  
 RUA 2 4.5970.10240.09970.0109 1.900 1.800 6.000  0.00  0.00 -1.00   1  CARD B.2
              0.00 -1.31 180.0                                                  
 RLA 3 3.8000.11910.11280.0069 1.775 1.775 5.800  0.00  0.00  0.00   1  CARD B.2
              0.0  -1.31 180.0                                                  
 LUA 4 4.5970.10240.09970.0109 1.900 1.800 6.000  0.00  0.00 -1.00   1  CARD B.2
              0.00 -1.31 180.0                                                  
 LLA 5 3.8000.11910.11280.0069 1.775 1.775 5.800  0.00  0.00  0.00   1  CARD B.2
              0.0  -1.31 180.0                                                  
 RHD 6 1.2900.01140.00930.0036 1.000 1.870 3.650  0.00  0.00  0.00   1  CARD B.2
             -5.35 30.75 173.5                                                  
 LHD 7 1.2900.01140.00930.0036 1.000 1.870 3.650  0.00  0.00  0.00   1  CARD B.2
              5.35 30.75-173.5                                                  
  P  M   1   0 -2.15  0.00 -1.66 -0.35  0.00  2.56                      CARD B.3
                0.00  0.00  0.00  0.00  0.00  0.00                              
  W  N   2   0 -0.35  0.00 -2.56 -0.89  0.00  5.85                      CARD B.3
                0.00  0.00  0.00  0.00  0.00  0.00                              
  NP O   3   0  0.00  0.00 -5.96  0.00  0.00  2.76                      CARD B.3
                0.00  0.00  0.00  0.00  0.00  0.00                              
  HP P   4   0  0.00  0.00 -2.84 -0.55  0.00  2.00                      CARD B.3
                0.00 00.00  0.00  0.00  0.00  0.00                              
  RH Q   1   0 -0.11  3.15  1.24  0.00  0.00 -9.96                      CARD B.3
                0.00 90.00  0.00  0.00  0.00  0.00                              
  RK R   6   1  0.00  0.00  6.56 -0.20  0.00 -6.74                      CARD B.3
                0.00  0.00  0.00  0.00 55.00  0.00                              
  RA S   7  -8 -0.20  0.00  9.65 -2.12  0.00 -1.54                      CARD B.3
               90.00  0.00  0.00 90.00  0.00  0.00  0.00-10.00  0.00            
  LH T   1   0 -0.11 -3.15  1.24  0.00  0.00 -9.96                      CARD B.3
                0.00 90.00  0.00  0.00  0.00  0.00                              
  LK U   9   1  0.00  0.00  6.56 -0.20  0.00 -6.74                      CARD B.3
                0.00  0.00  0.00  0.00 55.00  0.00                              
  LA V  10  -8 -0.20  0.00  9.65 -2.12  0.00 -1.54                      CARD B.3
               90.00  0.00  0.00 90.00  0.00  0.00  0.00-10.00  0.00            
  RS W   3   0 -0.88  7.38 -2.66  0.00  0.00 -5.43                      CARD B.3
                0.00 90.00  0.00  0.00  0.00  0.00                              
  RE X  12  -8  0.00  0.00  4.94  0.00  0.00 -3.67                      CARD B.3
               90.00  0.00  0.00 90.00  0.00  0.00  0.00 62.50  0.00            
  LS Y   3   0 -0.88 -7.38 -2.66  0.00  0.00 -5.43                      CARD B.3
                0.00 90.00  0.00  0.00  0.00  0.00                              
  LE Z  14  -8  0.00  0.00  4.94  0.00  0.00 -3.67                      CARD B.3
               90.00  0.00  0.00 90.00  0.00  0.00  0.00 62.50  0.00            
  RW    13  -8  0.00  0.00  6.07 -0.30  0.00 -2.13                      CARD B.3
               90.00  0.00  0.00 90.00  0.00  0.00  0.00 15.00  0.00            
  LW    15  -8  0.00  0.00  6.07 -0.30  0.00 -2.13                      CARD B.3
               90.00  0.00  0.00 90.00  0.00  0.00  0.00 15.00  0.00            
   -45   0.0   0.0   1.0         0.0 34.38   0.0   0.0   1.0         0.0CARD B4A
   -45   0.0   0.0   1.0         0.0 34.38   0.0   0.0   1.0         0.0CARD B4B
   -46   0.0   0.0   1.0         0.0  15.0   0.0   0.0   1.0         0.0CARD B4C
   -47   0.0   0.0   1.0         0.0  15.0   0.0   0.0   1.0         0.0CARD B4D
   -43   0.0   0.0   1.0         0.0   7.5  75.0  75.0   1.0        55.0CARD B4E
   0.0  2.32   0.0   1.0        48.9   0.0   0.0   0.0   1.0         0.0CARD B4F
   1.0  10.0  10.0   1.0        27.0   0.0  6.69   0.0   1.0        30.0CARD B4G
   0.0   0.0   0.0   1.0         0.0   0.0   0.0   0.0                          
   -44   0.0   0.0   1.0         0.0   7.5  75.0  75.0   1.0        55.0CARD B4H
   0.0  2.32   0.0   1.0        48.9   0.0   0.0   0.0   1.0         0.0CARD B4I
   1.0  10.0  10.0   1.0        27.0   0.0  6.69   0.0   1.0        30.0CARD B4J
   0.0   0.0   0.0   1.0         0.0   0.0   0.0   0.0                          
   -41   0.0   0.0   1.0         0.0   0.0 100.0 100.0   1.0       125.0CARD B4K
   0.0  20.0  20.0   1.0        52.0   0.0  4.65   0.0   1.0       65.30CARD B4L
   0.0   0.0   0.0   1.0         0.0   0.0  90.0   0.0                          
   -42   0.0   0.0   1.0         0.0   0.0 100.0 100.0   1.0       125.0CARD B4M
   0.0  20.0  20.0   1.0        52.0   0.0  4.65   0.0   1.0       65.30CARD B4N
   0.0   0.0   0.0   1.0         0.0   0.0  90.0   0.0                          
   0.0   0.0   0.0   1.0         0.0   0.0  4.32 0.143   1.0        55.5CARD B4O
   0.0   0.0   0.0   1.0         0.0   0.0   0.0   0.0                          
   0.0   0.0   0.0   1.0         0.0   0.0  4.32 0.143   1.0        55.5CARD B4P
   0.0   0.0   0.0   1.0         0.0   0.0   0.0   0.0                          
 1.200         30.                                                      CARD B5A
 1.200         30.                                                      CARD B5B
 0.350         30.                                                      CARD B5C
 0.192         30.                                                      CARD B5D
 1.000         30.                                                      CARD B5E
 1.000         30.                                                      CARD B5F
 0.500         30.                                                      CARD B5G
 0.500         30.                                                      CARD B5G
 0.000         30.                                                      CARD B5G
 1.000         30.                                                      CARD B5H
 1.000         30.                                                      CARD B5I
 0.500         30.                                                      CARD B5J
 0.500         30.                                                      CARD B5J
 0.000         30.                                                      CARD B5J
 0.100         30.                                                      CARD B5K
 0.100         30.                                                      CARD B5L
 0.100         30.                                                      CARD B5L
 0.000         30.                                                      CARD B5L
 0.100         30.                                                      CARD B5M
 0.100         30.                                                      CARD B5N
 0.100         30.                                                      CARD B5N
 0.000         30.                                                      CARD B5N
 0.500         30.                                                      CARD B5O
 0.500         30.                                                      CARD B5O
 0.000         30.                                                      CARD B5O
 0.500         30.                                                      CARD B5P
 0.500         30.                                                      CARD B5P
 0.000         30.                                                      CARD B5P
XXXXXXXXXXXXXXXXXXXXXXXXXXXXXXXXXXXXXXXXXXXXXXXX     7XXXXXX            CARD D1
   1    HEAD SURFACE                                                    CARD E1 
          0.        0.71       -0.80          0.          0.            CARD E2 
        2.57     -175.98     4495.67    -8953.11     6029.59            CARD E3 
     3                                                                  CARD E4A
        0.71        358.        0.75       3580.        0.80      35800.CARD E4B
   2    BACK OF SHOULDER                                                CARD E1 
          0.        1.62       -1.70          0.          0.            CARD E2 
        0.01      -26.59      380.91     -678.22      456.53            CARD E3 
     3                                                                  CARD E4A
        1.62        48.3        1.65        483.        1.70       4830.CARD E4B
   3    CHEST                                                           CARD E1 
          0.        1.31       -1.40          0.          0.            CARD E2 
        0.55        5.46       73.49      -15.01                        CARD E3 
     3                                                                  CARD E4A
        1.31       158.6        1.35       1586.        1.40      15860.CARD E4B
   4    ANTERIOR PELVIS                                                 CARD E1 
          0.        2.02       -2.10          0.          0.            CARD E2 
       -0.14        1.58       24.39      -29.33       13.76            CARD E3 
     3                                                                  CARD E4A
        2.02        89.7        2.05        897.        2.10       8970.CARD E4B
   5    POSTERIOR PELVIS                                                CARD E1 
          0.        1.96       -2.10          0.          0.            CARD E2 
       -0.76       35.10       40.04      -12.49                        CARD E3 
     3                                                                  CARD E4A
        1.96       127.8        2.03       1278.        2.10      12780.CARD E4B
   6    UPPER ARM                                                       CARD E1 
          0.        0.89       -1.00          0.          0.            CARD E2 
        1.54      -30.63      627.09    -1197.70      917.23            CARD E3 
     3                                                                  CARD E4A
        0.89       203.1        0.95       2031.        1.00      20310.CARD E4B
   7    FOREARM                                                         CARD E1 
          0.        1.31       -1.40          0.          0.            CARD E2 
       -2.40      107.37     -313.36      504.61     -196.37            CARD E3 
     3                                                                  CARD E4A
        1.31       156.2        1.35       1562.        1.40      15620.CARD E4B
   8    HAND                                                            CARD E1 
          0.        0.38       -0.45          0.          0.            CARD E2 
       -0.04      -31.04     2384.47   -10193.90    19172.50            CARD E3 
     3                                                                  CARD E4A
        0.38       139.4        0.41       1394.        0.45      13940.CARD E4B
   9    UPPER LEG                                                       CARD E1 
          0.        1.31       -1.40          0.          0.            CARD E2 
       -0.28       14.19       81.94     -122.62       98.73      -29.09CARD E3 
     3                                                                  CARD E4A
        1.31        61.6        1.35        616.        1.40       6160.CARD E4B
  10    KNEE                                                            CARD E1 
          0.        0.54       -0.58          0.          0.            CARD E2 
       -0.04        2.22      867.34     -401.61                        CARD E3 
     3                                                                  CARD E4A
        0.54       187.8        0.56       1878.        0.58      18780.CARD E4B
  11    FRONT OF LOWER LEG                                              CARD E1 
          0.        1.78       -1.90          0.          0.            CARD E2 
       -0.74       26.79        3.92       29.05                        CARD E3 
     3                                                                  CARD E4A
        1.78       223.6        1.84       2236.        1.90      22360.CARD E4B
  12    BACK OF LOWER LEG                                               CARD E1 
          0.        1.66       -1.75          0.          0.            CARD E2 
       -0.08       29.42       -2.08                                    CARD E3 
     3                                                                  CARD E4A
        1.66        43.2        1.70        432.        1.75       4320.CARD E4B
  13    FOOT                                                            CARD E1 
          0.        0.83       -0.95          0.          0.            CARD E2 
       -0.68       82.75     -704.17     3367.10    -5570.69     3188.30CARD E3 
     3                                                                  CARD E4A
        0.83       121.2        0.89       1212.        0.95      12120.CARD E4B
999                                                                     CARD E1 
  41    RIGHT SHOULDER JOINT                                            CARD E7A
                                                                        CARD E7B
    -4     8                                                            CARD E7C
       151.0         0.0     87900.0         0.0                        CARD E7D
        75.0         0.0     13700.0         0.0                        CARD E7E
         0.0         0.0      -312.0     11800.0                        CARD E7F
        66.0         0.0      7780.0   3010000.0                        CARD E7G
        68.0         0.0     22200.0    376000.0                        CARD E7H
        89.0         0.0     22000.0         0.0                        CARD E7I
       111.0         0.0      2470.0     17600.0                        CARD E7J
       153.0         0.0     13000.0         0.0                        CARD E7K
  42    LEFT SHOULDER JOINT                                             CARD E7A
                                                                        CARD E7B
    -4     8                                                            CARD E7C
       151.0         0.0     87900.0         0.0                        CARD E7D
       153.0         0.0     13000.0         0.0                        CARD E7E
       111.0         0.0      2470.0     17600.0                        CARD E7F
        89.0         0.0     22000.0         0.0                        CARD E7G
        68.0         0.0     22200.0    376000.0                        CARD E7H
        66.0         0.0      7780.0   3010000.0                        CARD E7I
         0.0         0.0      -312.0     11800.0                        CARD E7J
        75.0         0.0     13700.0         0.0                        CARD E7K
  43    SEATED RIGHT HIP                                                CARD E7A
                                                                        CARD E7B
    19     4                                                            CARD E7C
         0.0         7.0        22.0        52.0       112.0       232.0CARD E7D
       472.0       952.0      1910.0      3830.0      7670.0     15400.0CARD E7E
     30700.0     61400.0    123000.0    246000.0    492000.0    983000.0CARD E7F
   1970000.0                                                            CARD E7G
         0.0        17.0        51.0       119.0       255.0       527.0CARD E7H
      1070.0      2160.0      4340.0      8690.0     17400.0     34900.0CARD E7I
     69700.0    139000.0    279000.0    557000.0   1110000.0   2230000.0CARD E7J
   4460000.0                                                            CARD E7K
         0.0         8.0        17.0        28.0        50.0        94.0CARD E7L
       182.0       358.0       710.0      1410.0      2820.0      5640.0CARD E7M
     11300.0     22500.0     45100.0     90100.0    180000.0    360000.0CARD E7N
    721000.0                                                            CARD E7O
         0.0         7.0        13.0        18.0        23.0        33.0CARD E7P
        53.0        93.0       173.0       333.0       653.0      1290.0CARD E7Q
      2570.0      5130.0     10300.0     20500.0     41000.0     81900.0CARD E7R
    164000.0                                                            CARD E7S
  44    SEATED LEFT HIP                                                 CARD E7A
                                                                        CARD E7B
    19     4                                                            CARD E7C
         0.0         7.0        22.0        52.0       112.0       232.0CARD E7D
       472.0       952.0      1910.0      3830.0      7670.0     15400.0CARD E7E
     30700.0     61400.0    123000.0    246000.0    492000.0    983000.0CARD E7F
   1970000.0                                                            CARD E7G
         0.0         7.0        13.0        18.0        23.0        33.0CARD E7H
        53.0        93.0       173.0       333.0       653.0      1290.0CARD E7I
      2570.0      5130.0     10300.0     20500.0     41000.0     81900.0CARD E7J
    164000.0                                                            CARD E7K
         0.0         8.0        17.0        28.0        50.0        94.0CARD E7L
       182.0       358.0       710.0      1410.0      2820.0      5640.0CARD E7M
     11300.0     22500.0     45100.0     90100.0    180000.0    360000.0CARD E7N
    721000.0                                                            CARD E7O
         0.0        17.0        51.0       119.0       255.0       527.0CARD E7P
      1070.0      2160.0      4340.0      8690.0     17400.0     34900.0CARD E7Q
     69700.0    139000.0    279000.0    557000.0   1110000.0   2230000.0CARD E7R
   4460000.0                                                            CARD E7S
  45    SEATED LUMBAR SPINE                                             CARD E7A
                                                                        CARD E7B
    19     4                                                            CARD E7C
         0.0      4600.0      9200.0     13800.0     18400.0     23000.0CARD E7D
     27600.0     32200.0     36800.0     41400.0     50600.0     69000.0CARD E7E
    105800.0    179400.0    326600.0    621000.0   1209800.0   2387400.0CARD E7F
   4742600.0                                                            CARD E7G
         0.0      6800.0     13600.0     20400.0     27200.0     34000.0CARD E7H
     40800.0     47600.0     54400.0     61200.0     74800.0    102000.0CARD E7I
    156400.0    265200.0    482800.0    918000.0   1788400.0   3529200.0CARD E7J
   7010800.0                                                            CARD E7K
         0.0      3000.0      6000.0      9000.0     12000.0     15000.0CARD E7L
     18000.0     21000.0     24000.0     27000.0     33000.0     45000.0CARD E7M
     69000.0    117000.0    213000.0    405000.0    789000.0   1557000.0CARD E7N
   3093000.0                                                            CARD E7O
         0.0      6800.0     13600.0     20400.0     27200.0     34000.0CARD E7P
     40800.0     47600.0     54400.0     61200.0     74800.0    102000.0CARD E7Q
    156400.0    265200.0    482800.0    918000.0   1788400.0   3529200.0CARD E7R
   7010800.0                                                            CARD E7S
  46    NECK PIVOT                                                      CARD E7A
                                                                        CARD E7B
    19     4                                                            CARD E7C
         0.0       700.0      1400.0      2100.0      2800.0      3500.0CARD E7D
      4200.0      4900.0      5600.0      6300.0      7000.0      7700.0CARD E7E
      8400.0      9800.0     12600.0     18200.0     29400.0     51800.0CARD E7F
     96600.0                                                            CARD E7G
         0.0       600.0      1200.0      1800.0      2400.0      3000.0CARD E7H
      3600.0      4200.0      4800.0      5400.0      6000.0      6600.0CARD E7I
      7200.0      8400.0     10800.0     15600.0     25200.0     44400.0CARD E7J
     82800.0                                                            CARD E7K
         0.0       300.0       600.0       900.0      1200.0      1500.0CARD E7L
      1800.0      2100.0      2400.0      2700.0      3000.0      3300.0CARD E7M
      3600.0      4200.0      5400.0      7800.0     12600.0     22200.0CARD E7N
     41400.0                                                            CARD E7O
         0.0       600.0      1200.0      1800.0      2400.0      3000.0CARD E7P
      3600.0      4200.0      4800.0      5400.0      6000.0      6600.0CARD E7Q
      7200.0      8400.0     10800.0     15600.0     25200.0     44400.0CARD E7R
     82800.0                                                            CARD E7S
  47    HEAD PIVOT                                                      CARD E7A
                                                                        CARD E7B
    19     4                                                            CARD E7C
         0.0       490.0       980.0      1680.0      2380.0      3080.0CARD E7D
      3780.0      4480.0      5180.0      5880.0      6580.0      7280.0CARD E7E
      7980.0      9380.0     12180.0     17780.0     28980.0     51380.0CARD E7F
     96180.0                                                            CARD E7G
         0.0       600.0      1200.0      1800.0      2400.0      3000.0CARD E7H
      3600.0      4200.0      4800.0      5400.0      6000.0      6600.0CARD E7I
      7200.0      8400.0     10800.0     15600.0     25200.0     44400.0CARD E7J
     82800.0                                                            CARD E7K
         0.0       250.0       500.0       800.0      1100.0      1400.0CARD E7L
      1700.0      2000.0      2300.0      2600.0      2900.0      3200.0CARD E7M
      3500.0      4100.0      5300.0      7700.0     12500.0     22100.0CARD E7N
     41300.0                                                            CARD E7O
         0.0       600.0      1200.0      1800.0      2400.0      3000.0CARD E7P
      3600.0      4200.0      4800.0      5400.0      6000.0      6600.0CARD E7Q
      7200.0      8400.0     10800.0     15600.0     25200.0     44400.0CARD E7R
     82800.0                                                            CARD E7S
                                                                        CARD F4A
302 'SITTING HYBRID III DUMMY (50%)'                                    TITLE   
    17    16        SITTING HYBRID III                                  CARD B.1
 LT  5197.780.27770.14650.1365 0.127 0.182 0.122-0.025 0.000 0.000   1  CARD B.2
              0.00-37.32 180.0                                                  
 MT  4 21.750.00690.00670.0023 0.121 0.165 0.102 0.025 0.000-0.025   1  CARD B.2
              0.00  4.16 180.0                                                  
 UT  3174.450.29610.23180.1959 0.123 0.165 0.198 0.000 0.000 0.000   1  CARD B.2
              0.00  4.99 180.0                                                  
 N   2 11.870.00290.00290.0009 0.043 0.043 0.076 0.000 0.000 0.000   1  CARD B.2
              0.00  0.00 180.0                                                  
 H   1 44.130.01590.02400.0221 0.108 0.073 0.102 0.000 0.000 0.000   1  CARD B.2
              0.00-26.58 180.0                                                  
 RUL 6 61.000.06880.06700.0121 0.075 0.077 0.185 0.000 0.000 0.000   1  CARD B.2
              0.00  4.13 180.0                                                  
 RLL 7 32.190.07580.07620.0045 0.055 0.052 0.248 0.000 0.000 0.051   1  CARD B.2
              0.00 -1.90 180.0                                                  
 RF  8 12.260.00080.00590.0055 0.124 0.043 0.043 0.000 0.000 0.000   1  CARD B.2
              0.96 -9.57 158.2                                                  
 LUL 9 61.000.06880.06700.0121 0.075 0.077 0.185 0.000 0.000 0.000   1  CARD B.2
              0.00  4.13 180.0                                                  
 LLL 0 32.190.07580.07620.0045 0.055 0.052 0.248 0.000 0.000 0.051   1  CARD B.2
              0.00 -1.90 180.0                                                  
 LF  1 12.260.00080.00590.0055 0.124 0.043 0.043 0.000 0.000 0.000   1  CARD B.2
             -0.96 -9.57-158.2                                                  
 RUA 2 20.450.01160.01130.0012 0.048 0.046 0.152 0.000 0.000-0.025   1  CARD B.2
              0.00 -1.31 180.0                                                  
 RLA 3 16.900.01350.01270.0008 0.045 0.045 0.147 0.000 0.000 0.000   1  CARD B.2
              0.00 -1.31 180.0                                                  
 LUA 4 20.450.01160.01130.0012 0.048 0.046 0.152 0.000 0.000-0.025   1  CARD B.2
              0.00 -1.31 180.0                                                  
 LLA 5 16.900.01350.01270.0008 0.045 0.045 0.147 0.000 0.000 0.000   1  CARD B.2
              0.00 -1.31 180.0                                                  
 RHD 6  5.740.00130.00110.0004 0.025 0.047 0.093 0.000 0.000 0.000   1  CARD B.2
             -5.35 30.75 173.5                                                  
 LHD 7  5.740.00130.00110.0004 0.025 0.047 0.093 0.000 0.000 0.000   1  CARD B.2
              5.35 30.75-173.5                                                  
  P  M   1   0 -0.05  0.00 -0.04 -0.01  0.00  0.07   0  0.00  0.00      CARD B.3
                0.00  0.00  0.00  0.00  0.00  0.00  0.00  0.00  0.00 0 0 0 0 0 0
  W  N   2   0 -0.01  0.00 -0.07 -0.02  0.00  0.15   0  0.00  0.00      CARD B.3
                0.00  0.00  0.00  0.00  0.00  0.00  0.00  0.00  0.00 0 0 0 0 0 0
  NP O   3   0  0.00  0.00 -0.15  0.00  0.00  0.07   0  0.00  0.00      CARD B.3
                0.00  0.00  0.00  0.00  0.00  0.00  0.00  0.00  0.00 0 0 0 0 0 0
  HP P   4   0  0.00  0.00 -0.07 -0.01  0.00  0.05   0  0.00  0.00      CARD B.3
                0.00  0.00  0.00  0.00  0.00  0.00  0.00  0.00  0.00 0 0 0 0 0 0
  RH Q   1   0  0.00  0.08  0.03  0.00  0.00 -0.25   0  0.00  0.00      CARD B.3
                0.00 90.00  0.00  0.00  0.00  0.00  0.00  0.00  0.00 0 0 0 0 0 0
  RK R   6   1  0.00  0.00  0.17 -0.01  0.00 -0.17   0  0.00  0.00      CARD B.3
                0.00  0.00  0.00  0.00 55.00  0.00  0.00  0.00  0.00 0 0 0 0 0 0
  RA S   7  -8 -0.01  0.00  0.25 -0.05  0.00 -0.04   0  0.00  0.00      CARD B.3
               90.00  0.00  0.00 90.00  0.00  0.00  0.00-10.00  0.00 0 0 0 0 0 0
  LH T   1   0  0.00 -0.08  0.03  0.00  0.00 -0.25   0  0.00  0.00      CARD B.3
                0.00 90.00  0.00  0.00  0.00  0.00  0.00  0.00  0.00 0 0 0 0 0 0
  LK U   9   1  0.00  0.00  0.17 -0.01  0.00 -0.17   0  0.00  0.00      CARD B.3
                0.00  0.00  0.00  0.00 55.00  0.00  0.00  0.00  0.00 0 0 0 0 0 0
  LA V  10  -8 -0.01  0.00  0.25 -0.05  0.00 -0.04   0  0.00  0.00      CARD B.3
               90.00  0.00  0.00 90.00  0.00  0.00  0.00-10.00  0.00 0 0 0 0 0 0
  RS W   3   0 -0.02  0.19 -0.07  0.00  0.00 -0.14   0  0.00  0.00      CARD B.3
                0.00 90.00  0.00  0.00  0.00  0.00  0.00  0.00  0.00 0 0 0 0 0 0
  RE X  12  -8  0.00  0.00  0.13  0.00  0.00 -0.09   0  0.00  0.00      CARD B.3
               90.00  0.00  0.00 90.00  0.00  0.00  0.00 62.50  0.00 0 0 0 0 0 0
  LS Y   3   0 -0.02 -0.19 -0.07  0.00  0.00 -0.14   0  0.00  0.00      CARD B.3
                0.00 90.00  0.00  0.00  0.00  0.00  0.00  0.00  0.00 0 0 0 0 0 0
  LE Z  14  -8  0.00  0.00  0.13  0.00  0.00 -0.09   0  0.00  0.00      CARD B.3
               90.00  0.00  0.00 90.00  0.00  0.00  0.00 62.50  0.00 0 0 0 0 0 0
  RW    13  -8  0.00  0.00  0.15 -0.01  0.00 -0.05   0  0.00  0.00      CARD B.3
               90.00  0.00  0.00 90.00  0.00  0.00  0.00 15.00  0.00 0 0 0 0 0 0
  LW    15  -8  0.00  0.00  0.15 -0.01  0.00 -0.05   0  0.00  0.00      CARD B.3
               90.00  0.00  0.00 90.00  0.00  0.00  0.00 15.00  0.00 0 0 0 0 0 0
   -45  0.00  0.00  1.00        0.00  3.88  0.00  0.00  1.00        0.00CARD B.4
   -45  0.00  0.00  1.00        0.00  3.88  0.00  0.00  1.00        0.00CARD B.4
   -46  0.00  0.00  1.00        0.00  1.69  0.00  0.00  1.00        0.00CARD B.4
   -47  0.00  0.00  1.00        0.00  1.69  0.00  0.00  1.00        0.00CARD B.4
   -43  0.00  0.00  1.00        0.00  0.85  8.47  8.47  1.00       55.00CARD B.4
  0.00  0.26  0.00  1.00       48.90  0.00  0.00  0.00  1.00        0.00CARD B.4
  0.11  1.13  1.13  1.00       27.00  0.00  0.76  0.00  1.00       30.00CARD B.4
  0.00  0.00  0.00  1.00        0.00  0.00  0.00  0.00                          
   -44  0.00  0.00  1.00        0.00  0.85  8.47  8.47  1.00       55.00CARD B.4
  0.00  0.26  0.00  1.00       48.90  0.00  0.00  0.00  1.00        0.00CARD B.4
  0.11  1.13  1.13  1.00       27.00  0.00  0.76  0.00  1.00       30.00CARD B.4
  0.00  0.00  0.00  1.00        0.00  0.00  0.00  0.00                          
   -41  0.00  0.00  1.00        0.00  0.00 11.30 11.30  1.00      125.00CARD B.4
  0.00  2.26  2.26  1.00       52.00  0.00  0.53  0.00  1.00       65.30CARD B.4
  0.00  0.00  0.00  1.00        0.00  0.00 90.00  0.00                          
   -42  0.00  0.00  1.00        0.00  0.00 11.30 11.30  1.00      125.00CARD B.4
  0.00  2.26  2.26  1.00       52.00  0.00  0.53  0.00  1.00       65.30CARD B.4
  0.00  0.00  0.00  1.00        0.00  0.00 90.00  0.00                          
  0.00  0.00  0.00  1.00        0.00  0.00  0.49  0.02  1.00       55.50CARD B.4
  0.00  0.00  0.00  1.00        0.00  0.00  0.00  0.00                          
  0.00  0.00  0.00  1.00        0.00  0.00  0.49  0.02  1.00       55.50CARD B.4
  0.00  0.00  0.00  1.00        0.00  0.00  0.00  0.00                          
 0.136    0.   30.    0.    0.                      0.    0.            CARD B.5
 0.136    0.   30.    0.    0.                      0.    0.            CARD B.5
 0.040    0.   30.    0.    0.                      0.    0.            CARD B.5
 0.022    0.   30.    0.    0.                      0.    0.            CARD B.5
 0.113    0.   30.    0.    0.                      0.    0.            CARD B.5
 0.113    0.   30.    0.    0.                      0.    0.            CARD B.5
 0.056    0.   30.    0.    0.                      0.    0.            CARD B.5
 0.056    0.   30.    0.    0.                      0.    0.            CARD B.5
 0.000    0.   30.    0.    0.                      0.    0.            CARD B.5
 0.113    0.   30.    0.    0.                      0.    0.            CARD B.5
 0.113    0.   30.    0.    0.                      0.    0.            CARD B.5
 0.056    0.   30.    0.    0.                      0.    0.            CARD B.5
 0.056    0.   30.    0.    0.                      0.    0.            CARD B.5
 0.000    0.   30.    0.    0.                      0.    0.            CARD B.5
 0.011    0.   30.    0.    0.                      0.    0.            CARD B.5
 0.011    0.   30.    0.    0.                      0.    0.            CARD B.5
 0.011    0.   30.    0.    0.                      0.    0.            CARD B.5
 0.000    0.   30.    0.    0.                      0.    0.            CARD B.5
 0.011    0.   30.    0.    0.                      0.    0.            CARD B.5
 0.011    0.   30.    0.    0.                      0.    0.            CARD B.5
 0.011    0.   30.    0.    0.                      0.    0.            CARD B.5
 0.000    0.   30.    0.    0.                      0.    0.            CARD B.5
 0.056    0.   30.    0.    0.                      0.    0.            CARD B.5
 0.056    0.   30.    0.    0.                      0.    0.            CARD B.5
 0.000    0.   30.    0.    0.                      0.    0.            CARD B.5
 0.056    0.   30.    0.    0.                      0.    0.            CARD B.5
 0.056    0.   30.    0.    0.                      0.    0.            CARD B.5
 0.000    0.   30.    0.    0.                      0.    0.            CARD B.5
XXXXXXXXXXXXXXXXXXXXXXXXXXXXXXXXXXXXXXXXXXXXXXXX     7XXXXXX            CARD D.1
   1    HEAD SURFACE                                                    CARD E.1
        0.00        0.02       -0.02        0.00        0.00            CARD E.2
 0.11432E+02-0.30820E+05 0.30998E+08-0.24304E+10 0.64440E+11 0.00000E+00CARD E.3
     3                                                                  CARD E.4
        0.02        9.09        0.02       90.93        0.02      909.32CARD E.4
   2    BACK OF SHOULDER                                                CARD E.1
        0.00        0.04       -0.04        0.00        0.00            CARD E.2
 0.44484E-01-0.46568E+04 0.26264E+07-0.18411E+09 0.48790E+10 0.00000E+00CARD E.3
     3                                                                  CARD E.4
        0.04        1.23        0.04       12.27        0.04      122.68CARD E.4
   3    CHEST                                                           CARD E.1
        0.00        0.03       -0.04        0.00        0.00            CARD E.2
 0.24466E+01 0.95623E+03 0.50671E+06-0.40746E+07 0.00000E+00 0.00000E+00CARD E.3
     3                                                                  CARD E.4
        0.03        4.03        0.03       40.28        0.04      402.84CARD E.4
   4    ANTERIOR PELVIS                                                 CARD E.1
        0.00        0.05       -0.05        0.00        0.00            CARD E.2
-0.62278E+00 0.27671E+03 0.16817E+06-0.79618E+07 0.14706E+09 0.00000E+00CARD E.3
     3                                                                  CARD E.4
        0.05        2.28        0.05       22.78        0.05      227.84CARD E.4
   5    POSTERIOR PELVIS                                                CARD E.1
        0.00        0.05       -0.05        0.00        0.00            CARD E.2
-0.33808E+01 0.61472E+04 0.27608E+06-0.33905E+07 0.00000E+00 0.00000E+00CARD E.3
     3                                                                  CARD E.4
        0.05        3.25        0.05       32.46        0.05      324.61CARD E.4
   6    UPPER ARM                                                       CARD E.1
        0.00        0.02       -0.03        0.00        0.00            CARD E.2
 0.68505E+01-0.53643E+04 0.43238E+07-0.32512E+09 0.98026E+10 0.00000E+00CARD E.3
     3                                                                  CARD E.4
        0.02        5.16        0.02       51.59        0.03      515.87CARD E.4
   7    FOREARM                                                         CARD E.1
        0.00        0.03       -0.04        0.00        0.00            CARD E.2
-0.10676E+02 0.18804E+05-0.21606E+07 0.13698E+09-0.20987E+10 0.00000E+00CARD E.3
     3                                                                  CARD E.4
        0.03        3.97        0.03       39.67        0.04      396.75CARD E.4
   8    HAND                                                            CARD E.1
        0.00        0.01       -0.01        0.00        0.00            CARD E.2
-0.17794E+00-0.54361E+04 0.16441E+08-0.27672E+10 0.20490E+12 0.00000E+00CARD E.3
     3                                                                  CARD E.4
        0.01        3.54        0.01       35.41        0.01      354.08CARD E.4
   9    UPPER LEG                                                       CARD E.1
        0.00        0.03       -0.04        0.00        0.00            CARD E.2
-0.12456E+01 0.24851E+04 0.56498E+06-0.33286E+08 0.10552E+10-0.12240E+11CARD E.3
     3                                                                  CARD E.4
        0.03        1.56        0.03       15.65        0.04      156.46CARD E.4
  10    KNEE                                                            CARD E.1
        0.00        0.01       -0.01        0.00        0.00            CARD E.2
-0.17794E+00 0.38880E+03 0.59803E+07-0.10902E+09 0.00000E+00 0.00000E+00CARD E.3
     3                                                                  CARD E.4
        0.01        4.77        0.01       47.70        0.01      477.01CARD E.4
  11    FRONT OF LOWER LEG                                              CARD E.1
        0.00        0.05       -0.05        0.00        0.00            CARD E.2
-0.32918E+01 0.46918E+04 0.27028E+05 0.78858E+07 0.00000E+00 0.00000E+00CARD E.3
     3                                                                  CARD E.4
        0.05        5.68        0.05       56.79        0.05      567.94CARD E.4
  12    BACK OF LOWER LEG                                               CARD E.1
        0.00        0.04       -0.04        0.00        0.00            CARD E.2
-0.35587E+00 0.51524E+04-0.14342E+05 0.00000E+00 0.00000E+00 0.00000E+00CARD E.3
     3                                                                  CARD E.4
        0.04        1.10        0.04       10.97        0.04      109.73CARD E.4
  13    FOOT                                                            CARD E.1
        0.00        0.02       -0.02        0.00        0.00            CARD E.2
-0.30249E+01 0.14492E+05-0.48553E+07 0.91402E+09-0.59535E+11 0.13415E+13CARD E.3
     3                                                                  CARD E.4
        0.02        3.08        0.02       30.78        0.02      307.85CARD E.4
999                                                                     CARD E.1
  41    RIGHT SHOULDER JOINT                                            CARD E.7

    -4     8                                                            CARD E.7
     151.000       0.000    9931.734       0.000                                
      75.000       0.000    1547.949       0.000                                
       0.000       0.000     -35.253    1333.270                                
      66.000       0.000     879.054  340096.900                                
      68.000       0.000    2508.356   42483.870                                
      89.000       0.000    2485.758       0.000                                
     111.000       0.000     279.083    1988.606                                
     153.000       0.000    1468.857       0.000                                
  42    LEFT SHOULDER JOINT                                             CARD E.7

    -4     8                                                            CARD E.7
     151.000       0.000    9931.734       0.000                                
     153.000       0.000    1468.857       0.000                                
     111.000       0.000     279.083    1988.606                                
      89.000       0.000    2485.758       0.000                                
      68.000       0.000    2508.356   42483.870                                
      66.000       0.000     879.054  340096.900                                
       0.000       0.000     -35.253    1333.270                                
      75.000       0.000    1547.949       0.000                                
  43    SEATED RIGHT HIP                                                CARD E.7

    19     4                                                            CARD E.7
       0.000       0.791       2.486       5.875      12.655      26.213CARD E.7
      53.331     107.566     215.809     432.748     866.626    1740.031CARD E.7
    3468.762    6937.523   13897.650   27795.300   55590.590  111068.200CARD E.7
  222588.400                                                                    
       0.000       1.921       5.762      13.446      28.812      59.545CARD E.7
     120.898     244.056     490.372     981.875    1966.009    3943.316CARD E.7
    7875.332   15705.470   31523.930   62934.880  125417.800  251965.500CARD E.7
  503931.000                                                                    
       0.000       0.904       1.921       3.164       5.649      10.621CARD E.7
      20.564      40.450      80.222     159.314     318.629     637.258CARD E.7
    1276.776    2542.253    5095.805   10180.310   20338.020   40676.040CARD E.7
   81465.060                                                                    
       0.000       0.791       1.469       2.034       2.599       3.729CARD E.7
       5.988      10.508      19.547      37.625      73.782     145.756CARD E.7
     290.382     579.634    1163.787    2316.275    4632.551    9253.801CARD E.7
   18530.200                                                                    
  44    SEATED LEFT HIP                                                 CARD E.7

    19     4                                                            CARD E.7
       0.000       0.791       2.486       5.875      12.655      26.213CARD E.7
      53.331     107.566     215.809     432.748     866.626    1740.031CARD E.7
    3468.762    6937.523   13897.650   27795.300   55590.590  111068.200CARD E.7
  222588.400                                                                    
       0.000       0.791       1.469       2.034       2.599       3.729CARD E.7
       5.988      10.508      19.547      37.625      73.782     145.756CARD E.7
     290.382     579.634    1163.787    2316.275    4632.551    9253.801CARD E.7
   18530.200                                                                    
       0.000       0.904       1.921       3.164       5.649      10.621CARD E.7
      20.564      40.450      80.222     159.314     318.629     637.258CARD E.7
    1276.776    2542.253    5095.805   10180.310   20338.020   40676.040CARD E.7
   81465.060                                                                    
       0.000       1.921       5.762      13.446      28.812      59.545CARD E.7
     120.898     244.056     490.372     981.875    1966.009    3943.316CARD E.7
    7875.332   15705.470   31523.930   62934.880  125417.800  251965.500CARD E.7
  503931.000                                                                    
  45    SEATED LUMBAR SPINE                                             CARD E.7

    19     4                                                            CARD E.7
       0.000     519.750    1039.499    1559.248    2078.998    2598.747CARD E.7
    3118.497    3638.246    4157.996    4677.746    5717.242    7796.242CARD E.7
   11954.240   20270.230   36902.210   70166.190  136694.100  269749.900CARD E.7
  535861.700                                                                    
       0.000     768.325    1536.651    2304.976    3073.301    3841.626CARD E.7
    4609.953    5378.277    6146.602    6914.926    8451.578   11524.880CARD E.7
   17671.480   29964.680   54551.090  103723.900  202069.600  398760.800CARD E.7
  792143.300                                                                    
       0.000     338.967     677.934    1016.901    1355.868    1694.835CARD E.7
    2033.802    2372.769    2711.736    3050.703    3728.637    5084.504CARD E.7
    7796.242   13219.710   24066.660   45760.550   89148.310  175923.900CARD E.7
  349475.000                                                                    
       0.000     768.325    1536.651    2304.976    3073.301    3841.626CARD E.7
    4609.953    5378.277    6146.602    6914.926    8451.578   11524.880CARD E.7
   17671.480   29964.680   54551.090  103723.900  202069.600  398760.800CARD E.7
  792143.300                                                                    
  46    NECK PIVOT                                                      CARD E.7

    19     4                                                            CARD E.7
       0.000      79.092     158.185     237.277     316.369     395.461CARD E.7
     474.554     553.646     632.739     711.831     790.923     870.015CARD E.7
     949.108    1107.292    1423.662    2056.400    3321.877    5852.832CARD E.7
   10914.740                                                                    
       0.000      67.793     135.587     203.380     271.174     338.967CARD E.7
     406.760     474.554     542.347     610.141     677.934     745.728CARD E.7
     813.521     949.108    1220.281    1762.628    2847.323    5016.711CARD E.7
    9355.488                                                                    
       0.000      33.897      67.793     101.690     135.587     169.484CARD E.7
     203.380     237.277     271.174     305.070     338.967     372.864CARD E.7
     406.760     474.554     610.141     881.314    1423.662    2508.356CARD E.7
    4677.746                                                                    
       0.000      67.793     135.587     203.380     271.174     338.967CARD E.7
     406.760     474.554     542.347     610.141     677.934     745.728CARD E.7
     813.521     949.108    1220.281    1762.628    2847.323    5016.711CARD E.7
    9355.488                                                                    
  47    HEAD PIVOT                                                      CARD E.7

    19     4                                                            CARD E.7
       0.000      55.365     110.729     189.822     268.914     348.006CARD E.7
     427.098     506.191     585.283     664.375     743.468     822.560CARD E.7
     901.652    1059.837    1376.206    2008.945    3274.421    5805.375CARD E.7
   10867.280                                                                    
       0.000      67.793     135.587     203.380     271.174     338.967CARD E.7
     406.760     474.554     542.347     610.141     677.934     745.728CARD E.7
     813.521     949.108    1220.281    1762.628    2847.323    5016.711CARD E.7
    9355.488                                                                    
       0.000      28.247      56.495      90.391     124.288     158.185CARD E.7
     192.081     225.978     259.875     293.771     327.668     361.565CARD E.7
     395.461     463.255     598.842     870.015    1412.363    2497.057CARD E.7
    4666.445                                                                    
       0.000      67.793     135.587     203.380     271.174     338.967CARD E.7
     406.760     474.554     542.347     610.141     677.934     745.728CARD E.7
     813.521     949.108    1220.281    1762.628    2847.323    5016.711CARD E.7
    9355.488                                                                    
   0   0   0   0   0   0   0   0   0   0   0   0   0   0   0   0   0   0CARD F.4
394 'SITTING HYBRID III WITH LOWER EXTREMITY MODEL'                     TITLE
    33    32        SITTING HYBRID III                                  CARD B1
 LT   44.4602.45751.29691.20805.00007.18504.8000-1.0000.00000.0000   1  CARD B2
            0.0000-37.32180.00                                          CARD B2b
 MT   4.89000.06120.05930.02054.77506.50004.00001.00000.0000-1.000   1  CARD B2
            0.00004.1600180.00                                          CARD B2b
 UT   39.2162.62032.05171.73364.82506.50007.78500.00000.00000.0000   1  CARD B2
            0.00004.9900180.00                                          CARD B2b
 N    2.66800.02540.02570.00841.67501.67503.00000.00000.00000.0000   1  CARD B2
            0.00000.0000180.00                                          CARD B2b
 H    9.92100.14080.21280.19564.25002.87504.00000.00000.00000.0000   1  CARD B2
            0.0000-26.58180.00                                          CARD B2b
RFEM  8.34910.16000.13500.03853.50003.50005.50000.00000.00000.0000   1  CARD B2
            0.0000-29.000.0000                                          CARD B2b
RKNE  4.52970.07320.08170.03242.50002.50004.00000.00000.00000.0000   1  CARD B2
            0.00000.00000.0000                                          CARD B2b
RSLD  0.29990.00020.00400.00401.00001.00001.00000.00000.00000.0000   0  CARD B2
RCLS  2.47060.02280.01760.00911.50001.50002.50000.00000.00000.0000   1  CARD B2
            0.0000-14.000.0000                                          CARD B2b
RTIB  5.17940.29070.27200.01952.25002.00006.5000-.50000.00000.0000   1  CARD B2
            0.000040.0000.0000                                          CARD B2b
RANK  1.66990.00460.00460.00601.50001.25002.00000.00000.00000.0000   1  CARD B2
            0.00000.00000.0000                                          CARD B2b
RCP   0.02250.00010.00010.00012.35041.69292.35040.00000.00000.0000   0  CARD B2
RMFT  3.59680.00820.02960.02802.00001.61422.00000.46460.0000-.5354   1  CARD B2
            0.00000.0000-32.80                                          CARD B2b
RFFT  0.02250.00010.00010.00012.57092.12601.29920.00000.00000.0000   0  CARD B2
RTOE  0.44960.00080.00300.00281.77161.57480.98030.00000.00000.0000   0  CARD B2
RHEL  0.02250.00010.00010.00012.25981.69290.68900.00000.00000.0000   0  CARD B2
LFEM  8.34910.16000.13500.03853.50003.50005.50000.00000.00000.0000   1  CARD B2
            0.0000-29.000.0000                                          CARD B2b
LKNE  4.52970.07320.08170.03242.50002.50004.00000.00000.00000.0000   1  CARD B2
            0.00000.00000.0000                                          CARD B2b
LSLD  0.29990.00020.00400.00401.00001.00001.00000.00000.00000.0000   0  CARD B2
LCLS  2.47060.02280.01760.00911.50001.50002.50000.00000.00000.0000   1  CARD B2
            0.0000-14.000.0000                                          CARD B2b
LTIB  5.17940.29070.27200.01952.25002.00006.5000-.50000.00000.0000   1  CARD B2
            0.000040.0000.0000                                          CARD B2b
LANK  1.66990.00460.00460.00601.50001.25002.00000.00000.00000.0000   1  CARD B2
            0.00000.00000.0000                                          CARD B2b
LCP   0.02250.00010.00010.00012.35041.69292.35040.00000.00000.0000   0  CARD B2
LMFT  3.59680.00820.02960.02802.00001.61422.00000.46460.0000-.5354   1  CARD B2
            0.00000.000032.800                                          CARD B2b
LFFT  0.02250.00010.00010.00012.57092.12601.29920.00000.00000.0000   0  CARD B2
LTOE  0.44960.00080.00300.00281.77161.57480.98030.00000.0000-.1000   0  CARD B2
LHEL  0.02250.00010.00010.00012.25981.69290.68900.00000.00000.0000   0  CARD B2
 RUA  4.59700.10240.09970.01091.90001.80006.00000.00000.0000-1.000   1  CARD B2
            0.0000-1.310180.00                                          CARD B2b
 RLA  3.80000.11910.11280.00691.77501.77505.80000.00000.00000.0000   1  CARD B2
            0.0000-1.310180.00                                          CARD B2b
 LUA  4.59700.10240.09970.01091.90001.80006.00000.00000.0000-1.000   1  CARD B2
            0.0000-1.310180.00                                          CARD B2b
 LLA  3.80000.11910.11280.00691.77501.77505.80000.00000.00000.0000   1  CARD B2
            0.0000-1.310180.00                                          CARD B2b
 RHD  1.29000.01140.00930.00361.00001.87003.65000.00000.00000.0000   1  CARD B2
            -5.35030.750173.50                                          CARD B2b
 LHD  1.29000.01140.00930.00361.00001.87003.65000.00000.00000.0000   1  CARD B2
            5.350030.750-173.5                                          CARD B2b
  P      1   0-2.1500.0000-1.660-.35000.00002.5600   00.00000.0000      CARD B3
              0.00000.00000.00000.00000.00000.00000.00000.00000.0000 3 2 1 3 2 1
  W      2   0-.35000.0000-2.560-.89000.00005.8500   00.00000.0000      CARD B3
              0.00000.00000.00000.00000.00000.00000.00000.00000.0000 3 2 1 3 2 1
  NP     3   00.00000.0000-5.9600.00000.00002.7600   00.00000.0000      CARD B3
              0.00000.00000.00000.00000.00000.00000.00000.00000.0000 3 2 1 3 2 1
  HP     4   00.00000.0000-2.840-.55000.00002.0000   00.00000.0000      CARD B3
              0.00000.00000.00000.00000.00000.00000.00000.00000.0000 3 2 1 3 2 1
RH       1   0-.11003.15001.24000.8740-.5315-7.236   00.00000.0000      CARD B3
              0.000090.0000.00000.00000.00000.00000.00000.00000.0000 3 2 1 3 2 1
RFEM     6  -20.07660.00004.81690.39370.0000-2.315   00.00000.0000      CARD B3
              0.00000.00000.00000.00006.00000.00000.00000.00000.0000 3 2 1 3 2 1
RKNE     7   10.00000.00002.11020.00000.00000.0000   00.00000.0000      CARD B3
              0.00000.00000.00000.000061.5000.00000.00000.00000.0000 3 2 1 3 2 1
RSLD     8  -50.00000.00000.0000-.01000.0000-1.060   1-78.6878.680      CARD B3
              0.000090.0000.00000.000090.0000.00000.00000.00000.0000 3 2 1 3 2 1
RTB1     9  -20.30220.00003.0323-.20000.0000-4.350   00.00000.0000      CARD B3
              0.00000.00000.00000.000016.0000.00000.00000.00000.0000 3 2 1 3 2 1
RTB2    10  -2-.20000.00004.82280.39490.0000-1.769   00.00000.0000      CARD B3
              0.00000.00000.00000.0000-17.400.00000.00000.00000.0000 3 2 1 3 2 1
RANK    11   20.15000.00001.3799-.39370.0000-1.299   00.00000.0000      CARD B3
              0.00000.00000.00000.000017.4000.00000.00000.00000.0000 3 2 1 3 2 1
RMFT    12  -42.04720.00001.62600.00000.00000.0000   00.00000.0000      CARD B3
              0.00000.00000.00000.00000.00000.00000.00000.00000.0000 3 2 1 3 2 1
RFFT    13  -43.08270.00000.57480.00000.00000.0000   00.00000.0000      CARD B3
              0.00000.00000.00000.00000.00000.00000.00000.00000.0000 3 2 1 3 2 1
RTOE    14  -70.92910.00000.0000-1.7720.00000.0000   00.00000.0000      CARD B3
              0.00000.00000.00000.00000.00000.00000.00000.00000.0000 3 2 1 3 2 1
RHEL    12  -1-.48030.00002.79130.00000.00000.0000   00.00000.0000      CARD B3
              0.00000.00000.00000.00000.00000.00000.00000.00000.0000 3 2 1 3 2 1
LH       1   0-.1100-3.1501.24000.87400.5315-7.236   00.00000.0000      CARD B3
              0.000090.0000.00000.00000.00000.00000.00000.00000.0000 3 2 1 3 2 1
LFEM    17  -20.07660.00004.81690.39370.0000-2.315   00.00000.0000      CARD B3
              0.00000.00000.00000.00006.00000.00000.00000.00000.0000 3 2 1 3 2 1
LKNE    18   10.00000.00002.11020.00000.00000.0000   00.00000.0000      CARD B3
              0.00000.00000.00000.000061.5000.00000.00000.00000.0000 3 2 1 3 2 1
LSLD    19  -50.00000.00000.0000-.01000.0000-1.060   1-78.6878.680      CARD B3
              0.000090.0000.00000.000090.0000.00000.00000.00000.0000 3 2 1 3 2 1
LTB1    20  -20.30220.00003.0323-.20000.0000-4.350   00.00000.0000      CARD B3
              0.00000.00000.00000.000016.0000.00000.00000.00000.0000 3 2 1 3 2 1
LTB2    21  -2-.20000.00004.82280.39490.0000-1.769   00.00000.0000      CARD B3
              0.00000.00000.00000.0000-17.400.00000.00000.00000.0000 3 2 1 3 2 1
LANK    22   20.15000.00001.3799-.39370.0000-1.299   00.00000.0000      CARD B3
              0.00000.00000.00000.000017.4000.00000.00000.00000.0000 3 2 1 3 2 1
LMFT    23  -42.04720.00001.62600.00000.00000.0000   00.00000.0000      CARD B3
              0.00000.00000.00000.00000.00000.00000.00000.00000.0000 3 2 1 3 2 1
LFFT    24  -43.08270.00000.57480.00000.00000.0000   00.00000.0000      CARD B3
              0.00000.00000.00000.00000.00000.00000.00000.00000.0000 3 2 1 3 2 1
LTOE    25  -70.92910.00000.0000-1.7720.00000.0000   00.00000.0000      CARD B3
              0.00000.00000.00000.00000.00000.00000.00000.00000.0000 3 2 1 3 2 1
LHEL    23  -1-.48030.00002.79130.00000.00000.0000   00.00000.0000      CARD B3
              0.000020.0000.00000.00000.00000.00000.00000.00000.0000 3 2 1 3 2 1
  RS     3   0-.88007.3800-2.6600.00000.0000-5.430   00.00000.0000      CARD B3
              0.000090.0000.00000.00000.00000.00000.00000.00000.0000 3 2 1 3 2 1
  RE    28  -80.00000.00004.94000.00000.0000-3.670   00.00000.0000      CARD B3
              90.0000.00000.000090.0000.00000.00000.000062.5000.0000 3 2 1 3 2 1
  LS     3   0-.8800-7.380-2.6600.00000.0000-5.430   00.00000.0000      CARD B3
              0.000090.0000.00000.00000.00000.00000.00000.00000.0000 3 2 1 3 2 1
  LE    30  -80.00000.00004.94000.00000.0000-3.670   00.00000.0000      CARD B3
              90.0000.00000.000090.0000.00000.00000.000062.5000.0000 3 2 1 3 2 1
  RW    29  -80.00000.00006.0700-.30000.0000-2.130   00.00000.0000      CARD B3
              90.0000.00000.000090.0000.00000.00000.000015.0000.0000 3 2 1 3 2 1
  LW    31  -80.00000.00006.0700-.30000.0000-2.130   00.00000.0000      CARD B3
              90.0000.00000.000090.0000.00000.00000.000015.0000.0000 3 2 1 3 2 1
   -450.00000.00001.0000 0.00000E+0034.3800.00000.00001.0000 0.00000E+00CARD B4
   -450.00000.00001.0000 0.00000E+0034.3800.00000.00001.0000 0.00000E+00CARD B4
   -460.00000.00001.0000 0.00000E+0015.0000.00000.00001.0000 0.00000E+00CARD B4
   -470.00000.00001.0000 0.00000E+0015.0000.00000.00001.0000 0.00000E+00CARD B4
13.2231.33210.09600.7568 0.24500E+0212.8250.00000.00001.0000 0.00000E+00CARD B4
0.00000.00000.00000.0000 0.00000E+000.00000.00000.00000.0000 0.00000E+00CARD B4
0.00002.32100.00001.0000 0.61500E+0225.0130.000050.0261.0000 0.10000E+02CARD B4
0.00000.00000.00001.0000 0.00000E+000.00000.00000.00000.0000 0.00000E+00CARD B4
0.00000.00000.00001.0000 0.00000E+000.00000.00000.00001.0000 0.00000E+00CARD B4
0.00000.00000.00001.0000 0.00000E+000.00000.00000.00001.0000 0.00000E+00CARD B4
   -480.00000.00001.0000 0.00000E+000.00000.00000.00001.0000 0.00000E+00CARD B4
100.040.0000100.041.0000 0.10000E+01100.040.0000100.041.0000 0.10000E+01CARD B4
100.040.0000100.041.0000 0.10000E+010.00000.00000.0000                  CARD B4b
100.040.000050.0211.0000 0.20000E+01100.040.000050.0211.0000 0.10000E+01CARD B4
100.040.000050.0211.0000 0.20000E+010.00000.00000.0000                  CARD B4b
106.000.00000.00001.0000 0.00000E+0050.0210.000050.0211.0000 0.10000E+01CARD B4
1.00040.000010.0041.0000 0.75000E+020.00000.00000.0000                  CARD B4b
100.040.0000100.041.0000 0.10000E+01100.040.0000100.041.0000 0.10000E+01CARD B4
13.2231.33210.09600.7568 0.24500E+0212.8240.00000.00001.0000 0.00000E+00CARD B4
0.00000.00000.00000.0000 0.00000E+000.00000.00000.00000.0000 0.00000E+00CARD B4
0.00002.32100.00001.0000 0.61500E+0225.0130.000050.0261.0000 0.10000E+02CARD B4
0.00000.00000.00001.0000 0.00000E+000.00000.00000.00000.0000 0.00000E+00CARD B4
0.00000.00000.00001.0000 0.00000E+000.00000.00000.00001.0000 0.00000E+00CARD B4
0.00000.00000.00001.0000 0.00000E+000.00000.00000.00001.0000 0.00000E+00CARD B4
   -480.00000.00001.0000 0.00000E+000.00000.00000.00001.0000 0.00000E+00CARD B4
100.040.0000100.041.0000 0.10000E+01100.040.0000100.041.0000 0.10000E+01CARD B4
100.040.0000100.041.0000 0.10000E+010.00000.00000.0000                  CARD B4b
100.040.000050.0211.0000 0.20000E+01100.040.000050.0211.0000 0.10000E+01CARD B4
100.040.000050.0211.0000 0.20000E+010.00000.00000.0000                  CARD B4b
106.000.00000.00001.0000 0.00000E+0050.0210.000050.0211.0000 0.10000E+01CARD B4
1.00040.000010.0041.0000 0.75000E+020.00000.00000.0000                  CARD B4b
100.040.0000100.041.0000 0.10000E+01100.040.0000100.041.0000 0.10000E+01CARD B4
   -410.00000.00001.0000 0.00000E+000.0000100.00100.001.0000 0.12500E+03CARD B4
0.000020.00020.0001.0000 0.52000E+020.00004.65000.00001.0000 0.65300E+02CARD B4
0.00000.00000.00001.0000 0.00000E+000.000090.0000.0000                  CARD B4b
   -420.00000.00001.0000 0.00000E+000.0000100.00100.001.0000 0.12500E+03CARD B4
0.000020.00020.0001.0000 0.52000E+020.00004.65000.00001.0000 0.65300E+02CARD B4
0.00000.00000.00001.0000 0.00000E+000.000090.0000.0000                  CARD B4b
0.00000.00000.00001.0000 0.00000E+000.00004.32000.14001.0000 0.55500E+02CARD B4
0.00000.00000.00001.0000 0.00000E+000.00000.00000.0000                  CARD B4b
0.00000.00000.00001.0000 0.00000E+000.00004.32000.14001.0000 0.55500E+02CARD B4
0.00000.00000.00001.0000 0.00000E+000.00000.00000.0000                  CARD B4b
1.20000.000030.0000.00000.0000                  0.00000.0000            CARD B5
1.20000.000030.0000.00000.0000                  0.00000.0000            CARD B5
0.35000.000030.0000.00000.0000                  0.00000.0000            CARD B5
0.19200.000030.0000.00000.0000                  0.00000.0000            CARD B5
0.9263303.2830.000303.280.0000                  0.00000.0000            CARD B5
0.00000.000030.0000.00000.0000                  0.00000.0000            CARD B5
0.0000110.0430.0000.00000.0000                  0.00000.0000            CARD B5
0.00000.000030.0000.00000.0000                  0.00000.0000            CARD B5
0.00000.000030.0000.00000.0000                  0.00000.0000            CARD B5
0.00000.000030.0000.00000.0000                  0.00000.0000            CARD B5
0.00006.002630.0000.00000.0000                  0.00000.9000            CARD B5
0.00005.002130.0000.00000.0000                  0.00000.9000            CARD B5
0.00000.500230.0000.00000.0000                  0.00000.9000            CARD B5b
0.00000.500230.0000.00000.0000                  0.00000.9000            CARD B5c
0.00002.000930.0000.00000.0000                  0.00000.9000            CARD B5
0.00000.500230.0000.00000.0000                  0.00000.9000            CARD B5b
0.00000.500230.0000.00000.0000                  0.00000.9000            CARD B5c
0.00000.500230.0000.00000.0000                  0.00000.9000            CARD B5
0.00000.500230.0000.00000.0000                  0.00000.9000            CARD B5b
0.00000.500230.0000.00000.0000                  0.00000.9000            CARD B5c
0.00001.000430.0000.00000.0000                  0.00000.9000            CARD B5
0.9263303.2830.000303.280.0000                  0.00000.0000            CARD B5
0.00000.000030.0000.00000.0000                  0.00000.0000            CARD B5
0.0000110.0430.0000.00000.0000                  0.00000.0000            CARD B5
0.00000.000030.0000.00000.0000                  0.00000.0000            CARD B5
0.00000.000030.0000.00000.0000                  0.00000.0000            CARD B5
0.00000.000030.0000.00000.0000                  0.00000.0000            CARD B5
0.00006.002630.0000.00000.0000                  0.00000.9000            CARD B5
0.00005.002130.0000.00000.0000                  0.00000.9000            CARD B5
0.00000.500230.0000.00000.0000                  0.00000.9000            CARD B5b
0.00000.500230.0000.00000.0000                  0.00000.9000            CARD B5c
0.00002.000930.0000.00000.0000                  0.00000.9000            CARD B5
0.00000.500230.0000.00000.0000                  0.00000.9000            CARD B5b
0.00000.500230.0000.00000.0000                  0.00000.9000            CARD B5c
0.00000.500230.0000.00000.0000                  0.00000.9000            CARD B5
0.00000.500230.0000.00000.0000                  0.00000.9000            CARD B5b
0.00000.500230.0000.00000.0000                  0.00000.9000            CARD B5c
0.00001.000430.0000.00000.0000                  0.00000.9000            CARD B5
0.10000.000030.0000.00000.0000                  0.00000.0000            CARD B5
0.10000.000030.0000.00000.0000                  0.00000.0000            CARD B5
0.10000.000030.0000.00000.0000                  0.00000.0000            CARD B5b
0.00000.000030.0000.00000.0000                  0.00000.0000            CARD B5c
0.10000.000030.0000.00000.0000                  0.00000.0000            CARD B5
0.10000.000030.0000.00000.0000                  0.00000.0000            CARD B5
0.10000.000030.0000.00000.0000                  0.00000.0000            CARD B5b
0.00000.000030.0000.00000.0000                  0.00000.0000            CARD B5c
0.50000.000030.0000.00000.0000                  0.00000.0000            CARD B5
0.50000.000030.0000.00000.0000                  0.00000.0000            CARD B5b
0.00000.000030.0000.00000.0000                  0.00000.0000            CARD B5c
0.50000.000030.0000.00000.0000                  0.00000.0000            CARD B5
0.50000.000030.0000.00000.0000                  0.00000.0000            CARD B5b
0.00000.000030.0000.00000.0000                  0.00000.0000            CARD B5c
XXXXXXXXXXXXXXXXXXXXXXXXXXXXXXXXXXXXXXXXXXXXXXXX     6XXXXXX            CARD D1 
   1    HEAD SURFACE                                                    CARD E1 
          0.        0.71       -0.80          0.          0.            CARD E2 
        2.57     -175.98     4495.67    -8953.11     6029.59            CARD E3 
     3                                                                  CARD E4A
        0.71        358.        0.75       3580.        0.80      35800.CARD E4B
   2    BACK OF SHOULDER                                                CARD E1 
          0.        1.62       -1.70          0.          0.            CARD E2 
        0.01      -26.59      380.91     -678.22      456.53            CARD E3 
     3                                                                  CARD E4A
        1.62        48.3        1.65        483.        1.70       4830.CARD E4B
   3    CHEST                                                           CARD E1 
          0.        1.31       -1.40          0.          0.            CARD E2 
        0.55        5.46       73.49      -15.01                        CARD E3 
     3                                                                  CARD E4A
        1.31       158.6        1.35       1586.        1.40      15860.CARD E4B
   4    ANTERIOR PELVIS                                                 CARD E1 
          0.        2.02       -2.10          0.          0.            CARD E2 
       -0.14        1.58       24.39      -29.33       13.76            CARD E3 
     3                                                                  CARD E4A
        2.02        89.7        2.05        897.        2.10       8970.CARD E4B
   5    POSTERIOR PELVIS                                                CARD E1 
          0.        1.96       -2.10          0.          0.            CARD E2 
       -0.76       35.10       40.04      -12.49                        CARD E3 
     3                                                                  CARD E4A
        1.96       127.8        2.03       1278.        2.10      12780.CARD E4B
   6    UPPER ARM                                                       CARD E1 
          0.        0.89       -1.00          0.          0.            CARD E2 
        1.54      -30.63      627.09    -1197.70      917.23            CARD E3 
     3                                                                  CARD E4A
        0.89       203.1        0.95       2031.        1.00      20310.CARD E4B
   7    FOREARM                                                         CARD E1 
          0.        1.31       -1.40          0.          0.            CARD E2 
       -2.40      107.37     -313.36      504.61     -196.37            CARD E3 
     3                                                                  CARD E4A
        1.31       156.2        1.35       1562.        1.40      15620.CARD E4B
   8    HAND                                                            CARD E1 
          0.        0.38       -0.45          0.          0.            CARD E2 
       -0.04      -31.04     2384.47   -10193.90    19172.50            CARD E3 
     3                                                                  CARD E4A
        0.38       139.4        0.41       1394.        0.45      13940.CARD E4B
   9    UPPER LEG                                                       CARD E1 
          0.        1.31       -1.40          0.          0.            CARD E2 
       -0.28       14.19       81.94     -122.62       98.73      -29.09CARD E3 
     3                                                                  CARD E4A
        1.31        61.6        1.35        616.        1.40       6160.CARD E4B
  10    KNEE                                                            CARD E1 
          0.        0.54       -0.58          0.          0.            CARD E2 
       -0.04        2.22      867.34     -401.61                        CARD E3 
     3                                                                  CARD E4A
        0.54       187.8        0.56       1878.        0.58      18780.CARD E4B
  11    FRONT OF LOWER LEG                                              CARD E1 
          0.        1.78       -1.90          0.          0.            CARD E2 
       -0.74       26.79        3.92       29.05                        CARD E3 
     3                                                                  CARD E4A
        1.78       223.6        1.84       2236.        1.90      22360.CARD E4B
  12    BACK OF LOWER LEG                                               CARD E1 
          0.        1.66       -1.75          0.          0.            CARD E2 
       -0.08       29.42       -2.08                                    CARD E3 
     3                                                                  CARD E4A
        1.66        43.2        1.70        432.        1.75       4320.CARD E4B
  13    FOOT                                                            CARD E1 
          0.        0.83       -0.95          0.          0.            CARD E2 
       -0.68       82.75     -704.17     3367.10    -5570.69     3188.30CARD E3 
     3                                                                  CARD E4A
        0.83       121.2        0.89       1212.        0.95      12120.CARD E4B
  14    Heel w/shoe FDF                                                 CARD E1
 0.00000E+00-0.11811E+01 0.00000E+00 0.00000E+00 0.00000E+00            CARD E2
     7
 0.00000E+00 0.00000E+00 0.19685E+00 0.21500E+03 0.39370E+00 0.49602E+03CARD E4B
 0.59055E+00 0.88380E+03 0.78740E+00 0.14183E+04 0.98425E+00 0.21405E+04CARD E4B
 0.11811E+01 0.53952E+04
  15    Forefoot w/shoe FDF                                             CARD E1
 0.00000E+00-0.11811E+01 0.00000E+00 0.00000E+00 0.00000E+00            CARD E2
     7
 0.00000E+00 0.00000E+00 0.19685E+00 0.74454E+02 0.39370E+00 0.29051E+03CARD E4B
 0.59055E+00 0.72903E+03 0.78740E+00 0.14712E+04 0.98425E+00 0.25978E+04CARD E4B
 0.11811E+01 0.53952E+04
999                                                                     CARD E1 
  41    RIGHT SHOULDER JOINT                                            CARD E7A
                                                                        CARD E7B
    -4     8                                                            CARD E7C
       151.0         0.0     87900.0         0.0                        CARD E7D
        75.0         0.0     13700.0         0.0                        CARD E7E
         0.0         0.0      -312.0     11800.0                        CARD E7F
        66.0         0.0      7780.0   3010000.0                        CARD E7G
        68.0         0.0     22200.0    376000.0                        CARD E7H
        89.0         0.0     22000.0         0.0                        CARD E7I
       111.0         0.0      2470.0     17600.0                        CARD E7J
       153.0         0.0     13000.0         0.0                        CARD E7K
  42    LEFT SHOULDER JOINT                                             CARD E7A
                                                                        CARD E7B
    -4     8                                                            CARD E7C
       151.0         0.0     87900.0         0.0                        CARD E7D
       153.0         0.0     13000.0         0.0                        CARD E7E
       111.0         0.0      2470.0     17600.0                        CARD E7F
        89.0         0.0     22000.0         0.0                        CARD E7G
        68.0         0.0     22200.0    376000.0                        CARD E7H
        66.0         0.0      7780.0   3010000.0                        CARD E7I
         0.0         0.0      -312.0     11800.0                        CARD E7J
        75.0         0.0     13700.0         0.0                        CARD E7K
  45    SEATED LUMBAR SPINE                                             CARD E7A
                                                                        CARD E7B
    19     4                                                            CARD E7C
         0.0      4600.0      9200.0     13800.0     18400.0     23000.0CARD E7D
     27600.0     32200.0     36800.0     41400.0     50600.0     69000.0CARD E7E
    105800.0    179400.0    326600.0    621000.0   1209800.0   2387400.0CARD E7F
   4742600.0                                                            CARD E7G
         0.0      6800.0     13600.0     20400.0     27200.0     34000.0CARD E7H
     40800.0     47600.0     54400.0     61200.0     74800.0    102000.0CARD E7I
    156400.0    265200.0    482800.0    918000.0   1788400.0   3529200.0CARD E7J
   7010800.0                                                            CARD E7K
         0.0      3000.0      6000.0      9000.0     12000.0     15000.0CARD E7L
     18000.0     21000.0     24000.0     27000.0     33000.0     45000.0CARD E7M
     69000.0    117000.0    213000.0    405000.0    789000.0   1557000.0CARD E7N
   3093000.0                                                            CARD E7O
         0.0      6800.0     13600.0     20400.0     27200.0     34000.0CARD E7P
     40800.0     47600.0     54400.0     61200.0     74800.0    102000.0CARD E7Q
    156400.0    265200.0    482800.0    918000.0   1788400.0   3529200.0CARD E7R
   7010800.0                                                            CARD E7S
  46    NECK PIVOT                                                      CARD E7A
                                                                        CARD E7B
    19     4                                                            CARD E7C
         0.0       700.0      1400.0      2100.0      2800.0      3500.0CARD E7D
      4200.0      4900.0      5600.0      6300.0      7000.0      7700.0CARD E7E
      8400.0      9800.0     12600.0     18200.0     29400.0     51800.0CARD E7F
     96600.0                                                            CARD E7G
         0.0       600.0      1200.0      1800.0      2400.0      3000.0CARD E7H
      3600.0      4200.0      4800.0      5400.0      6000.0      6600.0CARD E7I
      7200.0      8400.0     10800.0     15600.0     25200.0     44400.0CARD E7J
     82800.0                                                            CARD E7K
         0.0       300.0       600.0       900.0      1200.0      1500.0CARD E7L
      1800.0      2100.0      2400.0      2700.0      3000.0      3300.0CARD E7M
      3600.0      4200.0      5400.0      7800.0     12600.0     22200.0CARD E7N
     41400.0                                                            CARD E7O
         0.0       600.0      1200.0      1800.0      2400.0      3000.0CARD E7P
      3600.0      4200.0      4800.0      5400.0      6000.0      6600.0CARD E7Q
      7200.0      8400.0     10800.0     15600.0     25200.0     44400.0CARD E7R
     82800.0                                                            CARD E7S
  47    HEAD PIVOT                                                      CARD E7A
                                                                        CARD E7B
    19     4                                                            CARD E7C
         0.0       490.0       980.0      1680.0      2380.0      3080.0CARD E7D
      3780.0      4480.0      5180.0      5880.0      6580.0      7280.0CARD E7E
      7980.0      9380.0     12180.0     17780.0     28980.0     51380.0CARD E7F
     96180.0                                                            CARD E7G
         0.0       600.0      1200.0      1800.0      2400.0      3000.0CARD E7H
      3600.0      4200.0      4800.0      5400.0      6000.0      6600.0CARD E7I
      7200.0      8400.0     10800.0     15600.0     25200.0     44400.0CARD E7J
     82800.0                                                            CARD E7K
         0.0       250.0       500.0       800.0      1100.0      1400.0CARD E7L
      1700.0      2000.0      2300.0      2600.0      2900.0      3200.0CARD E7M
      3500.0      4100.0      5300.0      7700.0     12500.0     22100.0CARD E7N
     41300.0                                                            CARD E7O
         0.0       600.0      1200.0      1800.0      2400.0      3000.0CARD E7P
      3600.0      4200.0      4800.0      5400.0      6000.0      6600.0CARD E7Q
      7200.0      8400.0     10800.0     15600.0     25200.0     44400.0CARD E7R
     82800.0                                                            CARD E7S
  48    Ankle Joint         
 
    -4    16                                                            CARD E7C
 0.43000E+02 0.47356E+04-0.90652E+04-0.66591E+04
 0.44000E+02 0.47356E+04-0.90652E+04-0.66591E+04
 0.32000E+02 0.47356E+04-0.90652E+04-0.66591E+04
 0.26000E+02 0.47356E+04-0.90652E+04-0.66591E+04
 0.25000E+02 0.47356E+04-0.90652E+04-0.66591E+04
 0.26000E+02 0.47356E+04-0.90652E+04-0.66591E+04
 0.32000E+02 0.47356E+04-0.90652E+04-0.66591E+04
 0.44000E+02 0.47356E+04-0.90652E+04-0.66591E+04
 0.43000E+02 0.47356E+04-0.90652E+04-0.66591E+04
 0.44000E+02 0.47356E+04-0.90652E+04-0.66591E+04
 0.32000E+02 0.47356E+04-0.90652E+04-0.66591E+04
 0.26000E+02 0.47356E+04-0.90652E+04-0.66591E+04
 0.25000E+02 0.47356E+04-0.90652E+04-0.66591E+04
 0.26000E+02 0.47356E+04-0.90652E+04-0.66591E+04
 0.32000E+02 0.47356E+04-0.90652E+04-0.66591E+04
 0.44000E+02 0.47356E+04-0.90652E+04-0.66591E+04
   0   0   0   0   0   0   0   0   0   0   0   0   0   0   0   0   0   0CARD F.4
   0   0   0   0   0   0   0   0   0   0   0   0   0   0   0   0   0   0CARD F.4
394 'SITTING HYBRID III WITH LOWER EXTREMITY MODEL'                     TITLE
    33    32        SITTING HYBRID III                                  CARD B1
 LT   197.780.27770.14650.13650.12700.18250.1219-.02540.00000.0000   1  CARD B2
            0.0000-37.32180.00                                          CARD B2b
 MT   21.7530.00690.00670.00230.12130.16510.10160.02540.0000-.0254   1  CARD B2
            0.00004.1600180.00                                          CARD B2b
 UT   174.450.29600.23180.19590.12260.16510.19770.00000.00000.0000   1  CARD B2
            0.00004.9900180.00                                          CARD B2b
 N    11.8680.00290.00290.00090.04250.04250.07620.00000.00000.0000   1  CARD B2
            0.00000.0000180.00                                          CARD B2b
 H    44.1330.01590.02400.02210.10800.07300.10160.00000.00000.0000   1  CARD B2
            0.0000-26.58180.00                                          CARD B2b
RFEM  37.1400.01810.01530.00430.08890.08890.13970.00000.00000.0000   1  CARD B2
            0.0000-29.000.0000                                          CARD B2b
RKNE  20.1500.00830.00920.00370.06350.06350.10160.00000.00000.0000   1  CARD B2
            0.00000.00000.0000                                          CARD B2b
RSLD  1.33412.E-050.00050.00050.02540.02540.02540.00000.00000.0000   0  CARD B2
RCLS  10.9900.00260.00200.00100.03810.03810.06350.00000.00000.0000   1  CARD B2
            0.0000-14.000.0000                                          CARD B2b
RTIB  23.0400.03280.03070.00220.05720.05080.1651-.01270.00000.0000   1  CARD B2
            0.000040.0000.0000                                          CARD B2b
RANK  7.42840.00050.00050.00070.03810.03180.05080.00000.00000.0000   1  CARD B2
            0.00000.00000.0000                                          CARD B2b
RCP   0.10011.E-051.E-051.E-050.05970.04300.05970.00000.00000.0000   0  CARD B2
RMFT  16.0000.00090.00330.00320.05080.04100.05080.01180.0000-.0136   1  CARD B2
            0.00000.0000-32.80                                          CARD B2b
RFFT  0.10011.E-051.E-051.E-050.06530.05400.03300.00000.00000.0000   0  CARD B2
RTOE  2.00000.00010.00030.00030.04500.04000.02490.00000.00000.0000   0  CARD B2
RHEL  0.10011.E-051.E-051.E-050.05740.04300.01750.00000.00000.0000   0  CARD B2
LFEM  37.1400.01810.01530.00430.08890.08890.13970.00000.00000.0000   1  CARD B2
            0.0000-29.000.0000                                          CARD B2b
LKNE  20.1500.00830.00920.00370.06350.06350.10160.00000.00000.0000   1  CARD B2
            0.00000.00000.0000                                          CARD B2b
LSLD  1.33412.E-050.00050.00050.02540.02540.02540.00000.00000.0000   0  CARD B2
LCLS  10.9900.00260.00200.00100.03810.03810.06350.00000.00000.0000   1  CARD B2
            0.0000-14.000.0000                                          CARD B2b
LTIB  23.0400.03280.03070.00220.05720.05080.1651-.01270.00000.0000   1  CARD B2
            0.000040.0000.0000                                          CARD B2b
LANK  7.42840.00050.00050.00070.03810.03180.05080.00000.00000.0000   1  CARD B2
            0.00000.00000.0000                                          CARD B2b
LCP   0.10011.E-051.E-051.E-050.05970.04300.05970.00000.00000.0000   0  CARD B2
LMFT  16.0000.00090.00330.00320.05080.04100.05080.01180.0000-.0136   1  CARD B2
            0.00000.000032.800                                          CARD B2b
LFFT  0.10011.E-051.E-051.E-050.06530.05400.03300.00000.00000.0000   0  CARD B2
LTOE  2.00000.00010.00030.00030.04500.04000.02490.00000.0000-.0025   0  CARD B2
LHEL  0.10011.E-051.E-051.E-050.05740.04300.01750.00000.00000.0000   0  CARD B2
 RUA  20.4490.01160.01130.00120.04830.04570.15240.00000.0000-.0254   1  CARD B2
            0.0000-1.310180.00                                          CARD B2b
 RLA  16.9040.01350.01270.00080.04510.04510.14730.00000.00000.0000   1  CARD B2
            0.0000-1.310180.00                                          CARD B2b
 LUA  20.4490.01160.01130.00120.04830.04570.15240.00000.0000-.0254   1  CARD B2
            0.0000-1.310180.00                                          CARD B2b
 LLA  16.9040.01350.01270.00080.04510.04510.14730.00000.00000.0000   1  CARD B2
            0.0000-1.310180.00                                          CARD B2b
 RHD  5.73840.00130.00110.00040.02540.04750.09270.00000.00000.0000   1  CARD B2
            -5.35030.750173.50                                          CARD B2b
 LHD  5.73840.00130.00110.00040.02540.04750.09270.00000.00000.0000   1  CARD B2
            5.350030.750-173.5                                          CARD B2b
  P      1   0-.05460.0000-.0422-.00890.00000.0650   00.00000.0000      CARD B3
              0.00000.00000.00000.00000.00000.00000.00000.00000.0000 3 2 1 3 2 1
  W      2   0-.00890.0000-.0650-.02260.00000.1486   00.00000.0000      CARD B3
              0.00000.00000.00000.00000.00000.00000.00000.00000.0000 3 2 1 3 2 1
  NP     3   00.00000.0000-.15140.00000.00000.0701   00.00000.0000      CARD B3
              0.00000.00000.00000.00000.00000.00000.00000.00000.0000 3 2 1 3 2 1
  HP     4   00.00000.0000-.0721-.01400.00000.0508   00.00000.0000      CARD B3
              0.00000.00000.00000.00000.00000.00000.00000.00000.0000 3 2 1 3 2 1
RH       1   0-.00280.08000.03150.0222-.0135-.1838   00.00000.0000      CARD B3
              0.000090.0000.00000.00000.00000.00000.00000.00000.0000 3 2 1 3 2 1
RFEM     6  -20.00190.00000.12230.01000.0000-.0588   00.00000.0000      CARD B3
              0.00000.00000.00000.00006.00000.00000.00000.00000.0000 3 2 1 3 2 1
RKNE     7   10.00000.00000.05360.00000.00000.0000   00.00000.0000      CARD B3
              0.00000.00000.00000.000061.5000.00000.00000.00000.0000 3 2 1 3 2 1
RSLD     8  -50.00000.00000.0000-.00030.0000-.0269   1-350.0350.00      CARD B3
              0.000090.0000.00000.000090.0000.00000.00000.00000.0000 3 2 1 3 2 1
RTB1     9  -20.00770.00000.0770-.00510.0000-.1105   00.00000.0000      CARD B3
              0.00000.00000.00000.000016.0000.00000.00000.00000.0000 3 2 1 3 2 1
RTB2    10  -2-.00510.00000.12250.01000.0000-.0449   00.00000.0000      CARD B3
              0.00000.00000.00000.0000-17.400.00000.00000.00000.0000 3 2 1 3 2 1
RANK    11   20.00380.00000.0350-.01000.0000-.0330   00.00000.0000      CARD B3
              0.00000.00000.00000.000017.4000.00000.00000.00000.0000 3 2 1 3 2 1
RMFT    12  -40.05200.00000.04130.00000.00000.0000   00.00000.0000      CARD B3
              0.00000.00000.00000.00000.00000.00000.00000.00000.0000 3 2 1 3 2 1
RFFT    13  -40.07830.00000.01460.00000.00000.0000   00.00000.0000      CARD B3
              0.00000.00000.00000.00000.00000.00000.00000.00000.0000 3 2 1 3 2 1
RTOE    14  -70.02360.00000.0000-.04500.00000.0000   00.00000.0000      CARD B3
              0.00000.00000.00000.00000.00000.00000.00000.00000.0000 3 2 1 3 2 1
RHEL    12  -1-.01220.00000.07090.00000.00000.0000   00.00000.0000      CARD B3
              0.00000.00000.00000.00000.00000.00000.00000.00000.0000 3 2 1 3 2 1
LH       1   0-.0028-.08000.03150.02220.0135-.1838   00.00000.0000      CARD B3
              0.000090.0000.00000.00000.00000.00000.00000.00000.0000 3 2 1 3 2 1
LFEM    17  -20.00190.00000.12230.01000.0000-.0588   00.00000.0000      CARD B3
              0.00000.00000.00000.00006.00000.00000.00000.00000.0000 3 2 1 3 2 1
LKNE    18   10.00000.00000.05360.00000.00000.0000   00.00000.0000      CARD B3
              0.00000.00000.00000.000061.5000.00000.00000.00000.0000 3 2 1 3 2 1
LSLD    19  -50.00000.00000.0000-.00030.0000-.0269   1-350.0350.00      CARD B3
              0.000090.0000.00000.000090.0000.00000.00000.00000.0000 3 2 1 3 2 1
LTB1    20  -20.00770.00000.0770-.00510.0000-.1105   00.00000.0000      CARD B3
              0.00000.00000.00000.000016.0000.00000.00000.00000.0000 3 2 1 3 2 1
LTB2    21  -2-.00510.00000.12250.01000.0000-.0449   00.00000.0000      CARD B3
              0.00000.00000.00000.0000-17.400.00000.00000.00000.0000 3 2 1 3 2 1
LANK    22   20.00380.00000.0350-.01000.0000-.0330   00.00000.0000      CARD B3
              0.00000.00000.00000.000017.4000.00000.00000.00000.0000 3 2 1 3 2 1
LMFT    23  -40.05200.00000.04130.00000.00000.0000   00.00000.0000      CARD B3
              0.00000.00000.00000.00000.00000.00000.00000.00000.0000 3 2 1 3 2 1
LFFT    24  -40.07830.00000.01460.00000.00000.0000   00.00000.0000      CARD B3
              0.00000.00000.00000.00000.00000.00000.00000.00000.0000 3 2 1 3 2 1
LTOE    25  -70.02360.00000.0000-.04500.00000.0000   00.00000.0000      CARD B3
              0.00000.00000.00000.00000.00000.00000.00000.00000.0000 3 2 1 3 2 1
LHEL    23  -1-.01220.00000.07090.00000.00000.0000   00.00000.0000      CARD B3
              0.000020.0000.00000.00000.00000.00000.00000.00000.0000 3 2 1 3 2 1
  RS     3   0-.02240.1875-.06760.00000.0000-.1379   00.00000.0000      CARD B3
              0.000090.0000.00000.00000.00000.00000.00000.00000.0000 3 2 1 3 2 1
  RE    28  -80.00000.00000.12550.00000.0000-.0932   00.00000.0000      CARD B3
              90.0000.00000.000090.0000.00000.00000.000062.5000.0000 3 2 1 3 2 1
  LS     3   0-.0224-.1875-.06760.00000.0000-.1379   00.00000.0000      CARD B3
              0.000090.0000.00000.00000.00000.00000.00000.00000.0000 3 2 1 3 2 1
  LE    30  -80.00000.00000.12550.00000.0000-.0932   00.00000.0000      CARD B3
              90.0000.00000.000090.0000.00000.00000.000062.5000.0000 3 2 1 3 2 1
  RW    29  -80.00000.00000.1542-.00760.0000-.0541   00.00000.0000      CARD B3
              90.0000.00000.000090.0000.00000.00000.000015.0000.0000 3 2 1 3 2 1
  LW    31  -80.00000.00000.1542-.00760.0000-.0541   00.00000.0000      CARD B3
              90.0000.00000.000090.0000.00000.00000.000015.0000.0000 3 2 1 3 2 1
   -450.00000.00001.0000 0.00000E+003.88430.00000.00001.0000 0.00000E+00CARD B4
   -450.00000.00001.0000 0.00000E+003.88430.00000.00001.0000 0.00000E+00CARD B4
   -460.00000.00001.0000 0.00000E+001.69470.00000.00001.0000 0.00000E+00CARD B4
   -470.00000.00001.0000 0.00000E+001.69470.00000.00001.0000 0.00000E+00CARD B4
1.49400.15050.01080.7568 0.24500E+021.44900.00000.00001.0000 0.00000E+00CARD B4
0.00000.00000.00000.0000 0.00000E+000.00000.00000.00000.0000 0.00000E+00CARD B4
0.00002.32100.00001.0000 0.61500E+022.82600.00005.65201.0000 0.10000E+02CARD B4
0.00000.00000.00001.0000 0.00000E+000.00000.00000.00000.0000 0.00000E+00CARD B4
0.00000.00000.00001.0000 0.00000E+000.00000.00000.00001.0000 0.00000E+00CARD B4
0.00000.00000.00001.0000 0.00000E+000.00000.00000.00001.0000 0.00000E+00CARD B4
   -480.00000.00001.0000 0.00000E+000.00000.00000.00001.0000 0.00000E+00CARD B4
11.3030.000011.3031.0000 0.10000E+0111.3030.000011.3031.0000 0.10000E+01CARD B4
11.3030.000011.3031.0000 0.10000E+010.00000.00000.0000                  CARD B4b
11.3030.00005.65151.0000 0.20000E+0111.3030.00005.65151.0000 0.10000E+01CARD B4
11.3030.00005.65151.0000 0.20000E+010.00000.00000.0000                  CARD B4b
11.9760.00000.00001.0000 0.00000E+005.65150.00005.65151.0000 0.10000E+01CARD B4
0.11300.00001.13031.0000 0.75000E+020.00000.00000.0000                  CARD B4b
11.3030.000011.3031.0000 0.10000E+0111.3030.000011.3031.0000 0.10000E+01CARD B4
1.49400.15050.01080.7568 0.24500E+021.44890.00000.00001.0000 0.00000E+00CARD B4
0.00000.00000.00000.0000 0.00000E+000.00000.00000.00000.0000 0.00000E+00CARD B4
0.00002.32100.00001.0000 0.61500E+022.82600.00005.65201.0000 0.10000E+02CARD B4
0.00000.00000.00001.0000 0.00000E+000.00000.00000.00000.0000 0.00000E+00CARD B4
0.00000.00000.00001.0000 0.00000E+000.00000.00000.00001.0000 0.00000E+00CARD B4
0.00000.00000.00001.0000 0.00000E+000.00000.00000.00001.0000 0.00000E+00CARD B4
   -480.00000.00001.0000 0.00000E+000.00000.00000.00001.0000 0.00000E+00CARD B4
11.3030.000011.3031.0000 0.10000E+0111.3030.000011.3031.0000 0.10000E+01CARD B4
11.3030.000011.3031.0000 0.10000E+010.00000.00000.0000                  CARD B4b
11.3030.00005.65151.0000 0.20000E+0111.3030.00005.65151.0000 0.10000E+01CARD B4
11.3030.00005.65151.0000 0.20000E+010.00000.00000.0000                  CARD B4b
11.9760.00000.00001.0000 0.00000E+005.65150.00005.65151.0000 0.10000E+01CARD B4
0.11300.00001.13031.0000 0.75000E+020.00000.00000.0000                  CARD B4b
11.3030.000011.3031.0000 0.10000E+0111.3030.000011.3031.0000 0.10000E+01CARD B4
   -410.00000.00001.0000 0.00000E+000.000011.29811.2981.0000 0.12500E+03CARD B4
0.000020.00020.0001.0000 0.52000E+020.00000.52540.00001.0000 0.65300E+02CARD B4
0.00000.00000.00001.0000 0.00000E+000.000090.0000.0000                  CARD B4b
   -420.00000.00001.0000 0.00000E+000.000011.29811.2981.0000 0.12500E+03CARD B4
0.000020.00020.0001.0000 0.52000E+020.00000.52540.00001.0000 0.65300E+02CARD B4
0.00000.00000.00001.0000 0.00000E+000.000090.0000.0000                  CARD B4b
0.00000.00000.00001.0000 0.00000E+000.00000.48810.01581.0000 0.55500E+02CARD B4
0.00000.00000.00001.0000 0.00000E+000.00000.00000.0000                  CARD B4b
0.00000.00000.00001.0000 0.00000E+000.00000.48810.01581.0000 0.55500E+02CARD B4
0.00000.00000.00001.0000 0.00000E+000.00000.00000.0000                  CARD B4b
0.13560.000030.0000.00000.0000                  0.00000.0000            CARD B5
0.13560.000030.0000.00000.0000                  0.00000.0000            CARD B5
0.03950.000030.0000.00000.0000                  0.00000.0000            CARD B5
0.02170.000030.0000.00000.0000                  0.00000.0000            CARD B5
0.104734.26530.00034.2650.0000                  0.00000.0000            CARD B5
0.00000.000030.0000.00000.0000                  0.00000.0000            CARD B5
0.000012.43230.0000.00000.0000                  0.00000.0000            CARD B5
0.00000.000030.0000.00000.0000                  0.00000.0000            CARD B5
0.00000.000030.0000.00000.0000                  0.00000.0000            CARD B5
0.00000.000030.0000.00000.0000                  0.00000.0000            CARD B5
0.00000.678230.0000.00000.0000                  0.00000.9000            CARD B5
0.00000.565130.0000.00000.0000                  0.00000.9000            CARD B5
0.00000.056530.0000.00000.0000                  0.00000.9000            CARD B5b
0.00000.056530.0000.00000.0000                  0.00000.9000            CARD B5c
0.00000.226130.0000.00000.0000                  0.00000.9000            CARD B5
0.00000.056530.0000.00000.0000                  0.00000.9000            CARD B5b
0.00000.056530.0000.00000.0000                  0.00000.9000            CARD B5c
0.00000.056530.0000.00000.0000                  0.00000.9000            CARD B5
0.00000.056530.0000.00000.0000                  0.00000.9000            CARD B5b
0.00000.056530.0000.00000.0000                  0.00000.9000            CARD B5c
0.00000.113030.0000.00000.0000                  0.00000.9000            CARD B5
0.104734.26530.00034.2650.0000                  0.00000.0000            CARD B5
0.00000.000030.0000.00000.0000                  0.00000.0000            CARD B5
0.000012.43230.0000.00000.0000                  0.00000.0000            CARD B5
0.00000.000030.0000.00000.0000                  0.00000.0000            CARD B5
0.00000.000030.0000.00000.0000                  0.00000.0000            CARD B5
0.00000.000030.0000.00000.0000                  0.00000.0000            CARD B5
0.00000.678230.0000.00000.0000                  0.00000.9000            CARD B5
0.00000.565130.0000.00000.0000                  0.00000.9000            CARD B5
0.00000.056530.0000.00000.0000                  0.00000.9000            CARD B5b
0.00000.056530.0000.00000.0000                  0.00000.9000            CARD B5c
0.00000.226130.0000.00000.0000                  0.00000.9000            CARD B5
0.00000.056530.0000.00000.0000                  0.00000.9000            CARD B5b
0.00000.056530.0000.00000.0000                  0.00000.9000            CARD B5c
0.00000.056530.0000.00000.0000                  0.00000.9000            CARD B5
0.00000.056530.0000.00000.0000                  0.00000.9000            CARD B5b
0.00000.056530.0000.00000.0000                  0.00000.9000            CARD B5c
0.00000.113030.0000.00000.0000                  0.00000.9000            CARD B5
0.01130.000030.0000.00000.0000                  0.00000.0000            CARD B5
0.01130.000030.0000.00000.0000                  0.00000.0000            CARD B5
0.01130.000030.0000.00000.0000                  0.00000.0000            CARD B5b
0.00000.000030.0000.00000.0000                  0.00000.0000            CARD B5c
0.01130.000030.0000.00000.0000                  0.00000.0000            CARD B5
0.01130.000030.0000.00000.0000                  0.00000.0000            CARD B5
0.01130.000030.0000.00000.0000                  0.00000.0000            CARD B5b
0.00000.000030.0000.00000.0000                  0.00000.0000            CARD B5c
0.05650.000030.0000.00000.0000                  0.00000.0000            CARD B5
0.05650.000030.0000.00000.0000                  0.00000.0000            CARD B5b
0.00000.000030.0000.00000.0000                  0.00000.0000            CARD B5c
0.05650.000030.0000.00000.0000                  0.00000.0000            CARD B5
0.05650.000030.0000.00000.0000                  0.00000.0000            CARD B5b
0.00000.000030.0000.00000.0000                  0.00000.0000            CARD B5c
XXXXXXXXXXXXXXXXXXXXXXXXXXXXXXXXXXXXXXXXXXXXXXXX     6XXXXXX            CARD D1 
   1    HEAD SURFACE                                                    CARD E.1
        0.00        0.02       -0.02        0.00        0.00            CARD E.2
 0.11432E+02-0.30820E+05 0.30998E+08-0.24304E+10 0.64440E+11 0.00000E+00CARD E.3
     3                                                                  CARD E.4
        0.02        9.09        0.02       90.93        0.02      909.32CARD E.4
   2    BACK OF SHOULDER                                                CARD E.1
        0.00        0.04       -0.04        0.00        0.00            CARD E.2
 0.44484E-01-0.46568E+04 0.26264E+07-0.18411E+09 0.48790E+10 0.00000E+00CARD E.3
     3                                                                  CARD E.4
        0.04        1.23        0.04       12.27        0.04      122.68CARD E.4
   3    CHEST                                                           CARD E.1
        0.00        0.03       -0.04        0.00        0.00            CARD E.2
 0.24466E+01 0.95623E+03 0.50671E+06-0.40746E+07 0.00000E+00 0.00000E+00CARD E.3
     3                                                                  CARD E.4
        0.03        4.03        0.03       40.28        0.04      402.84CARD E.4
   4    ANTERIOR PELVIS                                                 CARD E.1
        0.00        0.05       -0.05        0.00        0.00            CARD E.2
-0.62278E+00 0.27671E+03 0.16817E+06-0.79618E+07 0.14706E+09 0.00000E+00CARD E.3
     3                                                                  CARD E.4
        0.05        2.28        0.05       22.78        0.05      227.84CARD E.4
   5    POSTERIOR PELVIS                                                CARD E.1
        0.00        0.05       -0.05        0.00        0.00            CARD E.2
-0.33808E+01 0.61472E+04 0.27608E+06-0.33905E+07 0.00000E+00 0.00000E+00CARD E.3
     3                                                                  CARD E.4
        0.05        3.25        0.05       32.46        0.05      324.61CARD E.4
   6    UPPER ARM                                                       CARD E.1
        0.00        0.02       -0.03        0.00        0.00            CARD E.2
 0.68505E+01-0.53643E+04 0.43238E+07-0.32512E+09 0.98026E+10 0.00000E+00CARD E.3
     3                                                                  CARD E.4
        0.02        5.16        0.02       51.59        0.03      515.87CARD E.4
   7    FOREARM                                                         CARD E.1
        0.00        0.03       -0.04        0.00        0.00            CARD E.2
-0.10676E+02 0.18804E+05-0.21606E+07 0.13698E+09-0.20987E+10 0.00000E+00CARD E.3
     3                                                                  CARD E.4
        0.03        3.97        0.03       39.67        0.04      396.75CARD E.4
   8    HAND                                                            CARD E.1
        0.00        0.01       -0.01        0.00        0.00            CARD E.2
-0.17794E+00-0.54361E+04 0.16441E+08-0.27672E+10 0.20490E+12 0.00000E+00CARD E.3
     3                                                                  CARD E.4
        0.01        3.54        0.01       35.41        0.01      354.08CARD E.4
   9    UPPER LEG                                                       CARD E.1
        0.00        0.03       -0.04        0.00        0.00            CARD E.2
-0.12456E+01 0.24851E+04 0.56498E+06-0.33286E+08 0.10552E+10-0.12240E+11CARD E.3
     3                                                                  CARD E.4
        0.03        1.56        0.03       15.65        0.04      156.46CARD E.4
  10    KNEE                                                            CARD E.1
        0.00        0.01       -0.01        0.00        0.00            CARD E.2
-0.17794E+00 0.38880E+03 0.59803E+07-0.10902E+09 0.00000E+00 0.00000E+00CARD E.3
     3                                                                  CARD E.4
        0.01        4.77        0.01       47.70        0.01      477.01CARD E.4
  11    FRONT OF LOWER LEG                                              CARD E.1
        0.00        0.05       -0.05        0.00        0.00            CARD E.2
-0.32918E+01 0.46918E+04 0.27028E+05 0.78858E+07 0.00000E+00 0.00000E+00CARD E.3
     3                                                                  CARD E.4
        0.05        5.68        0.05       56.79        0.05      567.94CARD E.4
  12    BACK OF LOWER LEG                                               CARD E.1
        0.00        0.04       -0.04        0.00        0.00            CARD E.2
-0.35587E+00 0.51524E+04-0.14342E+05 0.00000E+00 0.00000E+00 0.00000E+00CARD E.3
     3                                                                  CARD E.4
        0.04        1.10        0.04       10.97        0.04      109.73CARD E.4
  13    FOOT                                                            CARD E.1
        0.00        0.02       -0.02        0.00        0.00            CARD E.2
-0.30249E+01 0.14492E+05-0.48553E+07 0.91402E+09-0.59535E+11 0.13415E+13CARD E.3
     3                                                                  CARD E.4
        0.02        3.08        0.02       30.78        0.02      307.85CARD E.4
  14    Heel w/shoe FDF     
 0.00000E+00-0.30000E-01 0.00000E+00 0.00000E+00 0.00000E+00            CARD E2
     7
 0.00000E+00 0.00000E+00 0.50000E-02 0.95640E+03 0.10000E-01 0.22065E+04CARD E4B
 0.15000E-01 0.39315E+04 0.20000E-01 0.63090E+04 0.25000E-01 0.95220E+04CARD E4B
 0.30000E-01 0.24000E+05
  15    Forefoot w/shoe FDF 
 0.00000E+00-0.30000E-01 0.00000E+00 0.00000E+00 0.00000E+00            CARD E2
     7
 0.00000E+00 0.00000E+00 0.50000E-02 0.33120E+03 0.10000E-01 0.12923E+04CARD E4B
 0.15000E-01 0.32430E+04 0.20000E-01 0.65445E+04 0.25000E-01 0.11556E+05CARD E4B
 0.30000E-01 0.24000E+05
999                                                                     CARD E.1
  41    RIGHT SHOULDER JOINT                                            CARD E.7

    -4     8                                                            CARD E.7
     151.000       0.000    9931.734       0.000                                
      75.000       0.000    1547.949       0.000                                
       0.000       0.000     -35.253    1333.270                                
      66.000       0.000     879.054  340096.900                                
      68.000       0.000    2508.356   42483.870                                
      89.000       0.000    2485.758       0.000                                
     111.000       0.000     279.083    1988.606                                
     153.000       0.000    1468.857       0.000                                
  42    LEFT SHOULDER JOINT                                             CARD E.7

    -4     8                                                            CARD E.7
     151.000       0.000    9931.734       0.000                                
     153.000       0.000    1468.857       0.000                                
     111.000       0.000     279.083    1988.606                                
      89.000       0.000    2485.758       0.000                                
      68.000       0.000    2508.356   42483.870                                
      66.000       0.000     879.054  340096.900                                
       0.000       0.000     -35.253    1333.270                                
      75.000       0.000    1547.949       0.000                                
  45    SEATED LUMBAR SPINE                                             CARD E.7

    19     4                                                            CARD E.7
       0.000     519.750    1039.499    1559.248    2078.998    2598.747CARD E.7
    3118.497    3638.246    4157.996    4677.746    5717.242    7796.242CARD E.7
   11954.240   20270.230   36902.210   70166.190  136694.100  269749.900CARD E.7
  535861.700                                                                    
       0.000     768.325    1536.651    2304.976    3073.301    3841.626CARD E.7
    4609.953    5378.277    6146.602    6914.926    8451.578   11524.880CARD E.7
   17671.480   29964.680   54551.090  103723.900  202069.600  398760.800CARD E.7
  792143.300                                                                    
       0.000     338.967     677.934    1016.901    1355.868    1694.835CARD E.7
    2033.802    2372.769    2711.736    3050.703    3728.637    5084.504CARD E.7
    7796.242   13219.710   24066.660   45760.550   89148.310  175923.900CARD E.7
  349475.000                                                                    
       0.000     768.325    1536.651    2304.976    3073.301    3841.626CARD E.7
    4609.953    5378.277    6146.602    6914.926    8451.578   11524.880CARD E.7
   17671.480   29964.680   54551.090  103723.900  202069.600  398760.800CARD E.7
  792143.300                                                                    
  46    NECK PIVOT                                                      CARD E.7

    19     4                                                            CARD E.7
       0.000      79.092     158.185     237.277     316.369     395.461CARD E.7
     474.554     553.646     632.739     711.831     790.923     870.015CARD E.7
     949.108    1107.292    1423.662    2056.400    3321.877    5852.832CARD E.7
   10914.740                                                                    
       0.000      67.793     135.587     203.380     271.174     338.967CARD E.7
     406.760     474.554     542.347     610.141     677.934     745.728CARD E.7
     813.521     949.108    1220.281    1762.628    2847.323    5016.711CARD E.7
    9355.488                                                                    
       0.000      33.897      67.793     101.690     135.587     169.484CARD E.7
     203.380     237.277     271.174     305.070     338.967     372.864CARD E.7
     406.760     474.554     610.141     881.314    1423.662    2508.356CARD E.7
    4677.746                                                                    
       0.000      67.793     135.587     203.380     271.174     338.967CARD E.7
     406.760     474.554     542.347     610.141     677.934     745.728CARD E.7
     813.521     949.108    1220.281    1762.628    2847.323    5016.711CARD E.7
    9355.488                                                                    
  47    HEAD PIVOT                                                      CARD E.7

    19     4                                                            CARD E.7
       0.000      55.365     110.729     189.822     268.914     348.006CARD E.7
     427.098     506.191     585.283     664.375     743.468     822.560CARD E.7
     901.652    1059.837    1376.206    2008.945    3274.421    5805.375CARD E.7
   10867.280                                                                    
       0.000      67.793     135.587     203.380     271.174     338.967CARD E.7
     406.760     474.554     542.347     610.141     677.934     745.728CARD E.7
     813.521     949.108    1220.281    1762.628    2847.323    5016.711CARD E.7
    9355.488                                                                    
       0.000      28.247      56.495      90.391     124.288     158.185CARD E.7
     192.081     225.978     259.875     293.771     327.668     361.565CARD E.7
     395.461     463.255     598.842     870.015    1412.363    2497.057CARD E.7
    4666.445                                                                    
       0.000      67.793     135.587     203.380     271.174     338.967CARD E.7
     406.760     474.554     542.347     610.141     677.934     745.728CARD E.7
     813.521     949.108    1220.281    1762.628    2847.323    5016.711CARD E.7
    9355.488                                                                    
  48    Ankle Joint            6   0                                         E.7
    0.000000    0.000000    0.000000    0.000000    0.000000
    -4    16
    43.00000    535.028    -1024.236   -752.364
    44.00000    535.028    -1024.236   -752.364
    32.00000    535.028    -1024.236   -752.364
    26.00000    535.028    -1024.236   -752.364
    25.00000    535.028    -1024.236   -752.364
    26.00000    535.028    -1024.236   -752.364
    32.00000    535.028    -1024.236   -752.364
    44.00000    535.028    -1024.236   -752.364
    43.00000    535.028    -1024.236   -752.364
    44.00000    535.028    -1024.236   -752.364
    32.00000    535.028    -1024.236   -752.364
    26.00000    535.028    -1024.236   -752.364
    25.00000    535.028    -1024.236   -752.364
    26.00000    535.028    -1024.236   -752.364
    32.00000    535.028    -1024.236   -752.364
    44.00000    535.028    -1024.236   -752.364
   0   0   0   0   0   0   0   0   0   0   0   0   0   0   0   0   0   0CARD F.4
   0   0   0   0   0   0   0   0   0   0   0   0   0   0   0   0   0   0CARD F.4
123 'HUMAN JOINT STIFFNESS FUNCITONS'                                   TITLE
0.000010.0000.00000.7000    20.000000.000010.0000.00000.7000    5.000000CARD B4
0.000010.0000.00000.7000    20.000000.000010.0000.00000.7000    35.00000CARD B4
0.00004.00000.00000.7000    35.000000.000010.0000.00000.7000    35.00000CARD B4
0.00004.00000.00000.7000    25.000000.000010.0000.00000.7000    35.00000CARD B4
 -4   0.00000.00000.0000    0.0000000.00000.2002-8E-040.7000    10.00000CARD B4
 -10  0.00000.00000.0000    0.0000000.00000.00000.00000.0000    0.000000CARD B4
 -12  0.00000.00000.0000    0.0000005.8378.056460.00000.7000    4.000000CARD B4
 -5   0.00000.00000.0000    0.0000000.00000.2002-8E-040.7000    10.00000CARD B4
 -11  0.00000.00000.0000    0.0000000.00000.00000.00000.0000    0.000000CARD B4
 -15  0.00000.00000.0000    0.0000005.8378.056460.00000.7000    4.000000CARD B4
 -1   0.00000.00000.0000    0.0000000.00000.0745-3E-040.7000    25.00000CARD B4
 -8   0.00000.00000.0000    0.0000000.00000.00000.00000.0000    0.000000CARD B4
0.00001.80000.00000.7000    35.000000.00001.80000.00000.7000    45.00000CARD B4
 -2   0.00000.00000.0000    0.0000000.00000.0745-3E-040.7000    25.00000CARD B4
 -9   0.00000.00000.0000    0.0000000.00000.00000.00000.0000    0.000000CARD B4
0.00001.80000.00000.7000    35.000000.00001.80000.00000.7000    45.00000CARD B4
0.50000.000030.0000.00000.0000                  0.00000.0000            CARD B5
0.50000.000030.0000.00000.0000                  0.00000.0000            CARD B5
0.60000.000030.0000.00000.0000                  0.00000.0000            CARD B5
0.60000.000030.0000.00000.0000                  0.00000.0000            CARD B5
0.30000.000030.0000.00000.0000                  0.00000.0000            CARD B5
0.30000.000030.0000.00000.0000                  0.00000.0000            CARD B5
0.30000.000030.0000.00000.0000                  0.00000.0000            CARD B5
0.30000.000030.0000.00000.0000                  0.00000.0000            CARD B5
0.30000.000030.0000.00000.0000                  0.00000.0000            CARD B5
0.30000.000030.0000.00000.0000                  0.00000.0000            CARD B5
0.60000.000030.0000.00000.0000                  0.00000.0000            CARD B5
0.30000.000030.0000.00000.0000                  0.00000.0000            CARD B5
0.10000.000030.0000.00000.0000                  0.00000.0000            CARD B5
0.60000.000030.0000.00000.0000                  0.00000.0000            CARD B5
0.30000.000030.0000.00000.0000                  0.00000.0000            CARD B5
0.10000.000030.0000.00000.0000                  0.00000.0000            CARD B5
XXXXXXXXXXXXXXXXXXXXXXXXXXXXXXXXXXXXXXXXXXXXXXXX    10XXXXXX            CARD D1 
   1    RIGHT SHOULDER JOINT                                            CARD E7A
                                                                        CARD E7B
    -4    12                                                            CARD E7C
    60.07121    233.6540    212.3940    12.03720                        CARD E7D
    65.93372    326.3510    258.3800    21.20680                        CARD E7D
    82.40853    356.2500    217.7140    11.67850                        CARD E7D
    91.21090    272.0920    163.5090    5.066480                        CARD E7D
    89.27122    258.4990    176.1420    10.21010                        CARD E7D
    89.62075    288.6960    176.4290    6.454900                        CARD E7D
    84.04031    225.0060    121.3410   -12.06520                        CARD E7D
    80.09302    195.8620    95.93260   -21.24050                        CARD E7D
    77.24643    204.1740    119.9530   -11.66900                        CARD E7D
    80.60311    189.2130    117.3500   -5.125761                        CARD E7D
    99.29332    188.2180    75.28892   -10.24110                        CARD E7D
    84.86960    225.4650    117.3850   -6.466969                        CARD E7D
   2    LEFT SHOULDER JOINT                                             CARD E7A
                                                                        CARD E7B
    -4    12                                                            CARD E7C
    60.07121    233.6540    212.3940    12.03720                        CARD E7D
    84.86960    225.4650    117.3850   -6.466969                        CARD E7D
    99.29332    188.2180    75.28892   -10.24110                        CARD E7D
    80.60311    189.2130    117.3500   -5.125761                        CARD E7D
    77.24643    204.1740    119.9530   -11.66900                        CARD E7D
    80.09302    195.8620    95.93260   -21.24050                        CARD E7D
    84.04031    225.0060    121.3410   -12.06520                        CARD E7D
    89.62075    288.6960    176.4290    6.454900                        CARD E7D
    89.27122    258.4990    176.1420    10.21010                        CARD E7D
    91.21090    272.0920    163.5090    5.066480                        CARD E7D
    82.40853    356.2500    217.7140    11.67850                        CARD E7D
    65.93372    326.3510    258.3800    21.20680                        CARD E7D
   4    RIGHT HIP JOINT                                                 CARD E7A
                                                                        CARD E7B
    -4    12                                                            CARD E7C
    63.84941    826.2141    676.1950  -0.2866720                        CARD E7D
    58.28361    826.2141    676.1950  -0.2866720                        CARD E7D
    38.89900    826.2141    676.1950  -0.2866720                        CARD E7D
    36.16820    826.2141    676.1950  -0.2866720                        CARD E7D
    39.74170    826.2141    676.1950  -0.2866720                        CARD E7D
    50.85709    826.2141    676.1950  -0.2866720                        CARD E7D
    63.36500    826.2141    676.1950  -0.2866720                        CARD E7D
    47.66820    826.2141    676.1950  -0.2866720                        CARD E7D
    37.63620    826.2141    676.1950  -0.2866720                        CARD E7D
    34.85600    826.2141    676.1950  -0.2866720                        CARD E7D
    38.24630    826.2141    676.1950  -0.2866720                        CARD E7D
    54.14160    826.2141    676.1950  -0.2866720                        CARD E7D
   5    LEFT HIP JOINT                                                  CARD E7A
                                                                        CARD E7B
    -4    12                                                            CARD E7C
    63.84941    826.2141    676.1950  -0.2866720                        CARD E7D
    54.14160    826.2141    676.1950  -0.2866720                        CARD E7D
    38.24630    826.2141    676.1950  -0.2866720                        CARD E7D
    34.85600    826.2141    676.1950  -0.2866720                        CARD E7D
    37.63620    826.2141    676.1950  -0.2866720                        CARD E7D
    47.66820    826.2141    676.1950  -0.2866720                        CARD E7D
    63.36500    826.2141    676.1950  -0.2866720                        CARD E7D
    50.85709    826.2141    676.1950  -0.2866720                        CARD E7D
    39.74170    826.2141    676.1950  -0.2866720                        CARD E7D
    36.16820    826.2141    676.1950  -0.2866720                        CARD E7D
    38.89900    826.2141    676.1950  -0.2866720                        CARD E7D
    58.28361    826.2141    676.1950  -0.2866720                        CARD E7D
   8    RIGHT ELBOW JOINT                                               CARD E7A
                                                                        CARD E7B
    -5     2                                                            CARD E7C
    30.00000    90.30700    271.4830    218.8050    45.72250            CARD E7D
    34.00000    60.39060    131.6870    19.23500   -44.79070            CARD E7D
   9    LEFT ELBOW JOINT                                                CARD E7A
                                                                        CARD E7B
    -5     2                                                            CARD E7C
    30.00000    90.30700    271.4830    218.8050    45.72250            CARD E7D
    34.00000    60.39060    131.6870    19.23500   -44.79070            CARD E7D
  10    RIGHT KNEE JOINT                                                CARD E7A
                                                                        CARD E7B
    -4     2                                                            CARD E7C
    23.00000    52.19941    441.0020    176.3340                        CARD E7D
    34.00000    153.8690    408.4461    250.5860                        CARD E7D
  11    LEFT KNEE JOINT                                                 CARD E7A
                                                                        CARD E7B
    -4     2                                                            CARD E7C
    23.00000    52.19941    441.0020    176.3340                        CARD E7D
    34.00000    153.8690    408.4461    250.5860                        CARD E7D
  12    RIGHT ANKLE JOINT                                               CARD E7A
                                                                        CARD E7B
    -4     2                                                            CARD E7C
    4.000000    179.0880    67.88540    133.8270                        CARD E7D
    4.000000    167.7160   -12.13370    132.9940                        CARD E7D
  15    LEFT ANKLE JOINT                                                CARD E7A
                                                                        CARD E7B
    -4     2                                                            CARD E7C
    4.000000    179.0880    67.88540    133.8270                        CARD E7D
    4.000000    167.7160   -12.13370    132.9940                        CARD E7D
