case,file,col,qtype,ref_peak,R,Z,EP,EM,ES,R_h64,peak_diff,tol_b6,tol_src,band_arith_h64,band_ladder,band_ens,n_ens,band,step_h1_h8,step_h8_h64,arith_h1,arith_h8,flat,std_ratio,maxpt_diff,orig_in_ens,band_ens_p90,iso_ok,band_ok,passed
2479,t21,1,lin_acc,2.933,0.9273486047221101,0.9969829191896736,1.0,0.7432415549991038,0.8995356302320987,0.7392179766700748,0.016024548244118704,0.1,B.6,0.0013637913399249927,0.022161609273781094,1.0381861575178999,93,1.0381861575178999,0.008523695874531168,0.022161609273781094,0.021138765768837314,0.001704739174906203,False,0.08457991332155351,0.3003750426184794,True,0.7276508694169792,True,True,True
2479,t21,3,lin_acc,4.355,0.8877573794736923,0.9883309287127379,1.0,0.6054372614988596,0.8566877784441262,0.6725672327964912,0.0,0.1,B.6,0.0,0.10539609644087267,1.1556831228473017,93,1.1556831228473017,0.10539609644087267,0.07531572904707239,0.0,0.0,False,0.08581043681877323,0.36785304247990813,True,0.7499885189437422,True,True,True
2479,t21,4,lin_acc,4.587,0.92738625925862,0.9928751832099658,1.0,0.7917683170692689,0.8594126128038995,0.7809899409325087,0.0,0.1,B.6,0.0,0.06409417920209279,1.0712884238064095,93,1.0712884238064095,0.06409417920209279,0.04360148245040336,0.0,0.003924133420536253,False,0.08910569999209224,0.24198822759973843,True,0.6399825594070194,True,True,True
2479,t22,1,lin_vel,32.648,0.9967577018023761,1.0,1.0,0.9936958031947123,0.9900927058171675,0.9665949535478433,0.0,0.01,B.6,0.0,0.0002756677284979276,0.13703749081107572,93,0.13703749081107572,0.000214408233276311,6.12594952216166e-05,0.0,0.0,False,0.1519795580985596,0.014028424405782901,True,0.11285836804704727,True,True,True
2479,t22,3,lin_vel,80.005,0.9971570978205634,1.0,1.0,0.9941320550909751,0.9916534340118416,0.9823136620727095,0.0,0.01,B.6,0.0,4.99968751953614e-05,0.01791138053871624,93,0.01791138053871624,4.99968751953614e-05,0.0,0.0,0.0,False,0.16163371668479704,0.011324292231735518,True,0.012584213486657064,True,True,True
2479,t22,4,lin_vel,80.033,0.9973746895604805,1.0,1.0,0.9969509201608864,0.989922527641516,0.9765419141743827,0.0,0.01,B.6,0.0,4.9979383504365556e-05,0.018229980133195097,93,0.018229980133195097,4.9979383504365556e-05,0.0,0.0,0.0,False,0.1654335996796171,0.008384041582847076,True,0.012684767533392387,True,True,True
2479,t22,5,lin_vel,43.951,0.9963550681772508,1.0,1.0,0.9917754207079309,0.9899999201783227,0.9538572820851057,0.0,0.01,B.6,0.0,0.0040272121225910585,0.09492389251666639,93,0.09492389251666639,0.0040272121225910585,2.2752610862043398e-05,0.0,0.0,False,0.13562218323789893,0.02652954426520443,True,0.0709426406680167,True,True,True
2479,t22,7,lin_vel,81.476,0.9942061818445334,1.0,1.0,0.991731175720287,0.979299733502379,0.9486142958931236,0.0,0.01,B.6,0.0,0.00017182974127345223,0.011819431489027369,93,0.011819431489027369,0.00017182974127345223,0.0,0.0,0.0,False,0.16768755205587604,0.027652314792086016,True,0.009659286170160439,True,True,True
2479,t22,8,lin_vel,81.53,0.9965680206204865,1.0,1.0,0.9952661068389863,0.987573996263446,0.9656433114986135,0.0,0.01,B.6,0.0,0.00018398135655587597,0.011958788176131415,93,0.011958788176131415,0.00017171593278542615,1.2265423770449833e-05,0.0,0.0,False,0.17849137492076853,0.025708328222740096,True,0.009787808168772253,True,True,True
2479,t23,2,ang_disp,64.646,0.9993615990542848,1.0,1.0,0.9997583649096898,0.9970496303617336,0.9870583424195903,7.73443059121284e-05,0.0,none,0.0,0.0006032855861151731,0.6076168672462333,93,0.6076168672462333,0.00047953469665550384,0.00012375088945966922,0.00013921975064196303,1.546886118251361e-05,False,0.3578574305362265,0.0022584537326362157,True,0.5562633418927697,True,True,True
2479,t23,4,ang_disp,64.646,0.9993615990542848,1.0,1.0,0.9997583649096898,0.9970496303617336,0.9870583424195903,7.73443059121284e-05,0.0,none,0.0,0.0006032855861151731,0.6074621786344089,93,0.6074621786344089,0.00047953469665550384,0.00012375088945966922,0.00013921975064196303,1.546886118251361e-05,False,0.3578574305362265,0.0022584537326362157,True,0.5560251214305604,True,True,True
2479,t23,6,ang_disp,55.247,0.9990713497799716,1.0,1.0,0.9995323307160263,0.9958244181838309,0.9810210605538865,0.0001267037124187358,0.0,none,1.810053034549694e-05,0.0013394392455698602,0.9224392274693648,93,0.9224392274693648,0.0011403334117688795,0.00019910583380098077,0.00027150795518309716,3.620106069112249e-05,False,0.4579833599221746,0.0041088203884374515,True,0.9027639509837638,True,True,True
2479,t23,8,ang_disp,55.247,0.9990614987425451,1.0,1.0,0.9995323307160263,0.9957751629966987,0.9776937295965944,0.0001267037124187358,0.0,none,1.810053034549694e-05,0.0013394392455698602,0.9224392274693648,93,0.9224392274693648,0.0011403334117688795,0.00019910583380098077,0.00027150795518309716,3.620106069112249e-05,False,0.3987661792445279,0.0041088203884374515,True,0.9027639509837638,True,True,True
2479,t24,1,contact,16.633,0.9993689183469915,1.0,1.0,0.9998812009618447,0.9969633907731124,0.9887783735957218,0.0,0.0,none,0.0,0.00012024289063902433,0.5096494919737871,93,0.5096494919737871,6.012144531940537e-05,6.012144531961896e-05,0.00012024289063902433,0.0,False,0.3487861641224926,0.001382793242349634,True,0.4511513256778694,True,True,True
2479,t24,2,contact,50.0,1.0,1.0,1.0,1.0,1.0,0.9735718659141914,0.0,0.0,none,0.0,0.0,9.639800000000001,93,9.639800000000001,0.0,0.0,0.0,0.0,False,0.13054336190909568,0.0,True,7.818919999999999,True,True,True
2479,t24,3,contact,12.78,1.0,1.0,1.0,1.0,1.0,0.8693384743866596,0.0,0.0,none,0.0,0.026604068857589976,7.118935837245697,93,7.118935837245697,0.026604068857589976,0.0,0.0,0.0,False,0.027491687952155213,0.0,True,3.9010954616588402,True,True,True
2479,t24,4,contact,50.0,1.0,1.0,1.0,1.0,1.0,0.9733488734788579,0.0,0.0,none,0.0,0.0,9.639800000000001,93,9.639800000000001,0.0,0.0,0.0,0.0,False,0.13072320886967043,0.0,True,7.818919999999999,True,True,True
2479,t24,5,contact,41.5,1.0,1.0,1.0,1.0,1.0,0.9999933167680959,0.0,0.0,none,0.0,0.0,1.0012048192771084,93,1.0012048192771084,0.0,0.0,0.0,0.0,False,0.25167607524750935,0.0,True,1.0010457831325301,True,True,True
2479,t24,6,contact,10.5,1.0,1.0,1.0,1.0,1.0,1.0,0.0,0.0,none,0.0,0.0,1.0067619047619047,93,1.0067619047619047,0.0,0.0,0.0,0.0,False,0.25168757920448676,0.0,True,1.0054095238095238,True,True,True
2479,t24,8,contact,16.633,0.9993669187283937,1.0,1.0,0.9998812532099441,0.9969533404320233,0.9887762778774712,0.0,0.0,none,0.0,0.00012024289063902433,0.5121144712318884,93,0.5121144712318884,6.012144531940537e-05,6.012144531961896e-05,0.00012024289063902433,0.0,False,0.348786141839987,0.001382793242349634,True,0.4546624180845308,True,True,True
2479,t24,9,contact,50.0,1.0,1.0,1.0,1.0,1.0,0.9735718659141914,0.0,0.0,none,0.0,0.0,9.8034,93,9.8034,0.0,0.0,0.0,0.0,False,0.13054336190909568,0.0,True,7.522559999999988,True,True,True
2479,t24,10,contact,12.78,1.0,1.0,1.0,1.0,1.0,0.8693384743866596,0.0,0.0,none,0.0,0.026604068857589976,6.086071987480438,93,6.086071987480438,0.026604068857589976,0.0,0.0,0.0,False,0.027491687952155213,0.0,True,3.5935837245696356,True,True,True
2479,t24,11,contact,50.0,1.0,1.0,1.0,1.0,1.0,0.9733488734788579,0.0,0.0,none,0.0,0.0,9.8034,93,9.8034,0.0,0.0,0.0,0.0,False,0.13072320886967043,0.0,True,7.522559999999988,True,True,True
2479,t24,12,contact,41.5,1.0,1.0,1.0,1.0,1.0,0.9999933167680959,0.0,0.0,none,0.0,0.0,1.0012530120481928,93,1.0012530120481928,0.0,0.0,0.0,0.0,False,0.25167607524750935,0.0,True,1.0009156626506024,True,True,True
2479,t24,13,contact,10.5,1.0,1.0,1.0,1.0,1.0,1.0,0.0,0.0,none,0.0,0.0,1.0083809523809524,93,1.0083809523809524,0.0,0.0,0.0,0.0,False,0.25168757920448676,0.0,True,1.0043619047619048,True,True,True
2479,t25,2,contact,455.85,0.965194561568335,0.9985340105856059,1.0,0.9573621449102404,0.8715426417602228,0.8729053896417781,0.0,0.0,none,0.0,0.05431611275638926,0.2996380388285621,93,0.2996380388285621,0.05431611275638926,0.00114072611604703,0.0,0.0,False,0.07274663111058635,0.10040583525282441,True,0.18082263902599524,True,True,True
2479,t25,3,contact,136.76,0.961553395189571,0.998787703558054,1.0,0.9291078309100913,0.8810837379216548,0.8539477104650623,0.0,0.0,none,0.0,0.05432875109681178,0.4700935946183095,93,0.4700935946183095,0.05432875109681178,0.0010968119333136684,0.0,0.0,False,0.09179518317834233,0.10039485229599296,True,0.3230915472360339,True,True,True
2479,t25,4,contact,475.92,0.9651308408920383,0.9985838351533651,1.0,0.9564516052868263,0.8720349288666343,0.8723824822252844,0.0,0.0,none,0.0,0.05429483946881836,0.2931164901664144,93,0.2931164901664144,0.05429483946881836,0.001134644478063583,0.0,0.0,False,0.07342753774021991,0.10041603630862331,True,0.17301227096991084,True,True,True
2479,t25,5,contact,60.0,0.9992515409630695,1.0,1.0,0.9999701626357342,0.9962875421796124,0.9856605282072362,0.0,0.0,none,0.0,0.0,0.0012333333333333012,93,0.0012333333333333012,0.0,0.0,0.0,0.0,False,0.07526683359977593,0.00038333333333338734,True,0.0003633333333333155,True,True,True
2479,t25,6,contact,10.501,0.6277647159080709,1.0,0.04797601199400311,0.9999384766372604,0.09090909090909094,0.6135824967096828,0.0,0.0,none,9.522902580701322e-05,9.522902580701322e-05,0.05361394152937805,93,0.05361394152937805,9.522902580701322e-05,9.522902580701322e-05,9.522902580718238e-05,9.522902580701322e-05,True,7.672001550458166e-06,0.00019045805161402643,True,0.04483382534996672,True,True,True
2479,t25,9,contact,455.85,0.9654214104049483,0.9986273080369514,1.0,0.9573918346790229,0.8724606012718154,0.8727700874059982,0.0,0.0,none,0.0,0.05431611275638926,0.3512997696610727,93,0.3512997696610727,0.05431611275638926,0.00114072611604703,0.0,0.0,False,0.07273628167059719,0.12730064714270045,True,0.19984205330700877,True,True,True
2479,t25,10,contact,136.76,0.9609103220993512,0.9989267354998118,1.0,0.9271530899844276,0.8795450495127042,0.853583601500996,0.0,0.0,none,0.0,0.05432875109681178,0.4513746709564201,93,0.4513746709564201,0.05432875109681178,0.0010968119333136684,0.0,0.0,False,0.09181295761779382,0.09037730330505994,True,0.32885346592570924,True,True,True
2479,t25,11,contact,475.92,0.9653562791909319,0.9986689581959861,1.0,0.95659416103887,0.8728493185238174,0.8722696407355819,0.0,0.0,none,0.0,0.05429483946881836,0.3021936459909228,93,0.3021936459909228,0.05429483946881836,0.001134644478063583,0.0,0.0,False,0.07342014275068236,0.123171961674231,True,0.19520087409648676,True,True,True
2479,t25,12,contact,60.0,0.9992875381534708,1.0,1.0,0.9999705249832852,0.9964671657840686,0.9856506172627777,0.0,0.0,none,0.0,0.0,0.0012333333333333012,93,0.0012333333333333012,0.0,0.0,0.0,0.0,False,0.07526566193912168,0.00038333333333338734,True,0.0003500000000000133,True,True,True
2479,t25,13,contact,10.501,0.6277647156050624,1.0,0.04797601199400311,0.9999384751222176,0.09090909090909094,0.6135824964900315,9.522902580701322e-05,0.0,none,9.522902580701322e-05,0.0,0.04532901628416333,93,0.04532901628416333,0.0,0.0,0.0,0.0,True,7.672001550458166e-06,0.00019045805161402643,True,0.032796876487953555,True,True,True
2479,t26,1,contact,3.896,0.9999241679204325,1.0,1.0,0.9999613044901302,0.9996595351120316,0.9949011328268466,0.0,0.0,none,0.0,0.007186858316221773,2.6768480492813143,93,2.6768480492813143,0.007186858316221773,0.0002566735112936062,0.0002566735112936062,0.0,False,0.18636453103848233,0.0002566735112937202,True,2.1921971252566723,True,True,True
2479,t26,2,contact,78.27,0.9887376235575238,0.9993572219878779,1.0,0.9770139938903671,0.9679596799214956,0.9435169755725991,0.001533154465312257,0.0,none,0.0,0.007665772326561829,0.9165708445125849,93,0.9165708445125849,0.007665772326561829,0.002044205953749797,0.004471700523827703,0.0,False,0.04266439996043524,0.19816021464162514,True,0.5615433754950812,True,True,True
2479,t26,3,contact,31.31,0.9872789679935097,0.9993577102261948,1.0,0.9698425352438966,0.9678368842712618,0.937871135869464,0.00159693388693699,0.0,none,0.0,0.007665282657297938,1.1057170233152347,93,1.1057170233152347,0.007665282657297938,0.0019163206643244561,0.004471414883423731,0.0,False,0.04234443371775225,0.198019801980198,True,0.6348770360907054,True,True,True
2479,t26,4,contact,84.3,0.9886707580932533,0.9993572683776792,1.0,0.9765955400825417,0.9680437136283665,0.9432270643913427,0.001542111506524264,0.0,none,0.0,0.007710557532621488,0.9429418742586004,93,0.9429418742586004,0.007710557532621488,0.002016607354685498,0.004507710557532736,0.0,False,0.04257705751751208,0.19810201660735471,True,0.5628706998813761,True,True,True
2479,t26,5,contact,121.797,0.9999879872804663,1.0,1.0,0.9999989595242612,0.9999409768780698,0.9919837059460533,8.21038285007483e-06,0.0,none,8.210382850191505e-06,0.0011166120676207943,0.0604530489256714,93,0.0604530489256714,0.0011001913019204113,1.642076570038301e-05,1.6420765700266337e-05,8.21038285007483e-06,False,0.29941757354943754,2.4631148550457842e-05,True,0.04780084895358673,True,True,True
2479,t26,6,contact,10.171,0.9998081705570632,1.0,1.0,0.9999167672682914,0.9991240855170238,0.9906591704473675,0.00039327499754198797,0.0,none,9.831874938545333e-05,0.015534362402910184,0.6026939337331628,93,0.6026939337331628,0.015042768655982744,0.0004915937469274414,0.00019663749877108132,9.831874938562798e-05,False,0.2962925801653954,0.00039327499754216263,True,0.48475076197030764,True,True,True
2479,t26,8,contact,3.896,0.9999595053474353,1.0,1.0,0.9999677524939415,0.9998297742432343,0.9948892915789873,0.0,0.0,none,0.0,0.007186858316221773,2.8290554414784395,93,2.8290554414784395,0.007186858316221773,0.0002566735112936062,0.0002566735112936062,0.0,False,0.1863606346700135,0.0002566735112936347,True,2.125821355236138,True,True,True
2479,t26,9,contact,78.19,0.9885358678994571,0.9993044573326483,1.0,0.9766011015595158,0.9674693232724728,0.9431169590848258,0.000511574370123955,0.0,none,0.0,0.007673615551860779,0.6988105895894615,93,0.6988105895894615,0.007673615551860779,0.0020462974804961835,0.004476275738585425,0.0,False,0.04274834134312262,0.20821076864049112,True,0.5589973142345568,True,True,True
2479,t26,10,contact,31.28,0.9874068093264091,0.9993052150188967,1.0,0.9709272226914798,0.9674963939027719,0.9375904741991836,0.0006393861892582984,0.0,none,0.0,0.007672634271099694,0.7669437340153453,93,0.7669437340153453,0.007672634271099694,0.0019181585677748951,0.004795396419437294,0.0,False,0.04242910739994469,0.20812020460358055,True,0.6391943734015342,True,True,True
2479,t26,11,contact,84.22,0.9885186950003707,0.9993047665664957,1.0,0.9764249858271362,0.9675589560417258,0.9429552352709901,0.0005936832106387694,0.0,none,0.0,0.00771788173830434,0.7007836618380433,93,0.7007836618380433,0.00771788173830434,0.002018522916171782,0.004511992400855019,0.0,False,0.042659893080381844,0.20826407029209212,True,0.5701258608406553,True,True,True
2479,t26,12,contact,121.796,0.999988427455381,1.0,1.0,0.9999988906363847,0.9999432466405191,0.99198511060175,8.210450261014845e-06,0.0,none,8.210450261131522e-06,0.0011166212355085197,0.0870554041183618,93,0.0870554041183618,0.0011002003349863735,1.6420900522146366e-05,1.6420900522146366e-05,8.210450261014845e-06,False,0.29942003803147416,2.4631350783277888e-05,True,0.04660908404216887,True,True,True
2479,t26,13,contact,10.17,0.9997705915038105,1.0,1.0,0.9999239085567246,0.9989290489623277,0.990678578760343,0.0001966568338250411,0.0,none,9.832841691243322e-05,0.015535889872173006,0.892330383480826,93,0.892330383480826,0.015044247787610491,0.0004916420845625154,0.0002949852507374743,9.832841691260788e-05,False,0.29629359777004505,0.0004916420845625154,True,0.5788397246804325,True,True,True
2479,t27,1,contact,19.042,0.9994178289413742,1.0,1.0,0.9998794163673481,0.9972097283395228,0.9897831949058931,0.0,0.0,none,0.0,0.00010503098414044975,0.5145993067955046,93,0.5145993067955046,5.251549207022487e-05,5.251549207022487e-05,0.00010503098414026318,0.0,False,0.3615375047700579,0.0013128873017541293,True,0.4549312047053881,True,True,True
2479,t27,5,contact,38.921,0.9996852670230554,1.0,1.0,0.9999714012511971,0.9984549338640792,0.995043521682482,2.5693070578805e-05,0.0,none,0.0,0.0024151486344133294,0.15898872074201575,93,0.15898872074201575,0.0024151486344133294,5.138614115779256e-05,2.5693070578805e-05,0.0,False,0.2704275465953148,0.0007964851879449632,True,0.1345237789368207,True,True,True
2479,t27,6,contact,8.501,0.9998612630243064,1.0,1.0,0.9999007755343876,0.9994055395871443,0.9992036693085442,0.00011763321962115585,0.0,none,0.00011763321962115585,0.0,0.08422538524879439,93,0.08422538524879439,0.0,0.0,0.0,0.0,False,0.2757872108604386,0.0002352664392423117,True,0.052723209034231264,True,True,True
2479,t27,7,contact,22.342,0.999483772015612,1.0,1.0,0.9998988070068919,0.9975200530711678,0.9933882339482516,0.0,0.0,none,0.0,8.951750067133164e-05,0.43885954704144664,93,0.43885954704144664,4.4758750335586314e-05,4.475875033574533e-05,8.951750067133164e-05,0.0,False,0.32963364894802055,0.0011189687583923612,True,0.38922209291916565,True,True,True
2495,t21,5,lin_acc,60.258,0.6796017577952396,0.9925917070758961,0.991669443518827,0.11481307343428271,0.3063428578712958,0.6023356762970627,2.075906933519201,0.1,B.6,0.5848352086030071,1.6951939991370442,5.782136811709648,93,5.782136811709648,0.7557170832088687,0.9394769159281755,2.245361611736201,1.4471107570778983,False,0.03331285019289512,3.0780975140230344,True,3.3052640313319377,False,True,False
2495,t21,6,lin_acc,63.096,0.8374684335145688,0.9933763726809617,0.991669443518827,0.6014074155833318,0.6075125631087616,0.6513555091354472,0.06318942563712442,0.1,B.6,0.3746354760999112,2.522014073792317,8.497527577025485,93,8.497527577025485,1.97603651578547,2.522014073792317,0.08377710155952836,1.682071763661722,False,0.030983479399186244,1.123034740712565,True,3.5527355141371864,True,True,True
2495,t21,7,lin_acc,151.31,0.7497289014206738,0.9959696322932982,0.991669443518827,0.24963609807895326,0.5153997009189927,0.6262003376682089,0.050056176062388553,0.1,B.6,0.41674707554028156,0.5263564866829689,2.701810851893464,93,2.701810851893464,0.35868085387614845,0.5263564866829689,0.28561892802855054,0.8211684620976802,False,0.03150474871945601,1.0074813297204415,True,1.332266208446236,False,True,False
2495,t21,8,lin_acc,169.415,0.8009308162426512,0.9949044545436093,0.991669443518827,0.5339497093421253,0.489226019265085,0.7331779551825426,0.2299442198152467,0.1,B.6,0.2867632736180385,0.5934480417908685,3.364235752442228,93,3.364235752442228,0.2200690611811232,0.5934480417908685,0.3141516394652186,0.6639376678570375,False,0.03202183511211317,1.2285393855325681,True,1.558948145087507,True,True,True
2495,t22,1,lin_vel,299.614,1.0,1.0,1.0,1.0,1.0,0.9999999445211624,0.0,0.01,B.6,0.0,0.0,0.006268064910184391,93,0.006268064910184391,0.0,0.0,0.0,0.0,False,0.37983807314953283,0.0,True,0.004722075737448708,True,True,True
2495,t22,2,lin_vel,249.6,1.0,1.0,1.0,1.0,1.0,1.0,0.0,0.01,B.6,0.0,0.0,0.00040064102564100286,93,0.00040064102564100286,0.0,0.0,0.0,0.0,False,0.4052343698970387,0.0,True,0.000359775641025742,True,True,True
2495,t22,4,lin_vel,316.777,1.0,1.0,1.0,1.0,1.0,1.0,0.0,0.01,B.6,0.0,0.0,0.000637672558298103,93,0.000637672558298103,0.0,0.0,0.0,0.0,False,0.42519034483695795,0.0,True,0.0003832348939474589,True,True,True
2495,t22,5,lin_vel,347.493,0.9271524288151048,0.9742786936253495,0.991669443518827,0.9820634852440117,0.7134718280619863,0.8292306593692605,0.01570966897174908,0.01,B.6,0.007177122992405684,0.0027712788459048738,0.5817613592216246,93,0.5817613592216246,0.0016892426610032119,0.0027712788459048738,0.020880996163951424,0.0013007456265306011,False,0.36598346329976794,0.21042726040524554,True,0.18440601681184937,True,True,True
2495,t22,6,lin_vel,261.968,0.9390607610020814,0.9855410739024869,0.991669443518827,0.9793613226610672,0.7531908910255379,0.8315036957331399,0.0,0.01,B.6,0.0,0.0,0.5792119648201307,93,0.5792119648201307,0.0,0.0,0.0,0.0,False,0.39741736115482645,0.29159286630428144,True,0.01825642826604755,True,True,True
2495,t22,7,lin_vel,93.383,0.8200157642575129,0.8825753061987012,0.991669443518827,0.7393951819046358,0.603863583466699,0.6568807061948567,0.03273615111958282,0.01,B.6,0.10641123116627221,0.07220800359808541,3.791460972553891,93,3.791460972553891,0.06931668504974138,0.07220800359808541,1.6340982834134694,1.291594829894092,False,0.1885588988880228,1.542207896512213,True,1.6361821744857197,True,True,True
2495,t22,8,lin_vel,351.722,0.9181231357915149,0.9674794625622427,0.991669443518827,0.9851275976355242,0.6788597126787377,0.7968988050536808,0.006354450389796365,0.01,B.6,0.0152506809355115,0.010047708133127844,0.697772672735854,93,0.697772672735854,0.0035311979347325976,0.010047708133127844,0.17927226616475522,0.0007676517249419674,False,0.4247024005263925,0.24889543446244486,True,0.22035300606729158,True,True,True
2495,t23,1,lin_disp,129.115,0.8670816293956751,0.8674244557544398,0.9800066644451849,0.8043591435926736,0.8161934274316376,0.8787199232934478,0.16906633621190417,0.0,none,0.07022421871974602,0.2473918599697943,1.7802269294814697,93,1.7802269294814697,0.15971033574720206,0.2473918599697943,0.29291716686674674,0.1640243194051814,False,0.4454894038245006,0.17593618092398244,True,1.2611160593269566,True,True,True
2495,t23,2,lin_disp,86.376,0.7395849928049826,0.733932491619403,0.9483505498167277,0.6813311025123869,0.6003783284569925,0.562235858535352,0.20912058905251443,0.0,none,0.155679818468093,0.7389436880614985,2.558743169398907,93,2.558743169398907,0.7389436880614985,0.0752871167917014,0.37415485783087893,0.12417801241085485,False,0.32936528594510633,0.3494373437065851,True,0.9918472723904787,False,True,False
2495,t23,3,lin_disp,24.012,0.939200294671893,0.9616752321423777,0.9866711096301233,0.9753899218119104,0.8105899776326757,0.8220496056281258,0.007537897717807802,0.0,none,0.028110944527736163,0.033316674995835446,1.2693653173413293,93,1.2693653173413293,0.011410961186073668,0.033316674995835446,0.2891887389638515,0.007579543561552499,False,0.5616411365133389,0.28648175912043977,True,0.384391137764451,True,True,True
2495,t23,4,lin_disp,154.659,0.9736606166529781,1.0,0.9933355548150616,0.9846895980806581,0.8902779303691706,0.8144047582794296,0.02960060520241307,0.0,none,0.06471010416464616,0.34713789692161456,1.5061781079665588,93,1.5061781079665588,0.34713789692161456,0.18677218913868573,0.28794961819228104,0.13101080441487403,False,0.365624160101504,0.03280766072456186,True,1.0516310075714959,True,True,True
2495,t23,5,lin_disp,16.874,0.9988992693738812,1.0,1.0,0.9999968545031067,0.9944994923662983,0.9993445113396318,5.9262771127039796e-05,0.0,none,0.0,5.9262771127039796e-05,0.026608984236102768,93,0.026608984236102768,5.9262771127039796e-05,0.0,5.9262771127039796e-05,0.0,False,0.03936952047310031,5.926277112725034e-05,True,0.021144956738177068,True,True,True
2495,t23,6,lin_disp,4.323,0.99944726585735,1.0,1.0,0.9999930070103593,0.9972433222763902,0.9992827716489459,0.0,0.0,none,0.0,0.0,0.05574832292389536,93,0.05574832292389536,0.0,0.0,0.0,0.0,False,0.06943384778956473,0.00023132084200794213,True,0.0412213740458014,True,True,True
2495,t23,7,lin_disp,25.806,0.9991358553883867,1.0,1.0,0.9999997834940972,0.9956794934478356,0.9993137585993425,0.0,0.0,none,0.0,0.0,3.875067813677708e-05,93,3.875067813677708e-05,0.0,0.0,0.0,0.0,False,0.004181441316874045,3.875067813691475e-05,True,3.875067813677708e-05,True,True,True
2495,t23,8,lin_disp,30.916,0.998818742393684,1.0,1.0,0.9999995447759245,0.9940941671924945,0.9992852712112952,0.0,0.0,none,0.0,0.0,0.008086427739681719,93,0.008086427739681719,0.0,0.0,0.0,0.0,False,0.010440635856565461,3.23457109587664e-05,True,0.00542761029887436,True,True,True
2495,t23,9,lin_disp,15.256,0.999333733707585,1.0,1.0,0.9999993392098346,0.9966693293280899,0.998654059154,0.0,0.0,none,0.0,0.0,0.011929732564237046,93,0.011929732564237046,0.0,0.0,0.0,0.0,False,0.029930459568136267,6.554798112226155e-05,True,0.008416360776088042,True,True,True
2495,t23,10,lin_disp,16.096,0.9994038054694351,1.0,1.0,0.9999992001362857,0.9970198272108893,0.9986679428973178,0.0,0.0,none,0.0,0.0,0.003106361829025889,93,0.003106361829025889,0.0,0.0,0.0,0.0,False,0.024385446666259386,6.212723658059283e-05,True,0.000646123260437415,True,True,True
2495,t23,11,lin_disp,26.341,0.9994235201285439,1.0,1.0,0.9999997243874564,0.9971178762552625,0.9982559644933553,0.0,0.0,none,0.0,0.0,0.0060362173038228965,93,0.0060362173038228965,0.0,0.0,0.0,0.0,False,0.00661374684241585,3.796363084170009e-05,True,0.002847272313124,True,True,True
2495,t23,12,lin_disp,33.968,0.9993642394560186,1.0,1.0,0.9999999377229294,0.9968212595571628,0.998771690079139,0.0,0.0,none,0.0,0.0,0.002325718323127668,93,0.002325718323127668,0.0,0.0,0.0,0.0,False,0.007305435407020461,2.9439472444794356e-05,True,0.0016309467734337841,True,True,True
2495,t24,1,lin_disp,1073.85,1.0,1.0,1.0,1.0,1.0,1.0,0.0,0.0,none,0.0,0.0,0.0054942496624294495,93,0.0054942496624294495,0.0,0.0,0.0,0.0,False,0.2947411332446476,0.0,True,0.003986217814405944,True,True,True
2495,t24,2,lin_disp,916.0,1.0,1.0,1.0,1.0,1.0,1.0,0.0,0.0,none,0.0,0.0,0.0,93,0.0,0.0,0.0,0.0,0.0,False,0.12250069321274268,0.0,True,0.0,True,True,True
2495,t24,3,lin_disp,15.0,1.0,1.0,1.0,1.0,1.0,1.0,0.0,0.0,none,0.0,0.0,0.0,93,0.0,0.0,0.0,0.0,0.0,True,0.0,0.0,True,0.0,True,True,True
2495,t24,4,lin_disp,1184.499,1.0,1.0,1.0,1.0,1.0,1.0,0.0,0.0,none,0.0,0.0,0.00569776757937324,93,0.00569776757937324,0.0,0.0,0.0,0.0,False,0.14861381925944553,0.0,True,0.003632590656471775,True,True,True
2495,t25,5,ang_acc,1227.299,0.4060364764608472,0.9912024844820103,0.005331556147950759,0.0,0.042445857192264125,0.5871973120618834,0.9380045123478468,0.1,B.6,0.711282254772472,4.417478544348199,8.261950836756162,86,8.261950836756162,3.762341532096091,4.417478544348199,1.0873609446434813,5.09027221565405,False,0.030170203861147986,1.9368939435296535,True,5.669201433391537,False,True,False
2495,t25,6,ang_acc,2943.566,0.5115343077143655,0.9954302377964103,0.5668110629790071,0.0,0.0,0.600763815507974,1.2585917896863874,0.1,B.6,0.2856144553918615,1.749398518667494,3.1074910499713613,86,3.1074910499713613,0.6600466916658232,1.0893518270016707,1.7062026127492982,0.6646981926004036,False,0.023374151878800008,2.2594366832610517,True,2.361153954081546,False,True,False
2495,t25,7,ang_acc,633.209,0.4048464334443721,0.9881679713515739,0.005331556147950759,0.0,0.04256466837076167,0.5977897907166402,3.7382712500927817,0.1,B.6,0.6797771351954884,2.697434812202606,6.201822778892909,86,6.201822778892909,1.990334944702302,0.707099867500304,3.4166886446655056,1.8911512628531815,False,0.03918675663204219,4.7421056870638285,True,3.9691740799641195,False,True,False
2495,t25,8,ang_acc,3204.535,0.4312541239015243,0.9947578311640229,0.05364878373875382,0.0,0.11310617344082141,0.6275901101034658,1.3941011722449592,0.1,B.6,0.26669891263475043,1.8753457209860398,2.696900798399768,86,2.696900798399768,0.23780142828834752,1.8753457209860398,1.834337587200639,1.6290232436219296,False,0.025235813713190662,2.3929362606431197,True,2.100047588807737,False,True,False
2495,t26,5,ang_vel,4.474,0.8500407556778512,0.9499004190300944,0.991669443518827,0.7668964299898504,0.5918370668203891,0.6516952883266433,0.05498435404559668,0.01,B.6,0.3433169423334823,0.4105945462673222,3.170764416629414,93,3.170764416629414,0.4105945462673222,0.3111309789897184,0.6173446580241395,0.08672329012069734,False,0.11860420141542462,0.7141260616897631,True,1.757800625838175,True,True,True
2495,t26,6,ang_vel,6.288,0.8416357258032962,0.9696410379613253,0.9833388870376542,0.751543100144121,0.534014565912055,0.6567831136459114,0.08619592875318063,0.01,B.6,0.047550890585241645,0.19227099236641215,4.094465648854961,93,4.094465648854961,0.19227099236641215,0.06727099236641208,0.0629770992366412,0.08110687022900774,False,0.10878320865628653,0.9813931297709924,True,0.970769720101781,True,True,True
2495,t26,7,ang_vel,2.208,0.8397766666679627,0.8933206784544997,0.991669443518827,0.79502417278269,0.6255483601292966,0.7024987393636293,0.15987318840579717,0.01,B.6,0.21059782608695643,0.7065217391304347,15.5276268115942,93,15.5276268115942,0.39447463768115937,0.3120471014492754,1.1150362318840579,1.0203804347826086,False,0.19089602850862186,0.732336956521739,True,1.8797101449275357,True,True,True
2495,t26,8,ang_vel,6.44,0.8781926148372734,0.9727438278489269,0.9883372209263579,0.9141155064815811,0.5430226910805735,0.754564127789911,0.08385093167701864,0.01,B.6,0.09270186335403718,0.18462732919254657,5.47360248447205,93,5.47360248447205,0.18462732919254657,0.09999999999999988,0.2138198757763976,0.12686335403726695,False,0.12841153611170247,0.44736024844720496,True,1.1919875776397495,True,True,True
2495,t27,1,ang_disp,52.0,1.0,1.0,1.0,1.0,1.0,1.0,0.0,0.0,none,0.0,0.0,0.0,93,0.0,0.0,0.0,0.0,0.0,False,0.40066775060333887,0.0,True,0.0,True,True,True
2495,t27,4,ang_disp,52.0,1.0,1.0,1.0,1.0,1.0,1.0,0.0,0.0,none,0.0,0.0,0.0,93,0.0,0.0,0.0,0.0,0.0,False,0.4000830149586079,0.0,True,0.0,True,True,True
2495,t28,1,contact,47.354,0.9305712742216399,0.9853633549378669,0.9983338887037654,0.9788703020292167,0.7049254704994834,0.8441233397685382,0.0,0.0,none,0.0,0.0,0.03482282383747943,93,0.03482282383747943,0.0,0.0,0.0,0.0,False,0.40012197204906474,0.10125860539764328,True,0.001925919668876832,True,True,True
2495,t28,2,contact,1680.05,0.78781314967085,0.9968091313589887,0.991669443518827,0.4537176180555764,0.5000604240618688,0.661259658113914,0.11184786167078366,0.0,none,0.6824856403083243,0.525621261271986,2.100800571411565,93,2.100800571411565,0.525621261271986,0.13117466742061254,0.5832624029046757,0.23558227433707354,False,0.02946329604002089,1.1118478616707836,True,1.4600803547513466,False,True,False
2495,t28,3,contact,1344.04,0.7487383223513624,0.9971890622969786,0.991669443518827,0.24931080139833828,0.508333242245689,0.6486947759240319,0.11184934972173442,0.0,none,0.7194875152525223,0.3944451058004227,2.3721764233207345,93,2.3721764233207345,0.06380018451831791,0.33064492128210476,0.583256450700872,0.42861819588702715,False,0.026834862671109422,1.1118493497217343,True,1.5146945031397876,False,True,False
2495,t28,4,contact,2151.51,0.776757950641382,0.9968982065354424,0.991669443518827,0.3957054440148796,0.5026184526023179,0.6460003266025728,0.11184702836612419,0.0,none,0.3180185079316386,0.3944531979865304,2.199139209206557,93,2.199139209206557,0.19839089755567005,0.19606230043086034,0.5832647768311557,0.1947655367625528,False,0.02846526469474555,1.1118470283661241,True,1.4236940567322478,False,True,False
2495,t28,5,contact,3.505,0.5507744604700768,0.6655460105864694,0.9883372209263579,0.0,0.43444306025108703,0.48976384262895567,0.11212553495007127,0.0,none,0.028245363766048432,0.06875891583452215,0.7089871611982883,93,0.7089871611982883,0.05905848787446514,0.06875891583452215,0.5746077032810271,0.40399429386590585,False,0.08371570933932165,1.0,True,0.6102710413694723,False,True,False
2495,t28,6,contact,1.944,0.32595599824320415,0.6487278975378851,0.00033322225924699344,0.0,0.3319909738810036,0.2986963472373836,0.26388888888888884,0.0,none,0.5895061728395061,0.7242798353909464,0.9202674897119343,93,0.9202674897119343,0.5838477366255143,0.14043209876543217,0.7078189300411523,0.21090534979423853,False,0.3967397954130593,1.5550411522633747,True,0.40257201646090535,False,True,False
2495,t28,7,contact,5.5,0.6027219207536743,0.7227333175374898,0.680106631122959,0.5631386489561709,0.32489768861426194,0.4376750934973347,0.009999999999999948,0.0,none,0.09581818181818184,0.12036363636363635,0.608909090909091,93,0.608909090909091,0.0647272727272727,0.12036363636363635,0.2643636363636364,0.0010909090909089708,False,0.37722308558692835,0.9900000000000001,True,0.4368727272727273,False,True,False
2495,t28,8,contact,27.964,0.9664971786136478,0.9950310894742055,0.9900033322225925,0.9735389183129922,0.8788814635842429,0.8612864364158189,0.003933628951509063,0.0,none,0.011622085538549539,0.021170075811758057,0.08439422114146758,93,0.08439422114146758,0.021170075811758057,0.01880989844085252,0.042626233729080254,0.002074095265341147,False,0.49069032501357956,0.13331426119296244,True,0.06659991417536824,True,True,True
2495,t28,9,contact,69.24,0.9979844809906159,1.0,1.0,0.99874484592355,0.9911775590295291,0.9917542149843116,0.0,0.0,none,0.0,0.0,2.753321779318313,93,2.753321779318313,0.0,0.0,0.0,0.0,False,0.30902610297853106,0.008954361640670198,True,0.6391392258809928,True,True,True
2495,t28,10,contact,32.89,0.9979512112928568,1.0,1.0,0.9983842375911456,0.9913718188731379,0.9930680439417451,0.0,0.0,none,0.0,0.0003040437823045914,2.7418668288233508,93,2.7418668288233508,0.0003040437823045914,0.0,0.0,0.0,False,0.2956123946922805,0.04925509273335361,True,0.5207661903314073,True,True,True
2495,t28,11,contact,73.6,0.9978550630770855,1.0,1.0,0.9987397043765335,0.9905356110088934,0.9913178543573132,0.0,0.0,none,0.0,0.0,2.8544836956521737,93,2.8544836956521737,0.0,0.0,0.0,0.0,False,0.3191832818084646,0.013043478260869578,True,0.6169565217391305,True,True,True
2495,t28,12,contact,68.153,0.5456410364167109,0.6852260067691716,0.9666777740753082,0.0,0.3910753944699028,0.43670542610478447,0.010168297800537202,0.0,none,0.6362302466509177,0.3194576907839713,3.3941425909351017,93,3.3941425909351017,0.07371649083679359,0.3194576907839713,0.6150866432878963,0.5677079512273854,False,0.2535163628040817,0.9774478012706703,True,1.4907194107376034,False,True,False
2495,t28,13,contact,118.061,0.8450278167019606,0.8806948407997457,0.9750083305564812,0.8341664038831502,0.6545746674706796,0.22827865091003105,0.06707549487129531,0.0,none,0.5147254385444812,0.5174359017795884,1.8515597868898281,93,1.8515597868898281,0.2596284971328381,0.2578074046467504,0.5587196449293163,0.2635078476380854,False,0.45925009518449394,0.18592930773074934,True,1.2459118591236724,True,True,True
2495,t28,14,contact,75.097,0.5658605376206585,0.645986054748822,0.9866711096301233,0.0,0.5506594689755246,0.21117627495152505,0.06429018469446168,0.0,none,0.8063571114691666,0.5389562832070521,3.1415768938839106,93,3.1415768938839106,0.3467781669041374,0.19217811630291476,0.5560941182736994,0.31802868290344505,False,0.49552215590375154,1.0596428618986111,True,2.3349108486357637,False,True,False
2495,t29,1,contact,27.221,0.9667074197025861,0.9978977550349255,0.9866711096301233,0.9952418212574566,0.8558286575554996,0.8099353036346151,0.0014694537305756272,0.0,none,0.002093971566070393,0.011351530068697,0.1305242276183829,93,0.1305242276183829,0.011351530068697,0.004004261415818734,0.007347268652878267,0.0006245178354946351,False,0.46696505779683223,0.20013959810440468,True,0.05132801880900781,True,True,True
2495,t29,2,contact,133.89,0.9256292558347275,0.9948555276961187,0.9866711096301233,0.9859689217864822,0.6657951923647949,0.8166987465827547,0.02882963626857879,0.0,none,0.02091268952124882,0.6164762118156696,1.522219732616327,93,1.522219732616327,0.6164762118156696,0.004630666965419356,0.07543505863021902,0.002987527074464155,False,0.1449055206796301,1.0288296362685787,True,0.9797296287997601,True,True,True
2495,t29,3,contact,66.95,0.9072470363777035,0.9928931420991685,0.9866711096301233,0.9687847504874515,0.5949930375726058,0.8505251680392766,0.02867811799850637,0.0,none,0.02076176250933528,0.6164301717699776,1.603734129947722,93,1.603734129947722,0.6164301717699776,0.004779686333084395,0.07542942494398822,0.002987303958177787,False,0.11813108531628293,1.0286781179985063,True,0.8869902912621358,True,True,True
2495,t29,4,contact,149.7,0.9251300944434211,0.9951879487145205,0.9866711096301233,0.9857456794523994,0.6628577857055413,0.8168908951097574,0.028790915163660672,0.0,none,0.020908483633934508,0.616499665998664,1.5368737474949903,93,1.5368737474949903,0.616499665998664,0.004676018704074835,0.07541750167000663,0.0030060120240481152,False,0.13908146907648858,1.0287909151636607,True,0.9652772211088838,True,True,True
2495,t29,5,contact,68.025,0.5125685525735771,0.5863934443513852,0.8250583138953682,0.18732553732386015,0.37767202294588664,0.241749175498598,0.38732818816611536,0.0,none,0.5784785005512678,0.33852260198456435,2.9870047776552737,93,2.9870047776552737,0.014715178243292767,0.3238074237412716,0.3541051084160236,0.8134215361999264,False,0.32838871791762747,0.8777508269018742,True,2.1712311650128626,False,True,False
2495,t29,6,contact,98.127,0.6901533485616456,0.6860163734097106,0.971676107964012,0.598713720844327,0.5083441671804672,0.20655409599448143,0.1466365016763989,0.0,none,0.4189366840930631,0.3856430951725825,1.7844018465865665,93,1.7844018465865665,0.25182671435996207,0.3856430951725825,0.4828130891599661,0.6321501727353328,False,0.4846918149532513,0.48673657606978715,True,1.2359044911186512,False,True,False
2495,t29,7,contact,93.492,0.9229762356648781,0.9747975931786828,0.9783405531489503,0.9766666655165398,0.7102787733015349,0.29401760263402354,0.047512086595644626,0.0,none,0.5262054507337525,0.583322637230993,2.700380781243315,93,2.700380781243315,0.17818636888717743,0.4051362683438155,0.3874235228682668,0.3166153253754332,False,0.479978161625842,0.20701236469430537,True,1.7963376545586782,True,True,True
2495,t29,8,contact,27.294,0.9646485235595175,0.9953546980728426,0.9883372209263579,0.9941419416553112,0.8500540590702335,0.8559297411567676,0.0019051806257785447,0.0,none,0.016706968564519656,0.026269509782369704,0.20103319410859524,93,0.20103319410859524,0.018172492122810826,0.026269509782369704,0.007437532058327816,0.0076939986810288285,False,0.4596945922209363,0.14087345204074156,True,0.04202388803400009,True,True,True
2495,t29,9,contact,39.4,0.9927550473364477,0.9998587400821018,1.0,0.996142745106408,0.9679150114116268,0.9310461024378278,0.0,0.0,none,0.0,0.0,4.5362944162436545,93,4.5362944162436545,0.0,0.0,0.0,0.0,False,0.3126294976779713,0.056598984771573616,True,0.3192385786802031,True,True,True
2495,t29,10,contact,14.75,0.990637812297614,0.9990149190779362,1.0,0.9941308357735434,0.9610283875586544,0.9021949475458118,0.0,0.0,none,0.0,0.0,6.088813559322034,93,6.088813559322034,0.0,0.0,0.0,0.0,False,0.2703209444845667,0.07593220338983052,True,0.6322711864406778,True,True,True
2495,t29,11,contact,39.4,0.992278950315735,0.9996143425987403,1.0,0.9960270151458356,0.9661390512353591,0.915548394600926,0.0,0.0,none,0.0,0.0,5.094416243654822,93,5.094416243654822,0.0,0.0,0.0,0.0,False,0.32647276764285404,0.06319796954314721,True,0.4432487309644668,True,True,True
2495,t29,12,contact,97.191,0.31249916458465016,0.6389938395033516,0.00033322225924699344,0.1362326704204453,0.14794225123685534,0.5404900363296757,0.051517115782325575,0.0,none,0.24478603985965788,0.09032729367945588,2.0133139899784958,93,2.0133139899784958,0.050961508781677343,0.09032729367945588,0.3921042071796771,0.20183967651325743,False,0.38606179563148857,1.0867055591567119,True,1.4045045323126626,False,True,False
2495,t29,13,contact,103.914,0.7689985181921901,0.727679065292574,0.9983338887037654,0.7105381849590959,0.6807623867129412,0.26266066645091896,0.12689339261312232,0.0,none,0.5728679484958715,0.5524760859941875,2.026185114614008,93,2.026185114614008,0.07102989010143003,0.48144619589275744,0.635660257520642,0.8467001558981465,False,0.44208269537581857,0.40409376984814366,True,1.4495813846065015,False,True,False
2495,t29,14,contact,80.7,0.8968953234256525,0.9266248148535001,0.9883372209263579,0.8865128111277224,0.7563769553671812,0.41741751612058475,0.08047087980173481,0.0,none,0.403444857496902,0.5044114002478315,2.714089219330855,93,2.714089219330855,0.10438661710037182,0.5044114002478315,0.7821685254027261,0.2005204460966543,False,0.37673469329999887,0.2624783147459727,True,2.0598959107806687,True,True,True
2495,t30,1,spring,1.952,0.9987301860507722,1.0,1.0,0.9999601567499861,0.9936907735038745,0.9992341556008275,0.0,0.0,none,0.0,0.0,0.23104508196721327,93,0.23104508196721327,0.0,0.0,0.0,0.0,False,0.2966662350191742,0.0005122950819672705,True,0.18309426229508194,True,True,True
2495,t30,2,spring,57.21,0.9994205754643224,1.0,1.0,0.9998540625342041,0.9972488147874076,0.9995769808721263,0.0,0.0,none,0.0,0.00034958923265168896,0.2529278098234574,93,0.2529278098234574,0.00034958923265168896,0.0,0.00034958923265168896,0.0,False,0.2503560138625952,0.0019227407795839788,True,0.20405523509875895,True,True,True
2495,t30,3,spring,48.8,0.9991834447175905,1.0,1.0,0.9998718750061252,0.9960453485818266,0.9994647521902189,0.0,0.0,none,0.0,0.0,0.2311475409836066,93,0.2311475409836066,0.0,0.0,0.0,0.0,False,0.29666649505084247,0.0002049180327869901,True,0.18311475409836067,True,True,True
2495,t30,4,spring,23.57,0.99958418594315,1.0,1.0,0.9994749880760003,0.9984459416397498,0.999556758280806,0.0,0.0,none,0.0,0.00042426813746294283,0.42681374628765373,93,0.42681374628765373,0.00042426813746294283,0.0,0.000848536274925735,0.0,False,0.21659203199731863,0.0046669495120916175,True,0.37233771743742045,True,True,True
2495,t30,5,spring,1.907,0.9994909226391226,1.0,1.0,0.9999581850208291,0.9974964281747832,0.9987271231985951,0.0,0.0,none,0.0,0.0,0.2459360251704248,93,0.2459360251704248,0.0,0.0,0.0,0.0,False,0.28948370183284766,0.0005243838489775102,True,0.1540639748295753,True,True,True
2495,t30,6,spring,57.67,0.9996003678585316,1.0,1.0,0.9998032013928787,0.9981986378997788,0.9994572139120378,0.0,0.0,none,0.0,0.0003468007629617327,0.19889023755852261,93,0.19889023755852261,0.0003468007629617327,0.0,0.00017340038148092797,0.0,False,0.2580128392427801,0.0010404022888850749,True,0.13698630136986298,True,True,True
2495,t30,7,spring,47.67,0.9995060006870304,1.0,1.0,0.9999023951222913,0.9976276083128605,0.9993651119715713,0.0,0.0,none,0.0,0.0,0.24564715754143068,93,0.24564715754143068,0.0,0.0,0.0,0.0,False,0.2895100923964626,0.00020977554017212325,True,0.15410111181036285,True,True,True
2495,t30,8,spring,24.5,0.9995312200379391,1.0,1.0,0.9993127896266691,0.998343310563026,0.999391196280733,0.0,0.0,none,0.0,0.0,0.3759183673469387,93,0.3759183673469387,0.0,0.0,0.0,0.0,False,0.24744531287750424,0.002448979591836755,True,0.26138775510204054,True,True,True
2496,t21,1,lin_acc,51.739,0.5741182268020012,0.9777814050589848,0.915028323892036,0.0,0.0,0.5129128112764226,1.3328243684647947,0.1,B.6,0.001159666789075983,1.8616130965036046,3.992926032586637,93,3.992926032586637,1.8616130965036046,0.9324880650959626,1.504551692147123,0.008852123156613038,False,0.04830434480026369,2.343821875181198,True,2.571831693693345,False,True,False
2496,t21,2,lin_acc,105.132,0.5408554688619217,0.9875114383122773,0.5401532822392536,0.0,0.18910118544580035,0.5892714111019975,0.7123140432979492,0.1,B.6,4.7559258836602206e-05,1.2829205189666324,1.5398546589049955,93,1.5398546589049955,1.2829205189666324,0.37688810257580946,1.449615721188601,0.00021877259064791057,False,0.036353971619681645,1.720142297302439,True,1.1110641859757253,False,True,False
2496,t21,3,lin_acc,143.496,0.6365215476762932,0.9929698537821116,0.9100299900033322,0.0,0.28663804081391087,0.5606699975365015,0.19183810001672524,0.1,B.6,0.00016028321346943708,0.4757902659307576,1.5968249986062326,93,1.5968249986062326,0.4757902659307576,0.17563555778558287,0.7826002118525952,0.0005714445001951325,False,0.030227232308207178,0.9943900875285722,True,0.8816120309973795,False,True,False
2496,t21,4,lin_acc,175.021,0.751069556447615,0.9866962961979904,0.9166944351882705,0.5154707374483127,0.3497900172055106,0.640701174926514,0.17694448094800067,0.1,B.6,5.7136000822219285e-06,0.8697641997246046,1.4115791819267405,93,1.4115791819267405,0.8697641997246046,0.2587632341261906,0.8478296890087477,0.003656704052656542,False,0.03534318368918326,1.1663914615960371,True,0.6881025705486764,False,True,False
2496,t22,1,lin_vel,164.973,0.5569957939148701,0.8609798379494574,0.9100299900033322,0.0,0.15298930367210328,0.5623508090336253,0.2308498966497549,0.01,B.6,0.0,0.5942911870427282,1.9163378249774203,93,1.9163378249774203,0.2265158541094604,0.36777533293326786,1.275772399119856,0.00010910876325217266,False,0.08944729090263696,1.542555448467325,True,1.1050111230322537,False,True,False
2496,t22,2,lin_vel,96.769,0.7016197453845684,0.8641026324452437,0.9983338887037654,0.5829865754278366,0.19857299790075233,0.6092623739212991,0.22900929016523888,0.01,B.6,2.0667775837401953e-05,0.5898273207328792,3.4853413799873927,93,3.4853413799873927,0.24384875321642238,0.3459785675164569,3.068854695201976,0.000465024956339488,False,0.15765649502413492,1.1782492327088219,True,2.8653783753061415,False,True,False
2496,t22,3,lin_vel,367.494,0.8483029024784363,0.9305842393047233,0.9166944351882705,0.8777202215462285,0.5859313770482354,0.7520983820817277,0.0020190805836284723,0.01,B.6,0.0,0.04039521733688161,0.1979460889157373,93,0.1979460889157373,0.04039521733688161,0.037510816503126494,0.04779669872161177,0.00015782570599790125,False,0.23714554899246354,1.4547693295672854,True,0.10999308832253032,True,True,True
2496,t22,4,lin_vel,367.514,0.849824646755702,0.9252014705851517,0.9166944351882705,0.9236214857775367,0.5584043716424,0.7709535075141404,0.002647518189783282,0.01,B.6,8.162954336549753e-06,0.2040711374260573,0.3101079142563276,93,0.3101079142563276,0.028246542988838597,0.2040711374260573,0.23092725719292334,0.00016598007150742182,False,0.22792145618968215,0.7638620569556532,True,0.1960143014959973,True,True,True
2496,t23,1,lin_disp,318.014,0.5434485258161815,0.9032960714683654,0.00033322225924699344,0.9103172638849295,0.0,0.6282139467741397,0.027074279748690352,0.0,none,0.0,0.000600602489198686,0.10144836390850717,93,0.10144836390850717,0.000600602489198686,6.289031300538812e-06,0.042079908431704276,0.0,False,0.011614246547571545,0.09949876420534944,True,0.0696459904280943,False,True,False
2496,t23,2,lin_disp,69.902,0.9309782026122616,0.9997566288893227,0.9783405531489503,0.9674003228364091,0.7096368792973027,0.8803866140438836,0.011230007725100806,0.0,none,0.0015164086864466616,0.09652084346656747,0.9463534662813653,93,0.9463534662813653,0.06024148093044546,0.09652084346656747,0.1289519613172728,0.0019312752138707177,False,0.1796422078552904,0.055992675459929434,True,0.4428113644817029,True,True,True
2496,t23,3,lin_disp,237.902,0.9616125066932636,0.9744435585903839,0.9250249916694435,0.9922611393389358,0.9418892852771702,0.9259099183543891,2.5220468932586642e-05,0.0,none,0.0,2.5220468932586642e-05,0.0009499709964607238,93,0.0009499709964607238,2.5220468932586642e-05,0.0,4.623752637638893e-05,0.0,False,0.43924536173412354,0.16123025447453154,True,0.0005825928323428351,True,True,True
2496,t23,4,lin_disp,392.089,0.8950886803311613,0.9424429814932198,0.9666777740753082,0.9140613123009402,0.7098183522931177,0.9171723899016804,0.0002805485489264265,0.0,none,0.0,0.0003290069346499449,0.0010635340445664888,93,0.0010635340445664888,0.0003290069346499449,8.161412332399599e-05,0.0005432440083755612,0.0,False,0.0758153311877836,0.08049447956968948,True,0.0008911242090443824,True,True,True
2496,t23,5,lin_disp,320.3,0.7097822601910483,0.8570078159966157,0.7834055314895035,0.9050481558314645,0.1464419816410415,0.7840732166397756,0.008694973462379097,0.0,none,0.0,0.005070246643771538,0.14728067436778014,93,0.14728067436778014,0.005070246643771538,0.004280362160474673,0.04204495785201386,6.244146113048859e-06,False,0.019345923443641746,0.11878863565407431,True,0.05647580393381207,False,True,False
2496,t23,6,lin_disp,55.414,0.7466999729878148,0.7375671974950458,0.9533488837054315,0.8256805215455834,0.4793360646979673,0.8744173092608111,0.18917602050023466,0.0,none,0.0,0.1891579745190747,1.102771862706175,93,1.102771862706175,0.1891579745190747,0.0,0.4043923918143428,0.0,False,0.07828517902606452,0.25069477027465986,True,0.6108384162846934,False,True,False
2496,t23,7,lin_disp,242.117,0.9432758933338447,0.9745890221894505,0.9200266577807398,0.9573761081929217,0.8897986563166602,0.9199673047909803,0.0,0.0,none,0.0,0.0,0.00040476298648993984,93,0.00040476298648993984,0.0,0.0,0.0,0.0,False,0.3985474527850629,0.14147292424736801,True,0.0003461136557944983,True,True,True
2496,t23,8,lin_disp,396.286,0.8670630379069099,0.9174444777937248,0.9800066644451849,0.915622934202012,0.6047966352999024,0.8834680389444525,0.0,0.0,none,0.0,0.0,0.0001514058028797441,93,0.0001514058028797441,0.0,0.0,0.0,0.0,False,0.08505800557343286,0.08924110364736568,True,0.0001281902464382742,True,True,True
2496,t23,9,lin_disp,312.728,0.8647104953890637,0.9999839006658875,0.8400533155614796,0.9937061461572615,0.48982521389480227,0.7509970973482542,0.01416246706403018,0.0,none,0.0,0.0015796474891917938,0.176201043718503,93,0.176201043718503,0.001522089483512826,0.0015796474891917938,0.02724732035506899,0.0,False,0.029257320892397624,0.05140249673837964,True,0.08223504131385738,True,True,True
2496,t23,10,lin_disp,97.9,0.8201604381328228,0.8036577501523477,0.9100299900033322,0.8436671111502414,0.7397895892058448,0.7734308753758155,0.015372829417773336,0.0,none,0.00014300306435133597,0.06257405515832472,0.549887640449438,93,0.549887640449438,0.02251276813074559,0.04006128702757913,0.02798774259448426,0.00032686414708883016,False,0.32197311335287515,0.18257405515832476,True,0.28755260469867205,True,True,True
2496,t23,11,lin_disp,257.113,0.9489460321043202,0.9670523753145265,0.9250249916694435,0.9829506633164671,0.902649754906637,0.9055576947420322,0.002423059121864668,0.0,none,0.0,0.0033137180928231257,0.012648135255704837,93,0.012648135255704837,0.002442505824287321,0.0008712122685358048,0.004021578061008384,0.0,False,0.40504805251304665,0.1511747752933535,True,0.009454208849805247,True,True,True
2496,t23,12,lin_disp,402.206,0.9297978427393226,1.0,0.9016994335221593,0.9878989990500658,0.7593907811243878,0.8765698055275042,0.004328627618683068,0.0,none,0.0,0.0009547346384688805,0.014338423593879884,93,0.014338423593879884,0.00023371108337531246,0.000721023555093568,0.0011113707900925044,0.0,False,0.09069180833778241,0.04521066319249332,True,0.010530424707736756,True,True,True
2496,t24,1,joint,8.018,0.573420873667857,0.9810363561123281,0.9050316561146284,0.0,0.0,0.43624716793786117,0.13806435520079832,0.0,none,0.0,1.481042654028436,3.6345722125218254,93,3.6345722125218254,0.6891993015714641,0.791843352456972,1.3334996258418554,0.0023696682464455134,False,0.03403884543243943,0.9995011224744326,True,1.5923671738588168,False,True,False
2496,t24,2,joint,12.089,0.6126729293305762,0.987822672245619,0.915028323892036,0.0,0.17269097826960678,0.6133690140920687,0.338572255769708,0.0,none,8.271982794271203e-05,0.3331954669534286,1.4434609976011248,93,1.4434609976011248,0.3331954669534286,0.27636694515675403,0.40028124741500537,0.0035569526015385277,False,0.033966041458379115,1.001323517247084,True,0.8449003226073288,False,True,False
2496,t24,3,joint,18.789,0.6184169671238992,0.9916620626036313,0.9033655448183939,0.0,0.20539516559383886,0.5632285218025469,0.3560593964553729,0.0,none,0.00021289052104957407,0.33471712172015544,1.5316408536909893,93,1.5316408536909893,0.33471712172015544,0.07983394539358135,1.2696258449092552,0.005162595135451616,False,0.029501466495195024,1.0037788067486295,True,1.276768321890467,False,True,False
2496,t24,4,joint,4.86,0.5060741287075741,0.9451253417622707,0.6401199600133289,0.0,0.0,0.531576796574776,0.6954732510288065,0.0,none,0.0,2.02880658436214,17.73662551440329,93,17.73662551440329,0.18930041152263372,1.8395061728395063,5.0699588477366255,0.0020576131687242358,False,0.06360647454733982,1.6957386831275718,True,4.657201646090534,False,True,False
2496,t24,5,joint,5.03,0.5641037787423134,0.946080839724827,0.9283572142619128,0.0,0.0,0.3937075166216339,2.8170974155069577,0.0,none,0.01988071570576569,5.248508946322067,12.640159045725646,93,12.640159045725646,0.7157057654075546,5.248508946322067,9.483101391650099,0.0,False,0.05222669459174404,3.800874751491053,True,9.082306163021864,False,True,False
2496,t24,6,joint,15.2,0.6088381728034564,0.9893353998474786,0.9216927690769744,0.0,0.14382729524535032,0.5340375990019471,0.4052631578947369,0.0,none,0.0,0.6552631578947369,1.6357894736842107,93,1.6357894736842107,0.08289473684210537,0.5723684210526315,0.7532894736842106,0.0,False,0.03911663885422359,0.9983947368421052,True,1.1559210526315782,False,True,False
2496,t25,1,joint,5.977,0.6203748947532101,0.9819404631099157,0.9183605464845052,0.10666121106165227,0.11297179000006141,0.5560443001066651,0.08850593943449889,0.0,none,0.001003848084323277,0.45122971390329597,4.078802074619374,93,4.078802074619374,0.45122971390329597,0.2670235904299816,2.7895265183202276,0.0038480843232390305,False,0.03655458335104397,1.0893424795047681,True,2.852635101221348,False,True,False
2496,t25,2,joint,4.575,0.5798415156564592,0.986258237658309,0.9266911029656781,0.0,0.0,0.5168592828962182,0.3962841530054645,0.0,none,0.0,1.1696174863387976,4.92655737704918,93,4.92655737704918,0.32262295081967224,0.8469945355191254,0.9193442622950818,0.0008743169398908082,False,0.028684247773908315,0.9960655737704919,True,1.2200655737704917,False,True,False
2496,t25,3,joint,7.909,0.624697504940869,0.9832223866144173,0.9166944351882705,0.0,0.2403483162872394,0.5974298939691686,0.3353141990137818,0.0,none,0.0005057529396889063,0.9165507649513214,2.9841952206347195,93,2.9841952206347195,0.9165507649513214,0.4895688456189152,2.6916171450246558,0.017069161714502495,False,0.03779282308085896,1.3375900872423823,True,2.541130357820205,False,True,False
2496,t25,4,joint,3.53,0.5638900333729684,0.9547100884307548,0.9100299900033322,0.0,0.0,0.4986177660437205,2.626062322946176,0.0,none,0.0,2.68271954674221,12.484702549575072,93,12.484702549575072,1.9461756373937682,2.68271954674221,7.2974504249291785,0.0,False,0.0544679564959978,3.627997167138811,True,7.488951841359762,False,True,False
2496,t25,5,joint,38.4,0.6494259188242161,0.9926625503699883,0.9166944351882705,0.019913593754694037,0.3251964644381391,0.604452078206779,0.14583333333333337,0.0,none,0.0,0.8203125,3.462760416666667,93,3.462760416666667,0.8203125,0.40104166666666663,3.0390625,0.0,False,0.027614517117015114,1.1446223958333333,True,3.0196354166666657,False,True,False
2496,t25,6,joint,8.93,0.655805860608042,0.9792190170020858,0.9383538820393202,0.0,0.38223738699671816,0.5230712050238504,0.011198208286674092,0.0,none,0.0,0.5901455767077267,2.3636058230683097,93,2.3636058230683097,0.24300111982082867,0.34714445688689805,1.2642777155655096,0.022396416573348184,False,0.04123858036463822,1.011310190369541,True,1.937290033594625,False,True,False
2496,t26,1,contact,240.455,0.9470477926145513,0.9760895694674304,0.9200266577807398,0.9804817038974025,0.8825514624597529,0.9219808632828221,0.0,0.0,none,0.0,0.0,0.00040756066623686245,93,0.00040756066623686245,0.0,0.0,0.0,0.0,False,0.4009352586317458,0.1454991578465825,True,0.00034601068807055393,True,True,True
2496,t26,2,contact,1840.15,0.6911111873374424,0.9938577008420242,0.9166944351882705,0.15094183330296063,0.4002042665119322,0.6871202120303825,0.07247235279732625,0.0,none,0.0001086867918376312,0.9828981333043502,1.863652419639703,93,1.863652419639703,0.9653017417058392,0.017596391598510987,1.4418661522158518,0.004809390538814767,False,0.031410396092052095,1.0724723527973263,True,1.2774719452218557,False,True,False
2496,t26,3,contact,893.17,0.6481165556964235,0.9944842696249514,0.9233588803732089,0.0,0.32825535885900514,0.6876092714818594,0.10104459397427142,0.0,none,0.00011196076894655476,1.0087777242854103,1.9091214438460762,93,1.9091214438460762,0.9906512757929621,0.018126448492448245,1.0934984381472732,0.00495986206433265,False,0.03077149181571119,1.1010445939742715,True,1.170854372627831,False,True,False
2496,t26,4,contact,2045.46,0.7024804734820043,0.9938664003820405,0.9166944351882705,0.17986818265017068,0.4281069488074991,0.6872096556687279,0.07505891095401511,0.0,none,0.00010755526874150502,0.9849667067554485,1.7998494226237618,93,1.7998494226237618,0.967268976171619,0.01769773058382955,1.3033107467268976,0.004839987093367754,False,0.03128714812629577,1.0750589109540152,True,1.2017609730818493,False,True,False
2496,t26,5,contact,317.617,0.7742199493944458,0.832683224222039,0.9200266577807398,0.7176479599454868,0.5680586808019246,0.7030625052713847,0.004348004042604684,0.0,none,2.2039122591060936e-05,0.02272548383745208,0.225233535988313,93,0.225233535988313,0.020238211430748346,0.002487272406703736,0.060062905952767004,0.000676915908153452,False,0.47559960326528516,1.0043480040426047,True,0.08860231032973688,False,True,False
2496,t26,6,contact,48.823,0.6291804195508547,0.6462956014532064,0.9200266577807398,0.47257457052659035,0.46070966654053036,0.6804903371647497,0.36882207156463137,0.0,none,0.0031132867705794607,0.5108248161727055,1.6561456690494234,93,1.6561456690494234,0.5108248161727055,0.08110931323351701,0.8724781353050818,0.00428076930954665,False,0.49488232041675023,1.3688220715646313,True,1.0656821579993034,False,True,False
2496,t26,7,contact,1.84,0.7185100023353691,0.8789861700125332,0.7867377540819727,0.8363932484950343,0.21144666907477183,0.4579724913846377,0.08097826086956522,0.0,none,0.0,0.9913043478260869,1.8641304347826086,93,1.8641304347826086,0.9733695652173914,0.017934782608695653,1.4418478260869565,0.004891304347826091,False,0.4442317660491643,1.0809782608695653,True,1.2840217391304336,False,True,False
2513,t21,1,lin_acc,1.043,0.9970743769030737,1.0,1.0,0.9925615385870186,0.9928103459283495,0.9890694282209864,0.0,0.1,B.6,0.0,0.0009587727708532022,0.3432406519654842,93,0.3432406519654842,0.0009587727708532022,0.0,0.0,0.0,False,0.09228277987433638,0.046021093000958774,True,0.12387344199424746,True,True,True
2513,t21,3,lin_acc,2.028,0.999282823696622,1.0,1.0,0.9995818430148958,0.9968322754682132,0.9979252270997676,0.0,0.1,B.6,0.0,0.0004930966469427465,0.1878698224852071,93,0.1878698224852071,0.0004930966469427465,0.0,0.0,0.0,False,0.10721082540915057,0.004437869822485265,True,0.0671597633136093,True,True,True
2513,t21,4,lin_acc,2.168,0.9992452430059664,1.0,1.0,0.9995448168405037,0.996681398189328,0.9976391780698546,0.0,0.1,B.6,0.0,0.00046125461254607465,0.4363468634686347,93,0.4363468634686347,0.00046125461254607465,0.0,0.0,0.0,False,0.10717219410239084,0.014760147601476026,True,0.17324723247232426,True,True,True
2513,t21,5,lin_acc,1.043,0.9969683432460035,1.0,1.0,0.9920803050549164,0.9927614111751003,0.9892106691503812,0.0,0.1,B.6,0.0,0.0,0.3432406519654842,93,0.3432406519654842,0.0,0.0,0.0,0.0,False,0.09397258675388999,0.045062320230105465,True,0.12387344199424735,True,True,True
2513,t21,7,lin_acc,1.03,0.9984250784361244,1.0,1.0,0.9952325409168333,0.9968928512637879,0.99446088725314,0.0,0.1,B.6,0.0,0.0,0.3699029126213592,93,0.3699029126213592,0.0,0.0,0.0009708737864078756,0.0,False,0.21120690015634086,0.008737864077669903,True,0.18368932038834931,True,True,True
2513,t21,8,lin_acc,1.273,0.9990996210980507,1.0,1.0,0.9980045023415918,0.9974936031486614,0.9955493502137801,0.0,0.1,B.6,0.0,0.0007855459544384226,1.4736842105263157,93,1.4736842105263157,0.0007855459544384226,0.0,0.0,0.0,False,0.18152948540942968,0.014139827179890038,True,0.7008641005498795,True,True,True
2513,t21,9,lin_acc,1.043,0.9970743769030737,1.0,1.0,0.9925615385870186,0.9928103459283495,0.9890694282209864,0.0,0.1,B.6,0.0,0.0009587727708532022,0.3432406519654842,93,0.3432406519654842,0.0009587727708532022,0.0,0.0,0.0,False,0.09228277987433638,0.046021093000958774,True,0.12387344199424746,True,True,True
2513,t21,11,lin_acc,2.028,0.999282823696622,1.0,1.0,0.9995818430148958,0.9968322754682132,0.9979252270997676,0.0,0.1,B.6,0.0,0.0004930966469427465,0.1878698224852071,93,0.1878698224852071,0.0004930966469427465,0.0,0.0,0.0,False,0.10721082540915057,0.004437869822485265,True,0.0671597633136093,True,True,True
2513,t21,12,lin_acc,2.168,0.9992452430059664,1.0,1.0,0.9995448168405037,0.996681398189328,0.9976391780698546,0.0,0.1,B.6,0.0,0.00046125461254607465,0.4363468634686347,93,0.4363468634686347,0.00046125461254607465,0.0,0.0,0.0,False,0.10717219410239084,0.014760147601476026,True,0.17324723247232426,True,True,True
2513,t22,1,lin_acc,1.051,0.9976795214317495,1.0,1.0,0.9934822056808503,0.9949154014778973,0.9925727883048496,0.0,0.1,B.6,0.0,0.0,245.6955280685062,93,245.6955280685062,0.0,0.0,0.0,0.0,False,0.19696632411746728,0.01332064700285441,True,15.44110371075165,True,True,True
2513,t22,2,lin_acc,3.312,0.9966499841413484,1.0,1.0,0.9887737339407138,0.994476186766028,0.9884347022596688,0.0039251207729468305,0.1,B.6,0.0,0.009057971014492829,113.51177536231883,93,113.51177536231883,0.00875603864734297,0.0003019323671498593,0.010869565217391314,0.0,False,0.11274932149524244,0.020229468599033802,True,22.836956521739033,True,True,True
2513,t22,3,lin_acc,4.646,0.9980509458205092,1.0,1.0,0.9940927398533512,0.9961619892491945,0.9922188573365829,0.0004304778303916874,0.1,B.6,0.0,0.002582866982350507,63.397761515281964,93,63.397761515281964,0.002582866982350507,0.0,0.0015066724063710017,0.0,False,0.1067273523177018,0.01076194575979337,True,3.9160998708566477,True,True,True
2513,t22,4,lin_acc,5.492,0.9981553891066755,1.0,1.0,0.9952898065547358,0.995487138978641,0.99324467079818,0.0003641660597231937,0.1,B.6,0.0,0.005280407865986874,71.2647487254188,93,71.2647487254188,0.005280407865986874,0.0,0.0012745812090314205,0.0,False,0.08708973178372181,0.012017479970866713,True,21.599745083758126,True,True,True
2513,t23,1,lin_vel,123.0,0.9998580369286645,1.0,1.0,0.9999939022614353,0.999296282381887,0.9993689018903038,0.0,0.01,B.6,0.0,0.0,0.0,93,0.0,0.0,0.0,0.0,0.0,False,0.0690088162929101,6.504065040646802e-05,True,0.0,True,True,True
2513,t23,2,lin_vel,31.449,0.9999161541037046,1.0,1.0,0.9999608576844575,0.9996199128340649,0.9993865062094291,0.0,0.01,B.6,0.0,3.1797513434488285e-05,0.08394543546694638,93,0.08394543546694638,3.1797513434488285e-05,0.0,0.0,0.0,False,0.22096666844535934,0.0009221278895990306,True,0.04556583675156602,True,True,True
2513,t23,3,lin_vel,14.419,0.9998673086806609,1.0,1.0,0.9995890564404467,0.9997474869628568,0.998171957608138,0.0,0.01,B.6,0.0,0.00020805881129066603,0.32450239267632985,93,0.32450239267632985,0.00020805881129066603,0.0,0.0,0.0,False,0.20801204637480775,0.00048547055967821046,True,0.14516956793120184,True,True,True
2513,t23,4,lin_vel,123.0,0.9998565264410176,1.0,1.0,0.9999943135244054,0.9992883186806821,0.9993120002297773,0.0,0.01,B.6,0.0,0.0,0.0,93,0.0,0.0,0.0,0.0,0.0,False,0.062272828289207355,4.8780487804879895e-05,True,0.0,True,True,True
2513,t24,1,lin_disp,1695.729,0.9999906980032248,1.0,1.0,0.9999997894183609,0.9999537005977628,0.9999835863901383,0.0,0.0,none,0.0,1.2384054291669342e-05,0.0023464834298405238,93,0.0023464834298405238,1.2384054291669342e-05,0.0,4.128018097133724e-06,0.0,False,0.07724579311470445,5.897168711531894e-07,True,0.0014826661571513335,True,True,True
2513,t24,2,lin_disp,556.926,0.999975459560781,1.0,1.0,0.9999998604960119,0.999877437307893,0.9998895342758111,0.0,0.0,none,0.0,1.0773424117336603e-05,0.0049432060991945834,93,0.0049432060991945834,1.0773424117336603e-05,0.0,3.5911413723774904e-06,0.0,False,0.03114758951593105,1.7955706863928778e-06,True,0.002912056538929781,True,True,True
2513,t24,3,lin_disp,16.061,0.9999306126520784,1.0,1.0,0.9999992328794842,0.9996538303809072,0.9994130869304519,0.0,0.0,none,0.0,0.0,0.005977211879708616,93,0.005977211879708616,0.0,0.0,0.0,0.0,False,0.017945052289854286,6.226262374704079e-05,True,0.0036983998505697104,True,True,True
2513,t24,4,lin_disp,1784.908,0.9999908272854645,1.0,1.0,0.9999997912122721,0.9999543452150502,0.9999830014149239,0.0,0.0,none,0.0,1.2325565239307511e-05,0.002545229221898339,93,0.002545229221898339,1.2325565239307511e-05,0.0,3.921770757967271e-06,0.0,False,0.072309956125725,5.602529655330845e-07,True,0.0015313954556760612,True,True,True
2513,t24,9,lin_disp,47.106,0.9996182052454031,1.0,1.0,0.9999852021564136,0.9981058240706012,0.9992788828186603,0.0,0.0,none,0.0,0.0,1.1998471532288881,93,1.1998471532288881,0.0,0.0,0.0,0.0,False,0.027703716380593976,4.245743642004085e-05,True,0.3046363520570628,True,True,True
2513,t24,10,lin_disp,5.501,0.9997226659723951,1.0,1.0,0.9999071112567923,0.9987062186051827,0.9990641309892092,0.0,0.0,none,0.0,0.0,4.7707689510998,93,4.7707689510998,0.0,0.0,0.0,0.0,False,0.20902636610572,0.00036357025995273617,True,1.5585893473913779,True,True,True
2513,t24,11,lin_disp,25.332,0.9996620365971468,1.0,1.0,0.99998003556685,0.9983301474188839,0.9990716225352989,0.0,0.0,none,0.0,0.00027633033317534726,0.3907310911100584,93,0.3907310911100584,0.00027633033317534726,0.0,3.947576188211232e-05,0.0,False,0.06961050355441971,7.895152376450514e-05,True,0.14044686562450656,True,True,True
2513,t24,12,lin_disp,52.51,0.9996554053295337,1.0,1.0,0.9999836932440707,0.9982933334035972,0.9992209510311264,0.0,0.0,none,0.0,3.808798324133392e-05,0.994591506379737,93,0.994591506379737,3.808798324133392e-05,0.0,3.808798324133392e-05,0.0,False,0.029618935211676654,5.713197486193323e-05,True,0.20046467339554375,True,True,True
2513,t25,1,lin_disp,50.872,0.9994656169104723,1.0,1.0,0.9999765054052066,0.9973515791471546,0.9988304478599638,0.0,0.0,none,0.0,0.00021622896681873694,0.9551423179745242,93,0.9551423179745242,0.00021622896681873694,0.0,3.9314357603444805e-05,0.0,False,0.013592771573583746,5.897153640509738e-05,True,0.18360984431514352,True,True,True
2513,t25,2,lin_disp,22.642,0.9996305544619122,1.0,1.0,0.9998334521033441,0.9983193202062165,0.9990791501171927,8.833141948586219e-05,0.0,none,0.0,0.00022082854871473392,0.9978358802225952,93,0.9978358802225952,0.0001766628389718813,4.416570974285264e-05,0.00048582280717247736,0.0,False,0.1922488529468217,0.000309159968200753,True,0.6462944969525658,True,True,True
2513,t25,3,lin_disp,29.284,0.9995083340010706,1.0,1.0,0.9999262769782536,0.9976153930270993,0.9985915493691216,3.414834039069875e-05,0.0,none,0.0,0.00020489004234394985,0.4558120475344898,93,0.4558120475344898,0.00020489004234394985,3.414834039069875e-05,6.829668078127619e-05,0.0,False,0.05540826169213402,0.00023903838273464862,True,0.13722852069389427,True,True,True
2513,t25,4,lin_disp,61.571,0.9995505180277198,1.0,1.0,0.9999720363988642,0.9977805537397346,0.9989331143247627,0.0,0.0,none,0.0,0.0001136898864726089,0.641795650549772,93,0.641795650549772,0.0001136898864726089,0.0,9.744847411931311e-05,0.0,False,0.02846084727311568,0.00011368988647249349,True,0.07651329359601097,True,True,True
2513,t26,1,ang_acc,3.112,0.9972421363996062,1.0,1.0,0.9919937858658265,0.9942168961322042,0.9931838852322706,0.0,0.1,B.6,0.0,0.0,1.1773778920308482,93,1.1773778920308482,0.0,0.0,0.0,0.0,False,0.2003675273963173,0.035989717223650415,True,0.5667737789203076,True,True,True
2513,t26,2,ang_acc,1.401,0.9980969872237978,1.0,1.0,0.9939234181302337,0.996561517988755,0.9948600629029443,0.0,0.1,B.6,0.0,0.0,0.30549607423269104,93,0.30549607423269104,0.0,0.0,0.0,0.0,False,0.20140900250361857,0.025695931477516084,True,0.17387580299785854,True,True,True
2513,t26,4,ang_acc,3.399,0.9976030247228607,1.0,1.0,0.9944415112996355,0.993573612314667,0.9933797092997441,0.0,0.1,B.6,0.0,0.00029420417769929094,1.0838481906443072,93,1.0838481906443072,0.00029420417769929094,0.0,0.0,0.0,False,0.16986563660451195,0.03765813474551342,True,0.5772874374816122,True,True,True
2513,t28,1,ang_disp,12.881,0.999958252541725,1.0,1.0,0.999996213047581,0.9997950496610437,0.9994980367458147,7.763372408970156e-05,0.0,none,0.0,0.00015526744817940312,0.04976321714152628,93,0.04976321714152628,0.00015526744817940312,0.0,7.763372408970156e-05,0.0,False,0.29367820103244274,7.763372408983946e-05,True,0.029531868643738964,True,True,True
2513,t28,2,ang_disp,1.248,0.9999080363114217,1.0,1.0,0.9999451073912897,0.9995950741658182,0.9992744825993091,0.0,0.0,none,0.0,0.0,0.24439102564102577,93,0.24439102564102577,0.0,0.0,0.0,0.0,False,0.19991647557532705,0.0008012820512821409,True,0.14054487179487163,True,True,True
2513,t28,3,ang_disp,2.979,0.9999141989160728,1.0,1.0,0.9998644894640558,0.9997065051163078,0.9991182301343264,0.0,0.0,none,0.0,0.0,0.3615307150050352,93,0.3615307150050352,0.0,0.0,0.0,0.0,False,0.22176970379796784,0.0003356831151394206,True,0.15045317220543805,True,True,True
2513,t28,4,ang_disp,12.897,0.9999588374264001,1.0,1.0,0.9999953423853823,0.999798844746618,0.9994849823957248,0.0,0.0,none,0.0,7.753741180115111e-05,0.05055439249437848,93,0.05055439249437848,7.753741180115111e-05,0.0,0.0,0.0,False,0.29485105598807915,7.753741180128884e-05,True,0.029572768860975502,True,True,True
2513,t29,1,contact,55.707,0.9998384801548983,1.0,1.0,0.9999819408422413,0.9992104599322491,0.9995740142616489,0.0,0.0,none,0.0,0.0,0.001795106539573149,93,0.001795106539573149,0.0,0.0,0.0,0.0,False,0.0799978569082412,5.385319618719575e-05,True,0.0015976448202200556,True,True,True
2513,t30,2,spring,587.79,0.9999584052375853,1.0,1.0,0.9999246418941763,0.9998673842937496,0.9991916168362289,1.701287874919768e-05,0.0,none,0.0,0.00039129621123193354,0.2038823389305705,93,0.2038823389305705,0.00039129621123193354,0.0,1.701287874919768e-05,0.0,False,0.164413863761288,0.0003402575749842921,True,0.13621191241770014,True,True,True
2513,t30,3,spring,494.32,0.999966239843642,1.0,1.0,0.999940426585553,0.9998907726326558,0.9993676217913716,0.0,0.0,none,0.0,6.0689431946861784e-05,0.09686033338727949,93,0.09686033338727949,6.0689431946861784e-05,0.0,4.0459621297907856e-05,0.0,False,0.1752782270021926,0.0003236769703835503,True,0.07491098883314447,True,True,True
2513,t30,4,spring,311.32,0.9998904735298191,1.0,1.0,0.9996100652221096,0.9998423024269852,0.9974640120138623,0.0,0.0,none,0.0,0.00044969805987404073,0.22934601053578305,93,0.22934601053578305,0.00044969805987404073,0.0,0.0,0.0,False,0.1374759266623789,0.0006103045098291132,True,0.12387254272131558,True,True,True
2513,t30,6,spring,491.34,0.9999430137791474,1.0,1.0,0.9998673498609174,0.9998477190348195,0.9990988063378385,2.035250539351111e-05,0.0,none,0.0,0.0001017625269669771,0.102128872064151,93,0.102128872064151,0.0001017625269669771,0.0,4.070501078690653e-05,0.0,False,0.18435498691914498,0.00044775511865510417,True,0.05809826189603939,True,True,True
2513,t30,7,spring,477.72,0.9999531369878503,1.0,1.0,0.9998882959904865,0.9998773889487644,0.9992570735854124,0.0,0.0,none,0.0,0.00010466381981067262,0.10926902788244157,93,0.10926902788244157,0.00010466381981067262,0.0,4.1865527924388036e-05,0.0,False,0.17224480114016694,0.00031399145943231534,True,0.05378883027714985,True,True,True
2513,t30,8,spring,249.88,0.9998702431606221,1.0,1.0,0.9995406708277298,0.9998105449753804,0.9975944366210225,0.0,0.0,none,0.0,0.00020009604610217452,0.21738434448535307,93,0.21738434448535307,0.00020009604610217452,0.0,0.0,0.0,False,0.15515528908963477,0.0008404033936289418,True,0.1672402753321593,True,True,True
2513,t31,1,spring,1.241,0.9998953714033487,1.0,1.0,0.999973918826695,0.9995029381900483,0.9992543149612898,0.0,0.0,none,0.0,0.0,0.14746172441579375,93,0.14746172441579375,0.0,0.0,0.0,0.0,False,0.12327880064400067,0.0008058017727639007,True,0.07542304593070097,True,True,True
2513,t31,2,spring,1406.25,0.9999306547889293,1.0,1.0,0.9999086327907267,0.9997446411539187,0.999229247044938,2.8444444444418576e-05,0.0,none,0.0,7.111111111104644e-06,0.17299199999999998,93,0.17299199999999998,0.0,7.111111111104644e-06,5.688888888883715e-05,0.0,False,0.12428416071477197,0.0006471111111110884,True,0.06923093333333333,True,True,True
2513,t31,3,spring,1290.87,0.9999623027624391,1.0,1.0,0.9999403253648422,0.9998711884473533,0.9994543775465814,2.324014037060284e-05,0.0,none,0.0,1.54934269136178e-05,0.14712558197184852,93,0.14712558197184852,1.54934269136178e-05,7.7467134568089e-06,2.3240140370426702e-05,0.0,False,0.12324864883736965,0.00016268098259316307,True,0.07550411737820223,True,True,True
2513,t31,4,spring,479.55,0.9997524222817293,1.0,1.0,0.9991975018784299,0.9995646095302164,0.9973509275730359,0.0,0.0,none,0.0,4.170576582220551e-05,0.2366176623918256,93,0.2366176623918256,4.170576582220551e-05,0.0,0.0,0.0,False,0.15115714386031762,0.002022729642373056,True,0.07474507350641224,True,True,True
2513,t31,5,spring,1.224,0.9999093673232666,1.0,1.0,0.999963972197914,0.9995828644184184,0.9990938649650443,0.0,0.0,none,0.0,0.0,0.06290849673202611,93,0.06290849673202611,0.0,0.0,0.0,0.0,False,0.11820933674720267,0.0008169934640522884,True,0.04346405228758163,True,True,True
2513,t31,6,spring,1400.55,0.9999159967563228,1.0,1.0,0.9999084142032856,0.999671569578328,0.9989439148948231,7.140052122374e-06,0.0,none,0.0,9.282067759102434e-05,0.05967655563885611,93,0.05967655563885611,9.282067759102434e-05,0.0,4.9980364856618e-05,0.0,False,0.11968330393811855,0.0017992931348398916,True,0.045724893791724654,True,True,True
2513,t31,7,spring,1272.61,0.9999489834635995,1.0,1.0,0.9999348909464398,0.999810026371557,0.9992412599202982,0.0,0.0,none,0.0,1.5715733807065155e-05,0.06244646828172027,93,0.06244646828172027,1.5715733807065155e-05,0.0,3.143146761377297e-05,0.0,False,0.11824061512145179,0.0005736242839518704,True,0.04360173187386557,True,True,True
2513,t31,8,spring,479.25,0.9996981580614638,1.0,1.0,0.9990486876488983,0.99944210265842,0.9964540910741063,2.086593635887513e-05,0.0,none,0.0,4.173187271775026e-05,0.12394366197183106,93,0.12394366197183106,4.173187271775026e-05,0.0,4.173187271775026e-05,0.0,False,0.15465170086237692,0.004527908189879995,True,0.06049869587897751,True,True,True
2513,t32,1,spring,61.571,0.9995505180277198,1.0,1.0,0.9999720363988642,0.9977805537397346,0.9989331143247627,0.0,0.0,none,0.0,0.0001136898864726089,0.641795650549772,93,0.641795650549772,0.0001136898864726089,0.0,9.744847411931311e-05,0.0,False,0.02846084727311568,0.00011368988647249349,True,0.07651329359601097,True,True,True
2589,t21,3,lin_acc,1.0,1.0,1.0,1.0,1.0,1.0,0.9957526239949799,0.0,0.1,B.6,0.0,0.0,70.577,93,70.577,0.0,0.0,0.0,0.0,False,0.47905446219472514,0.0,True,70.3998,True,True,True
2589,t21,4,lin_acc,1.0,1.0,1.0,1.0,1.0,1.0,0.9944586342923876,0.0,0.1,B.6,0.0,0.0,71.223,93,71.223,0.0,0.0,0.0,0.0,False,0.4181093925754891,0.0,True,70.75019999999999,True,True,True
2589,t21,7,lin_acc,3.339,1.0,1.0,1.0,1.0,1.0,0.9898438157915398,0.0,0.1,B.6,0.0,0.0,0.4225816112608566,93,0.4225816112608566,0.0,0.0,0.0,0.0,False,0.14863495783637623,0.0,True,0.3924528301886791,True,True,True
2589,t21,8,lin_acc,3.339,1.0,1.0,1.0,1.0,1.0,0.9880093977756523,0.0,0.1,B.6,0.0,0.0,0.4225816112608566,93,0.4225816112608566,0.0,0.0,0.0,0.0,False,0.09815469539420596,0.0,True,0.39257262653489056,True,True,True
2589,t22,2,lin_vel,15.909,1.0,1.0,1.0,1.0,1.0,0.9997357410051302,0.0,0.01,B.6,0.0,0.0001257150040857796,2.9276510151486574,93,2.9276510151486574,0.0001257150040857796,0.0,0.0,0.0,False,0.3883573038763269,0.0,True,2.5401722295555946,True,True,True
2589,t22,3,lin_vel,199.413,1.0,1.0,1.0,1.0,1.0,0.9997232222330936,0.0,0.01,B.6,0.0,0.00020560344611432962,0.543154157452122,93,0.543154157452122,0.00020560344611432962,0.0,0.0,0.0,False,0.3089627038704366,0.0,True,0.37050844227808627,True,True,True
2589,t22,4,lin_vel,200.043,1.0,1.0,1.0,1.0,1.0,0.9998057638802973,0.0,0.01,B.6,0.0,0.00020995485970517133,0.5395389991151903,93,0.5395389991151903,0.00020495593447407214,4.998925231099188e-06,0.0,0.0,False,0.3020195084711127,0.0,True,0.36862074653949406,True,True,True
2589,t22,6,lin_vel,59.683,1.0,1.0,1.0,1.0,1.0,0.9988399516507441,0.0,0.01,B.6,0.0,0.0019938676004892476,1.970443844980983,93,1.970443844980983,0.0019603572206490514,3.351037984019644e-05,0.0,0.0,False,0.35301646097890615,0.0,True,1.5107451032957442,True,True,True
2589,t22,7,lin_vel,178.046,1.0,1.0,1.0,1.0,1.0,0.999334848744499,0.0,0.01,B.6,0.0,0.0004100064028395981,1.0099805668198105,93,1.0099805668198105,0.00040438987677343343,5.6165260661646605e-06,0.0,0.0,False,0.24972711404871828,0.0,True,0.710233310492794,True,True,True
2589,t22,8,lin_vel,187.783,1.0,1.0,1.0,1.0,1.0,0.9994548887832756,0.0,0.01,B.6,0.0,0.0005698066385135999,0.9902706847797725,93,0.9902706847797725,0.000559156047139463,1.0650591374136902e-05,0.0,0.0,False,0.24718746469996958,0.0,True,0.673166367562559,True,True,True
2589,t22,10,lin_vel,32.889,1.0,1.0,1.0,1.0,1.0,0.9988761184201304,0.0,0.01,B.6,0.0,0.0019763446745113813,3.7731764419714797,93,3.7731764419714797,0.0019459393718264481,3.0405302684933407e-05,0.0,0.0,False,0.44235577560743244,0.0,True,3.117486089574021,True,True,True
2589,t22,11,lin_vel,150.693,1.0,1.0,1.0,1.0,1.0,0.9994248839751192,0.0,0.01,B.6,0.0,0.000637056797594946,0.6608402513719946,93,0.6608402513719946,0.0006304207892868206,6.636008308125481e-06,0.0,0.0,False,0.30118110198574544,0.0,True,0.539080116528306,True,True,True
2589,t22,12,lin_vel,151.721,1.0,1.0,1.0,1.0,1.0,0.999496605720974,0.0,0.01,B.6,0.0,0.0005141015416455398,0.6878349074946778,93,0.6878349074946778,0.0005009194508340533,1.3182090811486542e-05,0.0,0.0,False,0.3016903331188518,0.0,True,0.5733431759611392,True,True,True
2589,t23,1,lin_disp,40.0,1.0,1.0,1.0,1.0,1.0,1.0,0.0,0.0,none,0.0,0.0,0.008249999999999957,93,0.008249999999999957,0.0,0.0,0.0,0.0,True,0.0,0.0,True,0.00406999999999993,True,True,True
2589,t23,2,lin_disp,9.02,1.0,1.0,1.0,1.0,1.0,0.9998432285722458,0.0,0.0,none,0.0,0.00011086474501122197,1.2415742793791573,93,1.2415742793791573,0.00011086474501122197,0.0,0.0,0.0,False,0.4020337557210414,0.0,True,0.7782261640798227,True,True,True
2589,t23,3,lin_disp,76.551,1.0,1.0,1.0,1.0,1.0,0.9999420563874098,0.0,0.0,none,0.0,0.0,0.00026126373267489674,93,0.00026126373267489674,0.0,0.0,0.0,0.0,False,0.17788356356936907,0.0,True,0.00019594779950621896,True,True,True
2589,t23,4,lin_disp,86.408,1.0,1.0,1.0,1.0,1.0,0.9999527505553168,0.0,0.0,none,0.0,0.0,0.0002083140449958416,93,0.0002083140449958416,0.0,0.0,0.0,0.0,False,0.12416532529725098,0.0,True,0.0001550782334967837,True,True,True
2589,t23,5,lin_disp,40.0,1.0,1.0,1.0,1.0,1.0,1.0,0.0,0.0,none,0.0,0.0,0.012325000000000053,93,0.012325000000000053,0.0,0.0,0.0,0.0,True,0.0,0.0,True,0.00625,True,True,True
2589,t23,6,lin_disp,9.112,1.0,1.0,1.0,1.0,1.0,0.9995444687446299,0.0,0.0,none,0.0,0.0,0.9183494293239685,93,0.9183494293239685,0.0,0.0,0.0,0.0,False,0.3106514613425811,0.0,True,0.23156277436347666,True,True,True
2589,t23,7,lin_disp,80.104,1.0,1.0,1.0,1.0,1.0,0.9998668996831462,0.0,0.0,none,0.0,0.0,0.0012858284230499654,93,0.0012858284230499654,0.0,0.0,0.0,0.0,False,0.19943489101629025,0.0,True,0.0011285329072204667,True,True,True
2589,t23,8,lin_disp,89.704,1.0,1.0,1.0,1.0,1.0,0.9999021150539441,0.0,0.0,none,0.0,0.0,0.0010255952911798667,93,0.0010255952911798667,0.0,0.0,0.0,0.0,False,0.14490913987874735,0.0,True,0.0008962811022919532,True,True,True
2589,t23,9,lin_disp,40.0,1.0,1.0,1.0,1.0,1.0,1.0,0.0,0.0,none,0.0,0.0,0.02032500000000006,93,0.02032500000000006,0.0,0.0,0.0,0.0,True,0.0,0.0,True,0.008525000000000027,True,True,True
2589,t23,10,lin_disp,5.186,1.0,1.0,1.0,1.0,1.0,0.9995107912156217,0.0,0.0,none,0.0,0.004435017354415674,3.9618202853837254,93,3.9618202853837254,0.004435017354415674,0.0,0.0,0.0,False,0.5505958618540827,0.0,True,2.9521018125723093,True,True,True
2589,t23,11,lin_disp,71.171,1.0,1.0,1.0,1.0,1.0,0.9998482577921537,0.0,0.0,none,0.0,0.0,0.0015034213373424472,93,0.0015034213373424472,0.0,0.0,0.0,0.0,False,0.13286606428098577,0.0,True,0.001194306669851596,True,True,True
2589,t23,12,lin_disp,81.759,1.0,1.0,1.0,1.0,1.0,0.9998633186726673,0.0,0.0,none,0.0,0.0,0.001076334103890802,93,0.001076334103890802,0.0,0.0,0.0,0.0,False,0.09342490655727616,0.0,True,0.0008586210692400814,True,True,True
2589,t24,1,lin_disp,40.0,1.0,1.0,1.0,1.0,1.0,1.0,0.0,0.0,none,0.0,0.0,0.0,93,0.0,0.0,0.0,0.0,0.0,True,0.0,0.0,True,0.0,True,True,True
2589,t24,2,lin_disp,9.832,1.0,1.0,1.0,1.0,1.0,0.9994625559807689,0.0,0.0,none,0.0,0.0,0.0038649308380797652,93,0.0038649308380797652,0.0,0.0,0.0,0.0,False,0.004126762294154386,0.0,True,0.00313262815296982,True,True,True
2589,t24,3,lin_disp,44.998,1.0,1.0,1.0,1.0,1.0,0.9978159624647192,0.0,0.0,none,0.0,0.0,0.0019334192630784323,93,0.0019334192630784323,0.0,0.0,0.0,0.0,True,0.00016241017025468222,0.0,True,0.0016711853860170514,True,True,True
2589,t24,4,lin_disp,60.98,1.0,1.0,1.0,1.0,1.0,0.9971685753904119,0.0,0.0,none,0.0,0.0,0.0012135126270908178,93,0.0012135126270908178,0.0,0.0,0.0,0.0,True,6.835232286966222e-05,0.0,True,0.0010790423089536876,True,True,True
2589,t25,1,ang_acc,10.285,1.0,1.0,1.0,1.0,1.0,0.9907158301869277,0.0,0.1,B.6,0.0,0.004958677685950428,15.243266893534274,93,15.243266893534274,0.00476421973748172,0.0001944579484687086,0.0,0.0,False,0.12496129367423736,0.0,True,12.959261059795814,True,True,True
2589,t25,4,ang_acc,10.285,1.0,1.0,1.0,1.0,1.0,0.9904441254798978,0.0,0.1,B.6,0.0,0.004958677685950428,17.88663101604278,93,17.88663101604278,0.00476421973748172,0.0001944579484687086,0.0,0.0,False,0.12490794738580485,0.0,True,13.840447253281477,True,True,True
2589,t27,3,ang_disp,123.041,1.0,1.0,1.0,1.0,1.0,0.999678887817915,0.0,0.0,none,0.0,0.0014954364805227322,0.7871685048073406,93,0.7871685048073406,0.001471054363992469,2.4382116530263196e-05,0.0,0.0,False,0.5235861589756501,0.0,True,0.6761908632081989,True,True,True
2589,t27,4,ang_disp,123.041,1.0,1.0,1.0,1.0,1.0,0.999650243665888,0.0,0.0,none,0.0,0.0014954364805227322,0.7873229248786989,93,0.7873229248786989,0.001471054363992469,2.4382116530263196e-05,0.0,0.0,False,0.22018499484253412,0.0,True,0.676190863208199,True,True,True
2589,t28,1,contact,52.152,1.0,1.0,1.0,1.0,1.0,0.9996778645248608,0.0,0.0,none,0.0,0.0002300966405890561,0.9322365393465257,93,0.9322365393465257,0.0002300966405890561,0.0,0.0,0.0,False,0.26388800610129015,0.0,True,0.7623561895996317,True,True,True
2589,t28,2,contact,38.85,1.0,1.0,1.0,1.0,1.0,0.995078879053029,0.0,0.0,none,0.0,0.0,2.5809523809523807,93,2.5809523809523807,0.0,0.0,0.0,0.0,False,0.33895798055295695,0.0,True,2.0556499356499316,True,True,True
2589,t28,3,contact,5.42,1.0,1.0,1.0,1.0,1.0,0.994212593456842,0.0,0.0,none,0.0,0.02214022140221404,2.433579335793358,93,2.433579335793358,0.02029520295202958,0.0018450184501844625,0.0,0.0,False,0.21251645895237434,0.0,True,1.7243542435424342,True,True,True
2589,t28,4,contact,38.85,1.0,1.0,1.0,1.0,1.0,0.9951350484293768,0.0,0.0,none,0.0,0.0,2.58018018018018,93,2.58018018018018,0.0,0.0,0.0,0.0,False,0.33998467145563166,0.0,True,2.0568339768339734,True,True,True
2589,t28,5,contact,40.0,1.0,1.0,1.0,1.0,1.0,1.0,0.0,0.0,none,0.0,0.0,0.02212499999999995,93,0.02212499999999995,0.0,0.0,0.0,0.0,False,0.48125944609488175,0.0,True,0.012534999999999918,True,True,True
2589,t28,6,contact,46.265,1.0,1.0,1.0,1.0,1.0,0.9994799020461813,0.0,0.0,none,0.0,0.0013184913001188792,0.7318923592348429,93,0.7318923592348429,0.0012968766886415708,2.161461147730832e-05,0.0,0.0,False,0.41793780156290117,0.0,True,0.7016405490111316,True,True,True
2589,t28,7,contact,72.178,1.0,1.0,1.0,1.0,1.0,0.9993454854126707,0.0,0.0,none,0.0,9.698246002924426e-05,0.01687494804511075,93,0.01687494804511075,9.698246002924426e-05,0.0,0.0,0.0,False,0.336396587011824,0.0,True,0.011213943306824747,True,True,True
2589,t29,2,spring,21.43,1.0,1.0,1.0,1.0,1.0,0.9989836266805143,0.0,0.0,none,0.0,0.0013999066728885273,0.5408306112925805,93,0.5408306112925805,0.0013999066728885273,0.00046663555762956434,0.0,0.0,False,0.10263372691111018,0.0,True,0.2983667755482967,True,True,True
2589,t29,3,spring,9.62,1.0,1.0,1.0,1.0,1.0,0.9994442294116389,0.0,0.0,none,0.0,0.0,0.18191268191268192,93,0.18191268191268192,0.0,0.0,0.0,0.0,False,0.19861967368963632,0.0,True,0.149064449064449,True,True,True
2589,t29,4,spring,20.6,1.0,1.0,1.0,1.0,1.0,0.9969291019269768,0.0,0.0,none,0.0,0.0009708737864079187,0.6800970873786408,93,0.6800970873786408,0.0009708737864079187,0.0,0.0,0.0,False,0.13028516987761163,0.0,True,0.4285436893203881,True,True,True
2638_Start_135_,t21,1,lin_acc,1.68,1.0,1.0,1.0,1.0,1.0,0.9999972221329854,0.0,0.1,B.6,0.0,0.0,0.0023809523809523833,93,0.0023809523809523833,0.0,0.0,0.0,0.0,False,0.49908913884293254,0.0,True,0.0017857142857143535,True,True,True
2638_Start_135_,t21,3,lin_acc,2.02,1.0,1.0,1.0,1.0,1.0,0.999997041126827,0.0,0.1,B.6,0.0,0.0,0.0004950495049504405,93,0.0004950495049504405,0.0,0.0,0.0,0.0,False,0.48409315003368103,0.0,True,0.0004950495049504405,True,True,True
2638_Start_135_,t21,4,lin_acc,2.021,1.0,1.0,1.0,1.0,1.0,0.999992944478261,0.0,0.1,B.6,0.0,0.0,0.0004948045522018258,93,0.0004948045522018258,0.0,0.0,0.0,0.0,False,0.30707794735717764,0.0,True,0.0,True,True,True
2638_Start_135_,t21,5,lin_acc,1.305,1.0,1.0,1.0,1.0,1.0,0.9999863256085378,0.0,0.1,B.6,0.0,0.0,0.06360153256704978,93,0.06360153256704978,0.0,0.0,0.0,0.0,False,0.39289073415242387,0.0,True,0.039386973180076716,True,True,True
2638_Start_135_,t21,7,lin_acc,2.463,1.0,1.0,1.0,1.0,1.0,0.9999866767518483,0.0,0.1,B.6,0.0,0.0,0.08607389362565984,93,0.08607389362565984,0.0,0.0,0.0,0.0,False,0.267869141064321,0.0,True,0.05367438083637826,True,True,True
2638_Start_135_,t21,8,lin_acc,2.782,1.0,1.0,1.0,1.0,1.0,0.9999820614744965,0.0,0.1,B.6,0.0,0.0,0.09884974838245864,93,0.09884974838245864,0.0,0.0,0.0,0.0,False,0.16177148332273875,0.0,True,0.06161035226455795,True,True,True
2638_Start_135_,t22,1,lin_vel,199.368,1.0,1.0,1.0,1.0,1.0,0.9999986417157498,0.0,0.01,B.6,0.0,0.0,8.025360138031747e-05,93,8.025360138031747e-05,0.0,0.0,0.0,0.0,False,0.445194451634203,0.0,True,6.520605112157031e-05,True,True,True
2638_Start_135_,t22,3,lin_vel,151.446,1.0,1.0,1.0,1.0,1.0,0.9999990052275556,0.0,0.01,B.6,0.0,0.0,0.00025751753100125254,93,0.00025751753100125254,0.0,0.0,0.0,0.0,False,0.5072823867762895,0.0,True,0.00017035775127789604,True,True,True
2638_Start_135_,t22,4,lin_vel,199.839,1.0,1.0,1.0,1.0,1.0,0.9999988945982923,0.0,0.01,B.6,0.0,0.0,0.00010508459309737632,93,0.00010508459309737632,0.0,0.0,0.0,0.0,False,0.3347735493446721,0.0,True,6.7053978452747e-05,True,True,True
2638_Start_135_,t22,5,lin_vel,79.408,1.0,1.0,1.0,1.0,1.0,0.9999946364464743,0.0,0.01,B.6,0.0,0.0,0.0005163207737255291,93,0.0005163207737255291,0.0,0.0,0.0,0.0,False,0.4466280414021774,0.0,True,0.0003954261535362303,True,True,True
2638_Start_135_,t22,7,lin_vel,63.503,1.0,1.0,1.0,1.0,1.0,0.9999971406756776,0.0,0.01,B.6,0.0,0.0,0.001228288427318441,93,0.001228288427318441,0.0,0.0,0.0,0.0,False,0.4614061009722063,0.0,True,0.0008692502716406981,True,True,True
2638_Start_135_,t22,8,lin_vel,81.36,1.0,1.0,1.0,1.0,1.0,0.9999969999730295,0.0,0.01,B.6,0.0,0.0,0.0005285152409046997,93,0.0005285152409046997,0.0,0.0,0.0,0.0,False,0.32760936125456774,0.0,True,0.0003490658800392165,True,True,True
2638_Start_135_,t23,1,lin_disp,139.07,1.0,1.0,1.0,1.0,1.0,0.9999997087126131,0.0,0.0,none,0.0,0.0,2.876249370813747e-05,93,2.876249370813747e-05,0.0,0.0,0.0,0.0,False,0.13666582170880495,0.0,True,1.4381246854170919e-05,True,True,True
2638_Start_135_,t23,2,lin_disp,42.5,1.0,1.0,1.0,1.0,1.0,1.0,0.0,0.0,none,0.0,0.0,0.0027294117647058743,93,0.0027294117647058743,0.0,0.0,0.0,0.0,True,0.0,0.0,True,0.0020658823529412103,True,True,True
2638_Start_135_,t23,3,lin_disp,126.36,1.0,1.0,1.0,1.0,1.0,0.9999988356946704,0.0,0.0,none,0.0,0.0,0.0008072174738841711,93,0.0008072174738841711,0.0,0.0,0.0,0.0,False,0.1937674519189252,0.0,True,0.0006900918012028784,True,True,True
2638_Start_135_,t23,4,lin_disp,184.719,1.0,1.0,1.0,1.0,1.0,0.9999990632826783,0.0,0.0,none,0.0,0.0,0.00048722654410214116,93,0.00048722654410214116,0.0,0.0,0.0,0.0,False,0.1408375284493057,0.0,True,0.00035838219132849973,True,True,True
2638_Start_135_,t23,5,lin_disp,1.709,1.0,1.0,1.0,1.0,1.0,1.0,0.0,0.0,none,0.0,0.0,0.005266237565828039,93,0.005266237565828039,0.0,0.0,0.0,0.0,False,0.39357827332579404,0.0,True,0.0040959625511994705,True,True,True
2638_Start_135_,t23,6,lin_disp,6.879,1.0,1.0,1.0,1.0,1.0,1.0,0.0,0.0,none,0.0,0.0,0.0011629597325192626,93,0.0011629597325192626,0.0,0.0,0.0,0.0,True,1.2911446717547976e-16,0.0,True,0.0008722197993894792,True,True,True
2638_Start_135_,t23,7,lin_disp,2.392,1.0,1.0,1.0,1.0,1.0,1.0,0.0,0.0,none,0.0,0.0,0.0008361204013377006,93,0.0008361204013377006,0.0,0.0,0.0,0.0,False,0.3564356343843663,0.0,True,0.0004180602006688503,True,True,True
2638_Start_135_,t23,8,lin_disp,7.311,1.0,1.0,1.0,1.0,1.0,1.0,0.0,0.0,none,0.0,0.0,0.00041034058268364296,93,0.00041034058268364296,0.0,0.0,0.0,0.0,False,0.022282104169578102,0.0,True,0.00041034058268364296,True,True,True
2638_Start_135_,t23,9,lin_disp,1.709,1.0,1.0,1.0,1.0,1.0,1.0,0.0,0.0,none,0.0,0.0,0.005266237565827909,93,0.005266237565827909,0.0,0.0,0.0,0.0,False,0.39357827332579404,0.0,True,0.003510825043885316,True,True,True
2638_Start_135_,t23,10,lin_disp,6.879,1.0,1.0,1.0,1.0,1.0,1.0,0.0,0.0,none,0.0,0.0,0.0008722197993894792,93,0.0008722197993894792,0.0,0.0,0.0,0.0,True,1.2911446717547976e-16,0.0,True,0.0007268498328246521,True,True,True
2638_Start_135_,t23,11,lin_disp,2.392,1.0,1.0,1.0,1.0,1.0,1.0,0.0,0.0,none,0.0,0.0,0.0008361204013377006,93,0.0008361204013377006,0.0,0.0,0.0,0.0,False,0.3564356343843663,0.0,True,0.0004180602006688503,True,True,True
2638_Start_135_,t23,12,lin_disp,7.311,1.0,1.0,1.0,1.0,1.0,1.0,0.0,0.0,none,0.0,0.0,0.00041034058268364296,93,0.00041034058268364296,0.0,0.0,0.0,0.0,False,0.022282104169578102,0.0,True,0.00027356038845584296,True,True,True
2638_Start_135_,t24,2,lin_disp,6.879,1.0,1.0,1.0,1.0,1.0,1.0,0.0,0.0,none,0.0,0.0,0.0,93,0.0,0.0,0.0,0.0,0.0,True,1.2911446717547976e-16,0.0,True,0.0,True,True,True
2638_Start_135_,t24,3,lin_disp,36.57,0.9840319361277445,1.0,0.9201596806387226,1.0,1.0,0.9840319361277445,0.0,0.0,none,0.0,0.0,0.0001093792726279707,93,0.0001093792726279707,0.0,0.0,0.0,0.0,True,0.0,0.0,True,8.203445447088087e-05,True,True,True
2638_Start_135_,t24,4,lin_disp,37.211,1.0,1.0,1.0,1.0,1.0,1.0,0.0,0.0,none,0.0,0.0,8.062132165220267e-05,93,8.062132165220267e-05,0.0,0.0,0.0,0.0,True,1.9094964815782972e-16,0.0,True,8.062132165220267e-05,True,True,True
2638_Start_135_,t25,2,ang_acc,8.025,1.0,1.0,1.0,1.0,1.0,0.9999924038172776,0.0,0.1,B.6,0.0,0.0,0.08436137071651086,93,0.08436137071651086,0.0,0.0,0.0,0.0,False,0.14499943500128423,0.0,True,0.05233644859813083,True,True,True
2638_Start_135_,t25,4,ang_acc,8.025,1.0,1.0,1.0,1.0,1.0,0.9999919334589911,0.0,0.1,B.6,0.0,0.0,0.08436137071651086,93,0.08436137071651086,0.0,0.0,0.0,0.0,False,0.09612971014423911,0.0,True,0.05211214953271035,True,True,True
2638_Start_135_,t27,2,ang_disp,135.018,1.0,1.0,1.0,1.0,1.0,0.9999994791387399,0.0,0.0,none,0.0,0.0,0.00013331555792561498,93,0.00013331555792561498,0.0,0.0,0.0,0.0,False,0.4314825154878352,0.0,True,7.406419884770421e-05,True,True,True
2638_Start_135_,t27,4,ang_disp,135.018,1.0,1.0,1.0,1.0,1.0,0.9999994720529463,0.0,0.0,none,0.0,0.0,0.00013331555792561498,93,0.00013331555792561498,0.0,0.0,0.0,0.0,False,0.33443716247164007,0.0,True,7.406419884770421e-05,True,True,True
2638_Start_135_,t27,6,ang_disp,30.643,1.0,1.0,1.0,1.0,1.0,0.9999930977010973,0.0,0.0,none,0.0,0.0,0.0002610710439578083,93,0.0002610710439578083,0.0,0.0,0.0,0.0,False,0.28791485181731297,0.0,True,0.00022843716346303877,True,True,True
2638_Start_135_,t27,8,ang_disp,30.643,1.0,1.0,1.0,1.0,1.0,0.9999930977010973,0.0,0.0,none,0.0,0.0,0.0002610710439578083,93,0.0002610710439578083,0.0,0.0,0.0,0.0,False,0.28791485181731297,0.0,True,0.00022843716346303877,True,True,True
2638_Start_135_,t28,5,joint,1.03,1.0,1.0,1.0,1.0,1.0,0.9999921325071576,0.0,0.0,none,0.0,0.0,0.1388349514563108,93,0.1388349514563108,0.0,0.0,0.0,0.0,False,0.3749840878178723,0.0,True,0.08582524271844663,True,True,True
2638_Start_135_,t30,1,contact,108.694,1.0,1.0,1.0,1.0,1.0,0.9999991945329963,0.0,0.0,none,0.0,0.0,6.440097889479448e-05,93,6.440097889479448e-05,0.0,0.0,0.0,0.0,False,0.05812339407227053,0.0,True,4.600069921071691e-05,True,True,True
2638_Start_135_,t30,8,contact,106.194,1.0,1.0,1.0,1.0,1.0,0.9999991945329963,0.0,0.0,none,0.0,0.0,0.015499934082904879,93,0.015499934082904879,0.0,0.0,0.0,0.0,False,0.059491724535203246,0.0,True,0.011693692675669172,True,True,True
2638_Start_135_,t31,1,contact,108.094,1.0,1.0,1.0,1.0,1.0,0.9999991945329963,0.0,0.0,none,0.0,0.0,0.003173164097914679,93,0.003173164097914679,0.0,0.0,0.0,0.0,False,0.058446021012187294,0.0,True,0.002464521620071329,True,True,True
2638_Start_135_,t31,8,contact,101.575,1.0,1.0,1.0,1.0,1.0,1.0,0.0,0.0,none,0.0,0.0,0.001260152596603496,93,0.001260152596603496,0.0,0.0,0.0,0.0,False,0.09334139047166634,0.0,True,0.000986463204528543,True,True,True
2638_Start_135_,t32,1,spring,2.474,1.0,1.0,1.0,1.0,1.0,0.999983705944212,0.0,0.0,none,0.0,0.0,0.0012126111560226813,93,0.0012126111560226813,0.0,0.0,0.0,0.0,False,0.351855606441888,0.0,True,0.0008084074373483345,True,True,True
2638_Start_135_,t32,2,spring,267.18,1.0,1.0,1.0,1.0,1.0,0.9999956556548135,0.0,0.0,none,0.0,0.0,0.002994236095515961,93,0.002994236095515961,0.0,0.0,0.0,0.0,False,0.3513139614205579,0.0,True,0.0018264840182648384,True,True,True
2638_Start_135_,t32,3,spring,247.44,1.0,1.0,1.0,1.0,1.0,0.9999889864868174,0.0,0.0,none,0.0,0.0,0.0015761396702231442,93,0.0015761396702231442,0.0,0.0,0.0,0.0,False,0.3517970209320097,0.0,True,0.000808276753960625,True,True,True
2638_Start_135_,t32,4,spring,65.15,1.0,1.0,1.0,1.0,1.0,0.9999951876336306,0.0,0.0,none,0.0,0.0,0.0032233307751344275,93,0.0032233307751344275,0.0,0.0,0.0,0.0,False,0.4335653091753594,0.0,True,0.0017498081350727566,True,True,True
2638_Start_135_,t32,5,spring,2.474,1.0,1.0,1.0,1.0,1.0,0.999983705944212,0.0,0.0,none,0.0,0.0,0.0012126111560226813,93,0.0012126111560226813,0.0,0.0,0.0,0.0,False,0.351855606441888,0.0,True,0.000808407437348514,True,True,True
2638_Start_135_,t32,6,spring,267.18,1.0,1.0,1.0,1.0,1.0,0.9999956556548135,0.0,0.0,none,0.0,0.0,0.0029568081443220435,93,0.0029568081443220435,0.0,0.0,0.0,0.0,False,0.3513139614205579,0.0,True,0.0017516281158770032,True,True,True
2638_Start_135_,t32,7,spring,247.44,1.0,1.0,1.0,1.0,1.0,0.9999889864868174,0.0,0.0,none,0.0,0.0,0.0014953119948270472,93,0.0014953119948270472,0.0,0.0,0.0,0.0,False,0.3517970209320097,0.0,True,0.0007840284513416925,True,True,True
2638_Start_135_,t32,8,spring,65.15,1.0,1.0,1.0,1.0,1.0,0.9999951876336306,0.0,0.0,none,0.0,0.0,0.0030698388334612866,93,0.0030698388334612866,0.0,0.0,0.0,0.0,False,0.4335653091753594,0.0,True,0.001596316193399834,True,True,True
2638_135_Restart_2a,t21,1,lin_acc,19.346,0.7612258795757014,0.971980058987592,1.0,0.17275602471967422,0.689413255183649,0.9904645822684659,0.0012405665253799705,0.1,B.6,0.0,0.0023777525069781542,0.236121161997312,93,0.236121161997312,0.0023777525069781542,5.169027189089332e-05,0.0017574692442883528,0.0,False,0.1154548296282133,0.35190737103277164,True,0.18612633102450116,False,True,False
2638_135_Restart_2a,t21,3,lin_acc,22.535,0.827312432658865,0.9548933076489182,1.0,0.6552612634187933,0.5715142845776949,0.9933261048931469,0.0002662524961171612,0.1,B.6,0.0,0.00031062791213658296,0.09034834701575317,93,0.09034834701575317,0.00022187708009758177,8.875083203900118e-05,0.0004437541601953212,0.0,False,0.10204774183257238,0.19933436875970711,True,0.06801863767472811,True,True,True
2638_135_Restart_2a,t21,4,lin_acc,27.955,0.8555317129099329,0.9782534890594797,1.0,0.6594673578003178,0.6616842286303871,0.9936909722919031,7.154355213745106e-05,0.1,B.6,0.0,0.001430871042747242,0.050187801824360535,93,0.050187801824360535,0.0012877839384724669,0.00014308710427477503,0.0003934895367554725,0.0,False,0.10353358453209231,0.23884814881058844,True,0.03960651046324446,True,True,True
2638_135_Restart_2a,t21,5,lin_acc,16.502,0.6587488222936451,0.9269458953718813,1.0,0.0,0.43985232072446234,0.9823247369007304,0.007999030420555173,0.1,B.6,0.0,0.009089807296085238,0.2471821597382135,93,0.2471821597382135,0.008968609865470835,0.0001211974306144038,0.008665616288934716,0.0,False,0.12717783975189317,0.7594231002302751,True,0.10259362501514967,False,True,False
2638_135_Restart_2a,t21,7,lin_acc,22.643,0.8018781565888374,0.9377228937181263,1.0,0.48647075810736573,0.6474742374005689,0.9868082156018615,0.00591794373537077,0.1,B.6,0.0,0.007066201475069564,0.12237777679636094,93,0.12237777679636094,0.006933710197412004,0.00013249127765755923,0.006271253809124209,0.0,False,0.1169600500618558,0.2144150510091419,True,0.07431877401404409,True,True,True
2638_135_Restart_2a,t21,8,lin_acc,25.889,0.8040577906595867,0.9468987571808266,1.0,0.5299230004835718,0.5965684384527081,0.9870135873394608,0.008034300281973114,0.1,B.6,0.0,0.007841168063656494,0.09088802193981993,93,0.09088802193981993,0.007725288732666494,0.00011587933099000014,0.008227432500289737,0.0,False,0.11234643573913236,0.4748348719533393,True,0.05233883116381476,True,True,True
2638_135_Restart_2a,t22,1,lin_vel,197.684,0.5656139371551904,0.6386360918061552,0.995004995004995,0.0,0.5557925071586463,0.9975323002114693,0.0017097994779546846,0.01,B.6,0.0,0.0009054855223488094,0.030088423949333316,93,0.030088423949333316,0.0008650168956516069,4.0468626697202494e-05,0.0017300337913033577,0.0,False,0.42724422913021176,0.6809200542279598,True,0.019517006940369532,False,True,False
2638_135_Restart_2a,t22,3,lin_vel,204.395,0.7797374242575668,0.8157303006443132,0.995004995004995,0.7236824267521244,0.5485390982420876,0.9977575797548004,0.00015655960273006035,0.01,B.6,0.0,2.9354925511877623e-05,0.013292888769294811,93,0.013292888769294811,2.9354925511877623e-05,0.0,0.00016634457790059353,0.0,False,0.28496016596373097,0.4392132879962817,True,0.00926832848161643,False,True,False
2638_135_Restart_2a,t22,4,lin_vel,284.352,0.5991673851465548,0.6612285997836204,1.0,0.09818068400670432,0.5751990421588289,0.9976365007648625,0.0010620639207741254,0.01,B.6,0.0,0.0005697164078324673,0.01491461287418406,93,0.01491461287418406,0.0005450990321853644,2.4617375647102896e-05,0.001076130992572527,0.0,False,0.32616541798377513,0.5277578494260635,True,0.009731600270087789,False,True,False
2638_135_Restart_2a,t22,5,lin_vel,268.247,0.6174535658195424,0.7283396002586987,0.995004995004995,0.0,0.6355836335753191,0.9974472516925439,3.355116739407228e-05,0.01,B.6,0.0,7.08302422765161e-05,0.013204248323373507,93,0.013204248323373507,7.08302422765161e-05,0.0,4.100698237060343e-05,0.0,False,0.297886783988104,0.5029282713320186,True,0.007418535901612887,False,True,False
2638_135_Restart_2a,t22,7,lin_vel,271.618,0.8069955855886971,0.8409964852081455,0.995004995004995,0.7125070364923621,0.6454729260298367,0.9970740770524427,1.4726564513467809e-05,0.01,B.6,0.0,3.3134770155197935e-05,0.012826837691169143,93,0.012826837691169143,3.3134770155197935e-05,0.0,2.9453129026935618e-05,0.0,False,0.34420649185512475,0.3156491837801619,True,0.008313145667813025,True,True,True
2638_135_Restart_2a,t22,8,lin_vel,379.609,0.7116696919034541,0.7799557236822579,1.0,0.31147405704893005,0.6869629551038245,0.9973538391011134,1.0537157970488316e-05,0.01,B.6,0.0,2.370860543352384e-05,0.01001293436140868,93,0.01001293436140868,2.370860543352384e-05,0.0,1.3171447463035525e-05,0.0,False,0.30130431156605214,0.3821484738243825,True,0.006592572884204615,False,True,False
2638_135_Restart_2a,t23,1,lin_disp,103.28,0.4693969355521733,0.7273114643595757,0.5404595404595405,0.0,0.35190220858217447,0.9997821405606147,0.0,0.0,none,0.0,0.0,9.682416731207306e-05,93,9.682416731207306e-05,0.0,0.0,0.0,0.0,False,0.24552777758661218,0.6804802478698683,True,8.71417505809483e-05,False,True,False
2638_135_Restart_2a,t23,2,lin_disp,42.514,0.6001576551686982,1.0,0.000999000999001084,0.99978927484449,0.0,0.8010552045500379,7.056499035612065e-05,0.0,none,0.0,0.00025873829797249813,0.20158065578397705,93,0.20158065578397705,0.00025873829797249813,0.0,0.0005880415863009497,0.0,True,0.00012837412228689302,0.0005645199228489652,True,0.10346709319283046,True,True,True
2638_135_Restart_2a,t23,3,lin_disp,63.95,0.8522772944556949,0.8833710892364189,0.995004995004995,0.7188979113153394,0.7807413874853018,0.9995950271223768,0.0,0.0,none,0.0,0.0,0.00165754495699768,93,0.00165754495699768,0.0,0.0,0.0,0.0,False,0.2929880934606125,0.14401876465989055,True,0.001429241594996093,True,True,True
2638_135_Restart_2a,t23,4,lin_disp,128.696,0.7231899989008574,0.8554383038638813,0.6453546453546454,0.7885964093692348,0.4711223320526442,0.9998911453970746,0.0,0.0,none,0.0,0.0,0.0006216199415678226,93,0.0006216199415678226,0.0,0.0,0.0,0.0,False,0.17391760806380596,0.35615714552122835,True,0.00047243115559147454,False,True,False
2638_135_Restart_2a,t23,5,lin_disp,120.47,0.9558504879562442,0.9191855265869739,0.995004995004995,0.9794891494009458,0.9663872422013319,0.9998582204460726,0.04002656262970036,0.0,none,0.0,0.04001826180791897,0.07834315597244129,93,0.07834315597244129,0.04001826180791897,0.0,0.03976923715447827,0.0,False,0.6157239831925189,0.13106997592761682,True,0.06047148667718113,True,True,True
2638_135_Restart_2a,t23,6,lin_disp,12.739,0.381149280176699,0.6306125854363744,0.29570429570429574,0.2992611320529154,0.04955580225353495,0.9973880088276088,1.060758301279535,0.0,none,0.0,1.0666457335740638,1.7936258733024573,93,1.7936258733024573,1.0663317371850223,0.00031399638904149144,1.0802260774001098,0.0,False,0.2466971915156297,1.0627207787110449,True,1.5264463458670223,False,True,False
2638_135_Restart_2a,t23,7,lin_disp,120.53,0.9789782188061436,0.9886093745886831,0.99000999000999,0.976986241103314,0.9506761137400472,0.9998675000175843,0.0005724715838380703,0.0,none,0.0,0.000738405376254863,0.08350618103376763,93,0.08350618103376763,0.0007301086866341,8.296689620762996e-06,0.0004646146187670902,0.0,False,0.6263940615104266,0.13152742055919694,True,0.037346718659254874,True,True,True
2638_135_Restart_2a,t23,8,lin_disp,122.89,0.9682554132629327,0.9943912123540963,0.995004995004995,0.9664527341928487,0.8910369124086276,0.9995295140340732,0.030808039710310046,0.0,none,0.0,0.030897550655057344,0.07898934006021652,93,0.07898934006021652,0.030881275937830594,1.6274717226750254e-05,0.03079990235169661,0.0,False,0.30019035920572834,0.06684026365041917,True,0.041624216779233475,True,True,True
2638_135_Restart_2a,t23,9,lin_disp,120.49,0.9555637200321038,0.9183933284639719,0.995004995004995,0.9793734650381434,0.9666534831894362,0.9997934496944911,0.03985392978670435,0.0,none,0.0,0.04001161922151214,0.07321769441447426,93,0.07321769441447426,0.04001161922151214,0.0,0.039862229230641526,0.0,False,0.6156973304401167,0.13071624201178522,True,0.06139596647024647,True,True,True
2638_135_Restart_2a,t23,10,lin_disp,13.134,0.38802505493525385,0.6360873806610363,0.30069930069930073,0.30571510961546977,0.06153610303942603,0.9949983208569226,1.0031978072179075,0.0,none,0.0,1.0121059844677935,1.962235419521852,93,1.962235419521852,1.0118775696665143,0.00022841480127913153,1.0051774021623265,0.0,False,0.24439653996726185,1.0099741129891884,True,1.3911831886706258,False,True,False
2638_135_Restart_2a,t23,11,lin_disp,120.743,0.9789361093595448,0.9884679911739096,0.99000999000999,0.9769059440516414,0.9508286303882728,0.9998128363629378,0.0011926157209941053,0.0,none,0.0,0.0009193079515995958,0.06869963476143547,93,0.06869963476143547,0.0009193079515995958,8.282053617936974e-06,0.0013582567933544925,0.0,False,0.6254980966483354,0.12948162626404844,True,0.04416819194487476,True,True,True
2638_135_Restart_2a,t23,12,lin_disp,122.894,0.9682521183034853,0.9938351011978709,0.995004995004995,0.9660881984508892,0.8924971956658001,0.9994911423090375,0.030790762771168583,0.0,none,0.0,0.0309128191775025,0.05180887594186852,93,0.05180887594186852,0.03089654498999135,1.6274187511150575e-05,0.030815174052435366,0.0,False,0.30030521568389074,0.06346119419987963,True,0.0392468306019822,True,True,True
2638_135_Restart_2a,t24,1,lin_disp,29.835,0.5031376185931573,0.4015181551827882,0.995004995004995,0.0,0.7176467875952152,0.9981652133647259,0.00033517680576509345,0.0,none,0.0,0.00016758840288248717,0.03727166080107263,93,0.03727166080107263,0.00016758840288248717,0.0,0.00040221216691794544,0.0,False,0.20340004192983585,1.1595441595441596,True,0.025828724652254,False,True,False
2638_135_Restart_2a,t24,2,lin_disp,12.702,0.3805013793595335,0.6321130004777861,0.29570429570429574,0.291615780126101,0.05096082001169844,0.9947645787463277,1.0741615493623051,0.0,none,0.0,1.076995748700992,1.8289245788064874,93,1.8289245788064874,1.07668083766336,0.0003149110376318343,1.0854983467170523,0.0,False,0.24625236168616058,1.0760510155880965,True,1.4012911352542905,False,True,False
2638_135_Restart_2a,t24,3,lin_disp,36.673,0.29715781773759137,0.47622139243720635,0.000999000999001084,0.3139582653999906,0.2183890374145524,0.9974899408078313,0.0,0.0,none,0.0,0.0,0.0006544324162190415,93,0.0006544324162190415,0.0,0.0,0.0,0.0,False,0.1528336511937514,0.8018705859896927,True,0.0003926594497314636,False,True,False
2638_135_Restart_2a,t24,4,lin_disp,37.723,0.3904126007365897,0.6612833315785578,0.000999000999001084,0.6284973395268316,0.0,0.9985183609520493,0.0,0.0,none,0.0,0.0,0.0014579964477904651,93,0.0014579964477904651,0.0,0.0,0.0,0.0,False,0.07422507638309186,0.6205232881796251,True,0.001081568273997224,False,True,False
2638_135_Restart_2a,t25,1,ang_acc,23.046,0.4763849816090793,0.9977682147324628,0.05094905094905103,0.0,0.3354394276314199,0.5242401323384875,0.9864184674130001,0.1,B.6,0.0,0.01327779224160375,4.620932048945587,93,4.620932048945587,0.01327779224160375,0.0,0.42133125054239345,0.0,False,0.03293135222254258,0.9996094766987763,True,2.8019526165061186,False,True,False
2638_135_Restart_2a,t25,2,ang_acc,544.232,0.728986855855217,0.9756789534160566,1.0,0.026393497247338638,0.6671828751966333,0.9778531916365945,0.005403945376236662,0.1,B.6,0.0,0.02144673595084454,0.4762656367137545,93,0.4762656367137545,0.020355289655882004,0.0010914462949625362,0.005797160034691038,0.0,False,0.09214874191382716,0.23863168648664543,True,0.22040967822546248,False,True,False
2638_135_Restart_2a,t25,3,ang_acc,1.261,0.4546330185454504,0.9362828460639256,0.40059940059940063,0.0,0.0,0.5239680269284124,0.37985725614591587,0.1,B.6,0.0,0.6145915939730373,72.49405233941316,93,72.49405233941316,0.6145915939730373,0.0,2.981760507533704,0.0,False,0.04324095689361971,1.0174464710547184,False,53.32704203013481,False,True,False
2638_135_Restart_2a,t25,4,ang_acc,544.232,0.8004028676694093,0.9802539279555124,1.0,0.4146844396325018,0.6268220428035198,0.9746574177804423,0.005403945376236662,0.1,B.6,0.0,0.02144673595084454,0.4762527745520293,93,0.4762527745520293,0.020355289655882004,0.0010914462949625362,0.005797160034691038,0.0,False,0.08813312205277776,0.23157219715121494,True,0.22041372061914757,True,True,True
2638_135_Restart_2a,t26,2,ang_vel,3.381,0.7312910417441056,0.8240454591841238,1.0,0.4253355385209646,0.583028751831316,0.9944169080125032,0.0008873114463175598,0.01,B.6,0.0,0.004732327713694178,0.1898846495119788,93,0.1898846495119788,0.004732327713694178,0.0,0.0011830819284235445,0.0,False,0.2254313109883829,0.9514936409346347,True,0.11493640934634719,False,True,False
2638_135_Restart_2a,t26,4,ang_vel,3.381,0.7500232362848699,0.858286703916324,1.0,0.4753183433886716,0.5582244302030297,0.993436032076228,0.0008873114463175598,0.01,B.6,0.0,0.004732327713694178,0.26027802425317964,93,0.26027802425317964,0.004732327713694178,0.0,0.0011830819284235445,0.0,False,0.16619331084754974,0.9514936409346347,True,0.13291925465838506,False,True,False
2638_135_Restart_2a,t26,6,ang_vel,4.326,0.644511279052296,0.7882344921151017,1.0,0.0,0.6460874110312764,0.994438106442855,0.004854368932039019,0.01,B.6,0.0,0.010633379565418462,0.2237632917244569,93,0.2237632917244569,0.010402219140083407,0.00023116042533505453,0.006010171058714702,0.0,False,0.15891236242899237,0.4237170596393898,True,0.15020804438280147,False,True,False
2638_135_Restart_2a,t26,8,ang_vel,4.326,0.6561986902227726,0.826074015327966,1.0,0.022554269226156443,0.6062911512317744,0.9935841049790767,0.004854368932039019,0.01,B.6,0.0,0.010633379565418462,0.2230698104484513,93,0.2230698104484513,0.010402219140083407,0.00023116042533505453,0.006010171058714702,0.0,False,0.13932610743649798,0.4237170596393898,True,0.14979195561719827,False,True,False
2638_135_Restart_2a,t27,2,ang_disp,176.712,0.3575016817503977,0.6729441973697681,0.000999000999001084,0.44062101301345125,0.0,0.9988125804393897,0.016558015301733987,0.0,none,0.0,0.016665534881615245,0.0303205215265517,93,0.0303205215265517,0.016665534881615245,5.6589252567813916e-06,0.016688170582642853,0.0,False,0.202690056779504,1.8568914391778715,True,0.024083254108379862,False,True,False
2638_135_Restart_2a,t27,4,ang_disp,176.712,0.8992978925902704,0.925296459065481,1.0,0.9383798634815844,0.7075166813388054,0.9988065375175784,0.016558015301733987,0.0,none,0.0,0.016665534881615245,0.030326180451808644,93,0.030326180451808644,0.016665534881615245,5.6589252567813916e-06,0.016688170582642853,0.0,False,0.202508018284165,0.23251957988138894,True,0.024148897641360006,True,True,True
2638_135_Restart_2a,t27,6,ang_disp,63.493,0.4869471432785884,0.6346889562428353,0.99000999000999,0.0,0.17534781389728138,0.9971782009845644,0.361142173152946,0.0,none,0.0,0.3610476745468004,0.7448380136392989,93,0.7448380136392989,0.3610319247791095,1.5749767690889853e-05,0.3676468272092987,0.0,False,0.21012259681826886,1.407241743184288,True,0.3070732206699949,False,True,False
2638_135_Restart_2a,t27,8,ang_disp,63.493,0.5036017058177943,0.6635670079982835,0.99000999000999,0.0,0.20086452308241443,0.996127881529524,0.361142173152946,0.0,none,0.0,0.3610476745468004,0.7448380136392989,93,0.7448380136392989,0.3610319247791095,1.5749767690889853e-05,0.3676468272092987,0.0,False,0.19206638264052492,1.3150426031216038,True,0.3070732206699949,False,True,False
2638_135_Restart_2a,t28,1,joint,2.044,0.6503385314146231,0.8598461824450288,1.0,0.0,0.532000292183058,0.9676311548933934,0.0004892367906065997,0.0,none,0.0,0.003424657534246633,0.1819960861056752,93,0.1819960861056752,0.0029354207436398157,0.000489236790606817,0.0004892367906065997,0.0,False,0.13379280084190123,0.686399217221135,True,0.10802348336594916,False,True,False
2638_135_Restart_2a,t28,3,joint,2.303,0.7155936833504587,0.8297543882068765,1.0,0.42676723148428475,0.49169240885425547,0.9823016144053293,0.051237516283108936,0.0,none,0.0,0.07859313938341296,0.3452019105514547,93,0.3452019105514547,0.07859313938341296,0.003907946157186234,0.05992184107685623,0.0,False,0.16774867417858025,0.7221016066000869,True,0.23117672600955255,False,True,False
2638_135_Restart_2a,t28,5,joint,18.7,0.7335485382422059,0.9610640147328717,1.0,0.0,0.7456146617452859,0.9930584825677735,0.0,0.0,none,0.0,0.005347593582887587,0.1657754010695186,93,0.1657754010695186,0.005347593582887587,0.0,0.0,0.0,False,0.10148720232882454,0.18279679144385028,True,0.11229946524064179,False,True,False
2638_135_Restart_2a,t29,1,joint,1.711,0.7661505598805078,0.9204647773042899,1.0,0.35763993442403563,0.6321833103699237,0.9800279954960819,0.002337814143775572,0.0,none,0.0,0.05084745762711862,0.4845119812974868,93,0.4845119812974868,0.05084745762711862,0.026884862653419075,0.002337814143775572,0.0,False,0.1247727349438611,0.6312098188194039,True,0.299707773232028,False,True,False
2638_135_Restart_2a,t29,3,joint,1.288,0.6189708074345267,0.7411478537946138,0.995004995004995,0.19897819940394956,0.4185751351744613,0.9708923522047707,0.30357142857142855,0.0,none,0.0,0.3051242236024845,1.263198757763975,93,1.263198757763975,0.3043478260869566,0.0007763975155278648,0.30357142857142855,0.0,False,0.23073184856026077,1.1809006211180124,True,0.8015527950310555,False,True,False
2638_135_Restart_2a,t29,5,joint,10.3,0.7066776477563604,0.940258789537127,1.0,0.0,0.6528706597075478,0.9909675562519391,0.0,0.0,none,0.0,0.0,0.21941747572815548,93,0.21941747572815548,0.0,0.0,0.0,0.0,False,0.0924645223251965,0.3459223300970874,True,0.1256310679611649,False,True,False
2638_135_Restart_2a,t30,1,contact,98.243,0.7149424612976625,0.8296083651219088,0.8551448551448552,0.5139383918736354,0.5464123292260037,0.9996305975988728,0.0,0.0,none,0.0,0.0,0.00010178842258486728,93,0.00010178842258486728,0.0,0.0,0.0,0.0,False,0.2812744984181673,0.39932616064248855,True,9.160958032633715e-05,False,True,False
2638_135_Restart_2a,t30,8,contact,95.743,0.7020325579982725,0.8258386056986279,0.8551448551448552,0.4585937543619657,0.5447469690872855,0.9996152160574518,0.0,0.0,none,0.0,0.0,0.013828687214731083,93,0.013828687214731083,0.0,0.0,0.0,0.0,False,0.28861901703619075,0.40975319344495165,True,0.011301087285754654,False,True,False
2638_135_Restart_2a,t31,1,contact,97.643,0.7117791518972443,0.8282436050082689,0.8551448551448552,0.5008501918968948,0.5464135024279331,0.9996272283439076,0.0,0.0,none,0.0,0.0,0.0032362790983480895,93,0.0032362790983480895,0.0,0.0,0.0,0.0,False,0.2830028834437288,0.4017799535040914,True,0.0027692717347890714,False,True,False
2638_135_Restart_2a,t31,8,contact,78.847,0.8768922297659686,0.9022722248831979,0.975024975024975,0.8129485512275292,0.7919431728109425,0.9996011016119353,0.0,0.0,none,0.0,0.0,0.0018390046545841445,93,0.0018390046545841445,0.0,0.0,0.0,0.0,False,0.4077304009462556,0.16897282077948433,True,0.0013266199094449367,True,True,True
2638_135_Restart_2a,t31,9,contact,177.8,0.6039274754025721,0.7803216651178428,0.5754245754245755,0.5399326282241681,0.3436368431284309,0.993213046718729,0.005118110236220453,0.0,none,0.0,0.005680539932508544,0.09690663667041613,93,0.09690663667041613,0.00562429696287964,5.6242969628905096e-05,0.005905511811023526,0.0,False,0.26074453436671496,1.0,True,0.07677165354330712,False,True,False
2638_135_Restart_2a,t31,10,contact,43.27,0.7865554824177586,0.8815649215051999,1.0,0.6406156882177917,0.5290318808606014,0.9707873878777806,0.03351051536861573,0.0,none,0.0,0.03605269239657967,0.09336722902703949,93,0.09336722902703949,0.03605269239657967,0.0,0.0385948694245436,0.0,False,0.2020340253198547,1.0,True,0.07229027039519281,False,True,False
2638_135_Restart_2a,t31,11,contact,178.51,0.6053893606005246,0.7800621859891842,0.5754245754245755,0.548272958732596,0.3431248968670828,0.9931402581567377,0.009187160383171895,0.0,none,0.0,0.0072825051817825975,0.08290852053106275,93,0.08290852053106275,0.007226485911153393,5.601927062920468e-05,0.009747353089462826,0.0,False,0.2637904391828508,1.0,True,0.07186152036300489,False,True,False
2638_135_Restart_2a,t31,12,contact,3.244,0.6260736752908003,0.6035721723143391,1.0,0.45355625203653505,0.4696677797887877,0.9974831638130297,0.28144266337854495,0.0,none,0.0,0.28144266337854495,0.2746609124537609,93,0.28144266337854495,0.28144266337854495,0.0,0.28144266337854495,0.0,False,0.4369319087240854,0.6763255240443896,True,0.19118372379778054,False,True,False
2638_135_Restart_2a,t31,14,contact,6.006,0.698155763118873,0.7871988712876468,1.0,0.5693075224574713,0.3470735505615994,0.9989813213388203,0.0,0.0,none,0.0,0.0,0.0003330003330004442,93,0.0003330003330004442,0.0,0.0,0.0,0.0,False,0.4076720708564751,1.485014985014985,True,0.0001665001665002221,False,True,False
2638_135_Restart_2a,t32,1,spring,122.741,0.9662015577675859,0.9900008219738411,0.995004995004995,0.9633286250384778,0.8926725248467741,0.9995495486046453,0.031073561401650688,0.0,none,0.0,0.031155033770296905,0.07001735361452159,93,0.07001735361452159,0.03114688653343225,8.147236864656266e-06,0.031073561401650688,0.0,False,0.30711742111897045,0.07359399059808867,True,0.041286937535134946,True,True,True
2638_135_Restart_2a,t32,5,spring,122.744,0.9662356126425811,0.9894692717004335,0.995004995004995,0.963092259517627,0.894142265289416,0.9995092020356577,0.03105650785374436,0.0,none,0.0,0.031162419344326425,0.047986052271394124,93,0.047986052271394124,0.03115427230658931,8.1470377371177e-06,0.031080948966955596,0.0,False,0.3072215463830139,0.07002378935019227,True,0.03951150361728477,True,True,True
2657,t21,1,lin_acc,3.714,0.965777197707468,0.9979906271679317,1.0,0.884554841241234,0.9483498929602424,0.9710872199309204,0.011847065158858385,0.1,B.6,0.0,0.004038772213247207,0.8613354873451804,93,0.8613354873451804,0.004038772213247207,0.0,0.0,0.0,False,0.18388992542443378,0.09746903607969844,True,0.6480883144857292,True,True,True
2657,t21,2,lin_acc,5.835,0.953705669954441,0.997524118211118,1.0,0.8351436745863914,0.9383364387635769,0.9576356387247615,0.023479005998286128,0.1,B.6,0.0,0.009768637532133742,0.7631533847472152,93,0.7631533847472152,0.009083119108826192,0.0006855184233075509,0.003598971722365175,0.0,False,0.14805242487213466,0.13453299057412166,True,0.5021765209940018,True,True,True
2657,t21,3,lin_acc,14.416,0.9702508029954504,0.9998954400290222,1.0,0.9015850790387904,0.9498780558804178,0.9760648795091568,0.0017341842397336539,0.1,B.6,0.0,0.0004855715871253935,0.10814372918978907,93,0.10814372918978907,0.0004855715871253935,0.0,6.936736958930672e-05,0.0,False,0.138957300225566,0.06194506104328524,True,0.07085183129855714,True,True,True
2657,t21,4,lin_acc,15.907,0.974997669543141,0.9998803703309067,1.0,0.9306538485837067,0.9445737584701854,0.9787271023837042,0.00572075187024576,0.1,B.6,0.0,0.0009429810775130803,0.0626768089520338,93,0.0626768089520338,0.0008801156723455788,6.286540516750147e-05,0.0,0.0,False,0.11500540916872175,0.056264537624944995,True,0.044508706858615826,True,True,True
2657,t21,5,lin_acc,7.896,0.9598487723932211,0.9910226950288387,1.0,0.8679698610027983,0.9492286109056296,0.9592004824240783,0.01253799392097267,0.1,B.6,0.0,0.02342958459979743,1.360309017223911,93,1.360309017223911,0.02342958459979743,0.0005065856129686484,0.002152988855116559,0.0,False,0.15906058329670247,0.2733029381965552,True,0.9940222897669706,True,True,True
2657,t21,6,lin_acc,7.986,0.9631829900665647,0.99019875301381,1.0,0.899362851096798,0.9361545932084052,0.9654758310782443,0.007513148009015729,0.1,B.6,0.0,0.0025043826696718725,1.8662659654395193,93,1.8662659654395193,0.0025043826696718725,0.0001252191334835269,0.0015026296018032124,0.0,False,0.18940308321994828,0.27660906586526424,True,1.3651890808915594,True,True,True
2657,t21,7,lin_acc,14.074,0.9826951455408061,0.9998772354916292,1.0,0.9437474014565256,0.9699738552642461,0.9850647114921831,0.00241580218843262,0.1,B.6,0.0,0.0,0.8156885036237032,93,0.8156885036237032,0.0,0.0,0.0003552650277107277,0.0,False,0.12159630931935592,0.05691345743924968,True,0.7008100042631804,True,True,True
2657,t21,8,lin_acc,16.29,0.9769745904695587,0.9964156742054375,1.0,0.9409255768971475,0.9511160270397712,0.9789099402667915,0.0021485573971761905,0.1,B.6,0.0,0.0,0.7681399631675875,93,0.7681399631675875,0.0,0.0,0.0002455494168202171,0.0,False,0.1112110738168099,0.1798035604665439,True,0.6214364640883977,True,True,True
2657,t22,1,lin_vel,44.489,0.9959504436047713,1.0,1.0,0.9944670897379391,0.9852851282859163,0.9969304701317344,0.001258738115039614,0.01,B.6,0.0,0.0011688282496796873,0.3806558924678011,93,0.3806558924678011,0.0011688282496796873,0.0,0.0012137831823597306,0.0,False,0.5249451799456035,0.014969992582436116,True,0.2735912247971408,True,True,True
2657,t22,2,lin_vel,39.908,0.99461929945283,1.0,1.0,0.9929815213137505,0.9801149759503991,0.9954749548792837,0.001177708730079286,0.01,B.6,0.0,0.0006013831813170519,0.3685226019845643,93,0.3685226019845643,0.0006013831813170519,2.5057632554817815e-05,0.0006013831813168739,0.0,False,0.317725530077746,0.022376465871504388,True,0.26081988573719533,True,True,True
2657,t22,3,lin_vel,100.943,0.9954853681167717,1.0,1.0,0.9912403087625185,0.9861865318213391,0.9965478921965552,0.0,0.01,B.6,0.0,2.971974282515988e-05,0.009926394103603119,93,0.009926394103603119,2.971974282515988e-05,0.0,0.0,0.0,False,0.2516819596857583,0.009569757189701121,True,0.0071644393370515185,True,True,True
2657,t22,4,lin_vel,102.824,0.9975323988065162,1.0,1.0,0.9973946734645851,0.9902673205679955,0.9978846749764361,0.0,0.01,B.6,0.0,1.9450711896010066e-05,0.008645841437796583,93,0.008645841437796583,1.9450711896010066e-05,0.0,0.0,0.0,False,0.17249743407606405,0.005757410721232385,True,0.005897455846883934,True,True,True
2657,t22,5,lin_vel,31.653,0.994631380871558,0.9998352937871027,1.0,0.9878821751583208,0.985604141625263,0.9949395321109183,0.010488737244495016,0.01,B.6,0.0,0.0007898145515432528,1.0708621615644647,93,1.0708621615644647,0.0007898145515432528,6.31851641234288e-05,0.0012005181183458206,0.0,False,0.555339175189882,0.06444886740593309,True,0.6755757748080748,True,True,True
2657,t22,6,lin_vel,143.977,0.996464026672571,1.0,1.0,0.9925850007182407,0.9897351326446133,0.997075720591528,0.002208686109586834,0.01,B.6,0.0,0.0014794029601949885,0.37367079464081066,93,0.37367079464081066,0.0014794029601949885,6.9455538037657045e-06,0.0002014210603082184,0.0,False,0.35798219633271067,0.009800176417066526,True,0.2748147273522853,True,True,True
2657,t22,7,lin_vel,105.315,0.9968633896176455,1.0,1.0,0.9931480466880577,0.9911689014001692,0.9974823422216039,0.0,0.01,B.6,0.0,9.495323553195412e-06,0.035702416559844324,93,0.035702416559844324,9.495323553195412e-06,0.0,0.0,0.0,False,0.23675402262111744,0.010606276408868607,True,0.027412999097944268,True,True,True
2657,t22,8,lin_vel,147.925,0.9974087768414063,1.0,1.0,0.9955818250353331,0.9914620591716978,0.9977875929017329,0.0011830319418623149,0.01,B.6,0.0,0.0014399188778096593,0.4257968565151259,93,0.4257968565151259,0.0014399188778096593,0.0,0.00012844346797367216,0.0,False,0.28261854354507565,0.009180327868852487,True,0.2785059996619908,True,True,True
2657,t23,1,lin_disp,50.751,0.9983964145481504,1.0,1.0,0.9994162781002305,0.9925657946405212,0.9980173180631856,0.0011231305787078513,0.0,none,0.0,0.0003349687690883532,0.10090441567653845,93,0.10090441567653845,0.0003349687690883532,0.0,0.00013792831668337367,0.0,False,0.04179272851034977,0.001990108569289257,True,0.06488936178597464,True,True,True
2657,t23,2,lin_disp,89.968,0.9985167161505649,1.0,1.0,0.9997127005026183,0.9928708802502054,0.9985023112466682,0.0005779832829449637,0.0,none,0.0,0.00011115063133548489,0.11376267117197225,93,0.11376267117197225,0.00011115063133548489,1.1115063133453717e-05,8.892050506841951e-05,0.0,False,0.04146797235827903,0.0010892761870887311,True,0.06958696425395693,True,True,True
2657,t23,3,lin_disp,35.893,0.9983581844011618,1.0,1.0,0.9997510325454143,0.992039889460394,0.9981624511625844,0.0,0.0,none,0.0,0.0,0.0002786058562952419,93,0.0002786058562952419,0.0,0.0,0.0,0.0,False,0.07855213623143471,0.0010587022539213845,True,0.00024517315353951195,True,True,True
2657,t23,4,lin_disp,106.516,0.9986027609663947,1.0,1.0,0.9996991880602953,0.9933146167716772,0.9985422479359364,0.0006196252206240216,0.0,none,0.0,0.0001314356528596248,0.07642983213789468,93,0.07642983213789468,0.0001314356528596248,0.0,8.449434826693024e-05,0.0,False,0.030847580419422642,0.0009012730481805891,True,0.04847722407901149,True,True,True
2657,t24,1,ang_acc,104.803,0.9724716413155803,0.9965432885728082,1.0,0.9033908397990567,0.9658807896332285,0.9750505589147775,0.004494146159938204,0.1,B.6,0.0,0.002614428976269772,1.5699359751152162,93,1.5699359751152162,0.002614428976269772,0.0,0.0006488363882713075,0.0,False,0.2066173054582618,0.12768718452716046,True,1.1809967271929238,True,True,True
2657,t24,2,ang_acc,294.368,0.9817991098334617,1.0,1.0,0.93071729857174,0.9782782505955684,0.9814131286791131,0.003206870311990491,0.1,B.6,0.0,0.009753098162843915,1.1635537830198937,93,1.1635537830198937,0.009753098162843915,0.0001970322861182247,0.0005061691488205271,0.0,False,0.11622690336399832,0.045884742906837694,True,0.8983591966518097,True,True,True
2657,t24,3,ang_acc,82.266,0.9560135336489669,0.987580129921866,1.0,0.8597859107566203,0.9451214976444821,0.9565413618073844,0.011912576276955118,0.1,B.6,0.0,0.0028079644081393834,1.3255658473731553,93,1.3255658473731553,0.0027958087180608,1.2155690078583799e-05,0.0008265869253397252,0.0,False,0.19089092920805534,0.3452702209904456,True,0.9741083801327394,True,True,True
2657,t24,4,ang_acc,308.978,0.9812845135307797,0.9994569607043212,1.0,0.9428613000782925,0.9646473461669635,0.9811903793621264,0.003194402190447107,0.1,B.6,0.0,0.009702956197528595,1.1905054728815645,93,1.1905054728815645,0.009702956197528595,0.00019418858300591715,0.0005372550796496735,0.0,False,0.11414545652827054,0.07452634168128475,True,0.9233589446497804,True,True,True
2657,t25,2,ang_vel,1.137,0.9940629520431101,1.0,1.0,0.9883522949468453,0.981962465268705,0.9950295801102338,0.0017590149516270904,0.01,B.6,0.0,0.0,0.6728232189973615,93,0.6728232189973615,0.0,0.0,0.0017590149516270904,0.0,False,0.31781942894487575,0.012313104661389632,True,0.5271767810026381,True,True,True
2657,t25,4,ang_vel,1.372,0.9954360557985651,1.0,1.0,0.9933957623852953,0.9837845166075297,0.9959615602701734,0.0014577259475218672,0.01,B.6,0.0,0.0,0.5313411078717202,93,0.5313411078717202,0.0,0.0,0.0007288629737608526,0.0,False,0.26274856355953113,0.01239067055393595,True,0.4223032069970843,True,True,True
2657,t25,5,ang_vel,2.255,0.9933538989938083,1.0,1.0,0.9817214172368866,0.9850480777321545,0.9947184729087132,0.007095343680709541,0.01,B.6,0.0,0.0,0.8368070953436808,93,0.8368070953436808,0.0,0.0,0.0013303769401330882,0.0,False,0.36774472907972805,0.024390243902439022,True,0.4715742793791573,True,True,True
2657,t25,6,ang_vel,3.123,0.995196741615158,1.0,1.0,0.9849924146040201,0.9909912934717697,0.9956411530095187,0.0009606147934678557,0.01,B.6,0.0,0.0006404098623118091,0.4274735830931796,93,0.4274735830931796,0.0006404098623118091,0.0,0.0,0.0,False,0.21291273824300344,0.011207172590457903,True,0.25078450208133185,True,True,True
2657,t25,7,ang_vel,2.383,0.9936080625406492,1.0,1.0,0.9877692103164052,0.9802711023868398,0.9936057790694546,0.003776751993285731,0.01,B.6,0.0,0.0012589173310953057,0.6626101552664709,93,0.6626101552664709,0.0012589173310953057,0.0,0.0,0.0,False,0.26862549733272956,0.025597985732270224,True,0.49920268569030635,True,True,True
2657,t25,8,ang_vel,3.199,0.996366784653701,1.0,1.0,0.992818222662122,0.9890157006063823,0.9967622808466663,0.0009377930603312503,0.01,B.6,0.0,0.00031259768677708346,0.4366989684276336,93,0.4366989684276336,0.00031259768677708346,0.0,0.0,0.0,False,0.25141085126579094,0.012503907471084725,True,0.2545795561112845,True,True,True
2657,t26,1,ang_disp,51.843,0.9984791706972689,1.0,1.0,0.9946841650035183,0.997711688482826,0.9988206663394765,0.0018903227050904863,0.0,none,0.0,0.001215207453272426,0.5959531662905312,93,0.5959531662905312,0.001215207453272426,1.928900719475473e-05,0.0010223173813244677,0.0,False,0.49970767943186034,0.004205003568466262,True,0.3553420905425993,True,True,True
2657,t26,2,ang_disp,61.897,0.9978725544400175,1.0,1.0,0.9916739829746855,0.9976887892254013,0.9973334151911332,0.0022456661873757337,0.0,none,0.0,0.001050131670355669,0.8059033555745835,93,0.8059033555745835,0.0010178199266523804,3.2311743703288436e-05,0.0009370405673942167,0.0,False,0.26719255020119176,0.003392733088841153,True,0.4223629578170187,True,True,True
2657,t26,3,ang_disp,60.83,0.9991407586052968,1.0,1.0,0.9980065290680956,0.9976972639583879,0.9993232894199386,0.0014630938681571368,0.0,none,0.0,0.0008219628472792563,0.30041098142363953,93,0.30041098142363953,0.0008219628472792563,0.0,0.00021371034029270475,0.0,False,0.40044233399106227,0.0017096827223409372,True,0.21079730396186072,True,True,True
2657,t26,4,ang_disp,96.078,0.9992353374534966,1.0,1.0,0.9991328393076716,0.997043847959811,0.9992054831197248,2.0816419992041245e-05,0.0,none,0.0,0.0012177605695372971,0.4295364183267762,93,0.4295364183267762,0.0012073523595412024,1.0408209996094577e-05,0.00018734777992881493,0.0,False,0.2744382469450491,0.001592456129394927,True,0.3048002664501759,True,True,True
2657,t26,5,ang_disp,39.539,0.9979795715314383,1.0,1.0,0.9977742765704415,0.9921235810867496,0.9979494749233507,0.0012392827335036163,0.0,none,0.0,0.00032878929664377255,0.10101418852272438,93,0.10101418852272438,0.00032878929664377255,0.0,0.00010116593742881163,0.0,False,0.39857382159212895,0.004198386403297929,True,0.06598042439110757,True,True,True
2657,t26,6,ang_disp,46.012,0.997949618958613,1.0,1.0,0.9953820509854542,0.9943660438076101,0.9983365865135985,0.00023906806919939984,0.0,none,0.0,2.173346083625292e-05,0.07632791445709816,93,0.07632791445709816,2.173346083625292e-05,0.0,2.1733460836407348e-05,0.0,False,0.36724360325524885,0.005628966356602633,True,0.06409632269842644,True,True,True
2657,t26,7,ang_disp,31.206,0.9976424329700059,1.0,1.0,0.9953881394801347,0.9928240253698942,0.9976384948811036,0.0008011279882074643,0.0,none,0.0,0.0002884060757546735,0.2431904121002372,93,0.2431904121002372,0.0002884060757546735,0.0,0.00022431583669811733,0.0,False,0.5448408764380286,0.006697429981413819,True,0.1348009998077291,True,True,True
2657,t26,8,ang_disp,47.731,0.9981628789876784,1.0,1.0,0.9988428984541259,0.9919714964842659,0.9982312205186766,0.000775177557562151,0.0,none,0.0,0.000230458192788812,0.15126437744861826,93,0.15126437744861826,0.000230458192788812,2.095074479907764e-05,0.0001676059583918768,0.0,False,0.23740065834651303,0.0034149714022332803,True,0.08430998722004553,True,True,True
2657,t26,9,ang_disp,35.641,0.9880334952452291,1.0,0.9900199600798403,0.9958297871742965,0.9543177289720084,0.988039967607723,0.004376981566173756,0.0,none,0.0,0.0007014393535534519,0.26848292696613457,93,0.26848292696613457,0.0007014393535534519,2.8057574142273643e-05,0.0003647484638477631,0.0,False,0.35341972424091767,0.020650374568614766,True,0.20180690777475396,True,True,True
2657,t26,10,ang_disp,43.255,0.9975106814340169,1.0,1.0,0.9953513559958215,0.9922020511742626,0.9978507226048441,0.00034678071899203717,0.0,none,0.0,2.311871459941439e-05,0.09964165992370828,93,0.09964165992370828,2.311871459941439e-05,0.0,6.935614379840743e-05,0.0,False,0.3636635084235128,0.010033522136169221,True,0.07275921858744648,True,True,True
2657,t26,11,ang_disp,27.722,0.9959538456834345,1.0,1.0,0.9915324542455916,0.9882367741715801,0.9966931354092166,0.0024529254743525498,0.0,none,0.0,0.000793593535819871,0.27259937955414465,93,0.27259937955414465,0.000793593535819871,3.607243344627622e-05,0.00043286920135633986,0.0,False,0.5159254741739684,0.02077772166510353,True,0.20343409566409343,True,True,True
2657,t26,12,ang_disp,49.583,0.9974623930282902,1.0,1.0,0.9970437883209375,0.9902681768205129,0.9977196673344508,0.0004033640562290125,0.0,none,0.0,0.0001411774196800899,0.12677732287275884,93,0.12677732287275884,0.0001411774196800899,0.0,4.033640562280094e-05,0.0,False,0.22620875565490572,0.008026944718956089,True,0.06425992779783393,True,True,True
2657,t27,1,joint,1.067,0.9819111879478767,0.9988031858717422,1.0,0.9527777558791299,0.9591718121167692,0.9843776948360989,0.005623242736644804,0.0,none,0.0,0.0,0.4423617619493908,93,0.4423617619493908,0.0,0.0,0.0,0.0,False,0.3077846750975396,0.14058106841612,True,0.3280224929709466,True,True,True
2657,t27,2,joint,3.263,0.9743210564401035,1.0,1.0,0.918526111067308,0.9530791711332085,0.9808470767785196,0.007661661048115205,0.0,none,0.0,0.000612932883849151,0.16702421084891217,93,0.16702421084891217,0.000612932883849151,0.0,0.0,0.0,False,0.1595213462796547,0.031872509960159355,True,0.12405761569108177,True,True,True
2657,t27,3,joint,9.256,0.9788749825789473,1.0,1.0,0.9273627734213784,0.967012139473358,0.9835361213800415,0.0004321521175453284,0.0,none,0.0,0.0010803802938634168,0.14239412273120133,93,0.14239412273120133,0.0010803802938634168,0.0,0.00010803802938628411,0.0,False,0.1253696201488107,0.027009507346585998,True,0.10507778738115815,True,True,True
2657,t27,4,joint,29.6,0.9790765005776226,0.9999880299641138,1.0,0.935058845172761,0.9603475977871246,0.982744501998976,0.0,0.0,none,0.0,0.0033783783783784263,0.17229729729729723,93,0.17229729729729723,0.0033783783783784263,0.0,0.0,0.0,False,0.14718605980041896,0.05135135135135135,True,0.1283783783783784,True,True,True
2657,t27,5,joint,36.8,0.9852284399749766,1.0,1.0,0.9494511970394913,0.9766910028353908,0.9867601706473705,0.005434782608695537,0.0,none,0.0,0.0,0.09510869565217392,93,0.09510869565217392,0.0,0.0,0.0,0.0,False,0.15207270059007102,0.03831521739130433,True,0.06032608695652152,True,True,True
2657,t27,6,joint,12.5,0.9685327950015779,0.9982276869116089,1.0,0.9023480007732461,0.9438606004114254,0.9701835252504476,0.007999999999999972,0.0,none,0.0,0.0,0.6320000000000001,93,0.6320000000000001,0.0,0.0,0.0,0.0,False,0.1677597325937541,0.10408,True,0.4143999999999997,True,True,True
2657,t28,1,joint,1.034,0.9856552718553258,0.9995462346420881,1.0,0.9603287763146859,0.9688551136777659,0.9879410305869047,0.005802707930367509,0.0,none,0.0,0.0009671179883946923,0.34912959381044484,93,0.34912959381044484,0.0009671179883946923,0.0,0.0,0.0,False,0.30333925119500016,0.09090909090909094,True,0.22340425531914881,True,True,True
2657,t28,2,joint,2.789,0.9755568557822607,1.0,1.0,0.9239302459731693,0.9538540329381342,0.9815461291290366,0.006812477590534287,0.0,none,0.0,0.00035855145213334165,0.1466475439225528,93,0.1466475439225528,0.00035855145213334165,0.0,0.0,0.0,False,0.16107559173344013,0.034420939404804576,True,0.12513445679454993,True,True,True
2657,t28,3,joint,8.049,0.9792161565374414,1.0,1.0,0.9296173889363387,0.9664633937508676,0.9833545247487061,0.0014908684308608123,0.0,none,0.0,0.001242390359051008,0.14747173561933163,93,0.14747173561933163,0.001242390359051008,0.0,0.0,0.0,False,0.125789359557332,0.027456826935022983,True,0.10962852528264366,True,True,True
2657,t28,4,joint,20.1,0.9804491894888149,0.9996962466258144,1.0,0.9415219250597884,0.961331529132657,0.9833325813723102,0.0,0.0,none,0.0,0.0,0.20895522388059695,93,0.20895522388059695,0.0,0.0,0.0,0.0,False,0.15377302759358158,0.07940298507462687,True,0.15621890547263664,True,True,True
2657,t28,5,joint,21.0,0.9831998161548752,0.9999831249290003,1.0,0.9480819732262186,0.9679508576901569,0.9835587671229798,0.00476190476190483,0.0,none,0.0,0.0,0.1476190476190475,93,0.1476190476190475,0.0,0.0,0.0,0.0,False,0.17990826183504738,0.051428571428571435,True,0.11047619047619033,True,True,True
2657,t28,6,joint,8.98,0.9675459105579035,0.9973154029907595,1.0,0.9100812110847957,0.9330175357232027,0.970165166816397,0.022271714922049116,0.0,none,0.0,0.010022271714922032,1.0055679287305122,93,1.0055679287305122,0.008908685968819607,0.0011135857461024262,0.003340757238307278,0.0,False,0.19984788421386937,0.11726057906458796,True,0.7525612472160355,True,True,True
2657,t29,3,joint,1.423,0.9815093187390608,0.9999024121526788,1.0,0.9383188952403402,0.9694228741496057,0.9841690597321289,0.0021082220660577048,0.0,none,0.0,0.0,0.7884750527055517,93,0.7884750527055517,0.0,0.0,0.0007027406886859535,0.0,False,0.12345139405152185,0.06113843991567111,True,0.6584680252986644,True,True,True
2657,t29,4,joint,2.78,0.988987076826744,0.9999492695445097,1.0,0.9692939165925475,0.9757429284521527,0.9905067899665201,0.021582733812949662,0.0,none,0.0,0.003597122302158197,1.352517985611511,93,1.352517985611511,0.003597122302158197,0.0,0.0,0.0,False,0.2584204702013278,0.05575539568345324,True,0.9525179856115108,True,True,True
2657,t29,5,joint,6.14,0.9908454187051002,1.0,1.0,0.9701389408866827,0.984088152638818,0.9918459071137894,0.001628664495113972,0.0,none,0.0,0.0,0.6237785016286647,93,0.6237785016286647,0.0,0.0,0.0,0.0,False,0.12563642324966626,0.03517915309446254,True,0.5055374592833876,True,True,True
2657,t29,6,joint,1.26,0.9818609017158637,0.9971174733853961,1.0,0.9596291282650042,0.9554404335435217,0.9838537553775324,0.06349206349206354,0.0,none,0.0,0.007936507936507943,1.7182539682539684,93,1.7182539682539684,0.007936507936507943,0.007936507936507943,0.0,0.0,False,0.2734076431476222,0.25793650793650796,True,1.1158730158730152,True,True,True
2657,t30,1,joint,1.336,0.9840163648969581,0.999972209079238,1.0,0.9447104611392853,0.9754269451870291,0.9836467423549842,0.002245508982036013,0.0,none,0.0,0.0,0.7709580838323351,93,0.7709580838323351,0.0,0.0,0.0007485029940120598,0.0,False,0.11883049595444516,0.0531437125748503,True,0.6449101796407183,True,True,True
2657,t30,4,joint,1.4,0.9838876030179087,0.9996027106784164,1.0,0.9526498893641615,0.9675827043685484,0.9865939761541972,0.00714285714285715,0.0,none,0.0,0.0,1.1814285714285715,93,1.1814285714285715,0.0,0.0,0.00714285714285715,0.0,False,0.22042830269729174,0.08000000000000007,True,0.8347142857142859,True,True,True
2657,t30,5,joint,3.58,0.9910250412689243,1.0,1.0,0.9711895093080233,0.9839356970365976,0.99080977262963,0.002793296089385539,0.0,none,0.0,0.0,1.0223463687150838,93,1.0223463687150838,0.0,0.0,0.0,0.0,False,0.1229820392344765,0.03687150837988827,True,0.7871508379888266,True,True,True
2657,t31,1,contact,9.601,0.9969149258315959,1.0,1.0,0.9926169482335213,0.9919576809244579,0.9975437113156489,0.0021872721591501714,0.0,none,0.0,0.0019789605249453312,0.5549421935215082,93,0.5549421935215082,0.0019789605249453312,0.0,0.00010415581710232743,0.0,False,0.3653984280413352,0.00833246536819082,True,0.32269555254660975,True,True,True
2657,t31,2,contact,101.15,0.99033240785594,0.9982587458111267,1.0,0.965191573801711,0.9899529738557356,0.9941156272085815,0.0,0.0,none,0.0,0.0,0.17647058823529405,93,0.17647058823529405,0.0,0.0,0.0,0.0,False,0.143742521182524,0.10865051903114187,True,0.08978744438952045,True,True,True
2657,t31,3,contact,5.06,0.991109679969175,0.9982661448916085,1.0,0.9690546462749307,0.9899614637877272,0.9946324017675816,0.0,0.0,none,0.0,0.0,0.24505928853754946,93,0.24505928853754946,0.0,0.0,0.0,0.0,False,0.1436561618513934,0.10869565217391305,True,0.20513833992094851,True,True,True
2657,t31,4,contact,101.27,0.9903166256156719,0.998259632319809,1.0,0.9651048706011913,0.9899589928375508,0.9941279134330124,0.0,0.0,none,0.0,0.0,0.17655771699417394,93,0.17655771699417394,0.0,0.0,0.0,0.0,False,0.14374853491487438,0.1086205194035746,True,0.08972054902735276,True,True,True
2657,t31,5,contact,1.101,0.9995690140546725,1.0,1.0,0.9996496252513558,0.9981954450220062,0.9995926857444141,0.0,0.0,none,0.0,0.0,0.023614895549500477,93,0.023614895549500477,0.0,0.0,0.0,0.0,False,0.34760747221889565,0.001816530426884652,True,0.014895549500454106,True,True,True
2657,t31,6,contact,1.192,0.9996720170844839,1.0,1.0,0.9996354316268588,0.9987246537955605,0.9997970418386815,0.0008389261744965519,0.0,none,0.0,0.0008389261744965519,0.015100671140939612,93,0.015100671140939612,0.0008389261744965519,0.0,0.0008389261744965519,0.0,False,0.3983937731453754,0.00167785234899329,True,0.008724832214765072,True,True,True
2657,t31,7,contact,3.464,0.9989591618975361,1.0,1.0,0.997677428034789,0.9971183814528912,0.9991891258121217,0.0,0.0,none,0.0,0.0002886836027713308,0.17754041570438805,93,0.17754041570438805,0.0002886836027713308,0.0,0.0,0.0,False,0.3894975915394187,0.006639722863741378,True,0.10929561200923789,True,True,True
2657,t31,8,contact,1.845,0.9954780722839004,1.0,1.0,0.9860325091957285,0.9913578522237732,0.9953931477657055,0.01571815718157189,0.0,none,0.0,0.004878048780487869,1.3604336043360434,93,1.3604336043360434,0.004878048780487869,0.0005420054200542613,0.0032520325203252063,0.0,False,0.30424251586374057,0.01680216802168017,True,0.8893224932249322,True,True,True
2657,t31,9,contact,89.3,0.963761456583718,0.9908804233505653,1.0,0.9113073290474006,0.9257391071700596,0.9417640374460611,0.04815229563269874,0.0,none,0.0,0.005487122060470267,0.7338185890257559,93,0.7338185890257559,0.005487122060470267,0.0003359462486002367,0.059126539753639434,0.0,False,0.1252206753413033,0.6812989921612542,True,0.5107502799552072,True,True,True
2657,t31,10,contact,4.46,0.9652470370240581,0.990856612227891,1.0,0.919733383402178,0.9247885772623304,0.9434503778683141,0.04708520179372196,0.0,none,0.0,0.0044843049327353305,0.7399103139013453,93,0.7399103139013453,0.0044843049327353305,0.0,0.05829596412556049,0.0,False,0.1240421953544267,0.6816143497757847,True,0.5533632286995515,True,True,True
2657,t31,11,contact,89.41,0.9637245347832909,0.9908821814027228,1.0,0.9111336660182131,0.9257246450927954,0.9414156301194799,0.04820489878089702,0.0,none,0.0,0.0054803713231183215,0.7338105357342581,93,0.7338105357342581,0.0054803713231183215,0.00022368862543351115,0.059053797114416745,0.0,False,0.12521775175012181,0.6813555530701264,True,0.5108600827647913,True,True,True
2657,t31,13,contact,2.471,0.986308987815648,0.998003992015968,0.9900199600798403,0.9992536491226823,0.9462633458437815,0.9863766743692856,0.0,0.0,none,0.0,0.0,0.04775394577094289,93,0.04775394577094289,0.0,0.0,0.0,0.0,False,0.3642452993107585,0.7324969647915823,True,0.00938891137191425,True,True,True
2657,t31,14,contact,4.879,0.9943177951341291,0.998003992015968,1.0,0.9979586394880303,0.977622352150679,0.994240442882344,0.0,0.0,none,0.0,0.0,0.002664480426316848,93,0.002664480426316848,0.0,0.0,0.0,0.0,False,0.47356103249839154,0.770034843205575,True,0.0024595203935231743,True,True,True
2657,t32,1,spring,14.248,0.9977571578123936,1.0,1.0,0.9953437547142823,0.9934420343476851,0.9976164985265361,0.005544637843907961,0.0,none,0.0,0.0013335204941044448,0.8785092644581696,93,0.8785092644581696,0.0013335204941044448,7.018528916335246e-05,0.000772038180797251,0.0,False,0.30548998865207455,0.0065272318921953945,True,0.5735261089275686,True,True,True
2657,t32,2,spring,71.98,0.997175912289947,1.0,1.0,0.9952928057129684,0.990586755736766,0.9970551850377762,0.005696026674076085,0.0,none,0.0,0.0012503473186996862,0.8460683523200887,93,0.8460683523200887,0.0012503473186996862,0.0,0.0008335648791331241,0.0,False,0.30440385146078275,0.010558488469019144,True,0.5595165323701028,True,True,True
2657,t32,3,spring,71.24,0.9977576797427516,1.0,1.0,0.995348009756539,0.9934403889572182,0.9976240412322268,0.005474452554744534,0.0,none,0.0,0.0012633352049408928,0.8784390791690061,93,0.8784390791690061,0.0012633352049408928,0.0,0.0008422234699607282,0.0,False,0.30549066523554047,0.006457046603032117,True,0.5734418865805727,True,True,True
2657,t32,4,spring,10.13,0.9903494452632285,1.0,1.0,0.9726247781508957,0.9791224481652466,0.9895344052549397,0.010858835143139308,0.0,none,0.0,0.0009871668311944508,0.7295162882527146,93,0.7295162882527146,0.0009871668311944508,0.0,0.0019743336623889015,0.0,False,0.2052606824463001,0.04540967423494579,True,0.4858835143139188,True,True,True
2696,t21,5,lin_acc,152.647,0.7197700122657201,0.9982828138022579,1.0,0.011978258348931181,0.5903061753751533,0.7233876649143254,0.3076444345450614,0.1,B.6,0.0,0.38218897194180046,1.916873571049546,93,1.916873571049546,0.0560639907761044,0.32612498116569605,0.5404364317674111,0.00030134886371829437,False,0.022537083277525162,0.500887668935518,True,1.285431092651672,False,True,False
2696,t21,6,lin_acc,59.973,0.7228875589780376,0.9958990940835788,0.9983338887037654,0.07031433039289947,0.5539913876263658,0.7630380542893282,0.42914311440148073,0.1,B.6,0.0,0.3202441098494323,4.960849048738599,93,4.960849048738599,0.3202441098494323,0.1725276374368466,0.3337501875844131,0.0,False,0.03309228333727971,1.191202707885215,True,3.665049272172477,False,True,False
2696,t21,7,lin_acc,129.364,0.5340963043701867,0.9952243259687773,0.4551816061312896,0.0,0.2248512637820893,0.5497771911716524,0.17264463065458707,0.1,B.6,7.730125846375839e-06,0.6820212733063296,1.798885315852942,93,1.798885315852942,0.6820212733063296,0.40928697319192353,0.4760288797501622,0.1126124733310658,False,0.029767395646216388,1.1817584490275501,True,1.4952521567051105,False,True,False
2696,t21,8,lin_acc,208.885,0.7806095531025068,0.9972396176920858,1.0,0.37440926694357335,0.5341592631847886,0.8002569517679355,0.25740000478732317,0.1,B.6,4.787323168273332e-06,0.19678291883093565,1.5321588433827227,93,1.5321588433827227,0.19678291883093565,0.022366373842066196,0.30065346961246614,0.00017713095722522886,False,0.026023151924078593,0.7347966584484286,True,1.1557297077339206,False,True,False
2696,t22,1,lin_vel,176.0,1.0,1.0,1.0,1.0,1.0,1.0,0.0,0.01,B.6,0.0,0.0,0.0,93,0.0,0.0,0.0,0.0,0.0,False,0.35884760823327844,0.0,True,0.0,True,True,True
2696,t22,2,lin_vel,150.385,1.0,1.0,1.0,1.0,1.0,1.0,0.0,0.01,B.6,0.0,0.0,0.011184626126275812,93,0.011184626126275812,0.0,0.0,0.0,0.0,False,0.3757346861663306,0.0,True,0.00710310203810214,True,True,True
2696,t22,4,lin_vel,176.002,1.0,1.0,1.0,1.0,1.0,1.0,0.0,0.01,B.6,0.0,0.0,5.681753616463306e-06,93,5.681753616463306e-06,0.0,0.0,0.0,0.0,False,0.4213332933881654,0.0,True,5.681753616463306e-06,True,True,True
2696,t22,5,lin_vel,193.537,0.9706063709980102,0.9997490757343407,1.0,0.9719807110047843,0.8815529925165851,0.9706156868024107,0.0,0.01,B.6,0.0,0.0,0.8622020595545036,93,0.8622020595545036,0.0,0.0,0.0,0.0,False,0.3818351060010682,0.06436495347142923,True,0.08603522840593764,True,True,True
2696,t22,6,lin_vel,175.715,0.9728714315792021,0.9995721887159008,1.0,0.9583811699391848,0.9068316105250241,0.9690835883018504,0.0003073158239194266,0.01,B.6,0.0,0.0008878012691005657,0.6044674615143839,93,0.6044674615143839,0.0008764192015479405,1.1382067552625271e-05,0.0002902427225906504,0.0,False,0.23625404094893213,0.11883447628261673,True,0.1869447685172011,True,True,True
2696,t22,7,lin_vel,149.288,0.9394836257516195,0.9890108132988091,1.0,0.9332918692615091,0.7861046328989695,0.9290944616341477,0.0011990247039279918,0.01,B.6,0.0,0.0007636246717753893,1.758714699105085,93,1.758714699105085,0.0005894646589144625,0.00017416001286092676,0.0021836986227963522,0.0,False,0.20462466254956596,0.6121657467445474,True,0.13750200953860992,True,True,True
2696,t22,8,lin_vel,253.164,0.968561155497662,0.9998128730015556,1.0,0.9810487132188341,0.8621313182663641,0.9634405020367371,0.001188952615695706,0.01,B.6,0.0,0.00033970074734169446,0.8375874926924841,93,0.8375874926924841,0.00022910050402108012,0.00011060024332061434,0.0012837528242562808,0.0,False,0.3326408417845371,0.06631274588804095,True,0.08457995607590325,True,True,True
2696,t23,1,lin_disp,128.186,0.9894631213804984,1.0,0.9983338887037654,0.9985273986067913,0.9504543195919352,0.9900790111814616,0.0049693414257407234,0.0,none,1.560232786728144e-05,0.01579735696565932,0.5515032842900159,93,0.5515032842900159,0.01579735696565932,0.0034013074750752254,0.01973694475215703,0.0010609582949776878,False,0.4118573381629054,0.028006178521835373,True,0.31265816859875495,True,True,True
2696,t23,2,lin_disp,98.337,0.967940363533413,0.9999789402273048,0.9933355548150616,0.9867557836957065,0.859652598701687,0.9749457208080363,0.03226659344905785,0.0,none,3.0507337014408643e-05,0.048282945381697674,0.6773544037340979,93,0.6773544037340979,0.048282945381697674,0.017043432278796403,0.04224249265281644,0.0008236980993929352,False,0.3218268156523414,0.050408289860378167,True,0.2734962425129911,True,True,True
2696,t23,3,lin_disp,17.607,0.9271989195330788,0.8975100750363101,0.9983338887037654,0.9893660459524608,0.8532745129365468,0.9427256119208467,0.0,0.0,none,0.0,0.0,0.39330947918441533,93,0.39330947918441533,0.0,0.0,0.0,0.0,False,0.5743059184877363,0.27420912137218156,True,0.1411370477650928,True,True,True
2696,t23,4,lin_disp,161.613,0.9831589165975798,1.0,0.9983338887037654,0.9964646886214459,0.9209960056626878,0.9849322358549573,0.014485220867133265,0.0,none,1.856286313592287e-05,0.026891401063033317,0.3684480827656191,93,0.3684480827656191,0.026891401063033317,0.008743108537060647,0.02581475500114469,0.00040838298899223765,False,0.34830384465096514,0.034050478612487944,True,0.22250809031451668,True,True,True
2696,t23,5,lin_disp,16.847,1.0,1.0,1.0,1.0,1.0,0.9995431113631135,0.0,0.0,none,0.0,0.0,0.0355552917433371,93,0.0355552917433371,0.0,0.0,0.0,0.0,False,0.034520999283974646,0.0,True,0.03149522170119307,True,True,True
2696,t23,6,lin_disp,4.301,1.0,1.0,1.0,1.0,1.0,0.999677310824224,0.0,0.0,none,0.0,0.0,0.08044640781213673,93,0.08044640781213673,0.0,0.0,0.0,0.0,False,0.06789543017792217,0.0,True,0.0602185538246918,True,True,True
2696,t23,7,lin_disp,25.806,1.0,1.0,1.0,1.0,1.0,0.999425483596871,0.0,0.0,none,0.0,0.0,3.875067813677708e-05,93,3.875067813677708e-05,0.0,0.0,0.0,0.0,False,0.0024501103184627637,0.0,True,3.875067813677708e-05,True,True,True
2696,t23,8,lin_disp,30.912,1.0,1.0,1.0,1.0,1.0,0.9996158527149757,0.0,0.0,none,0.0,0.0,0.01038431677018627,93,0.01038431677018627,0.0,0.0,0.0,0.0,False,0.009352032210746585,0.0,True,0.008896221532091051,True,True,True
2696,t23,9,lin_disp,15.302,1.0,1.0,1.0,1.0,1.0,0.9990989140362486,0.0,0.0,none,0.0,0.0,0.008168866814795452,93,0.008168866814795452,0.0,0.0,0.0,0.0,False,0.025320143328315167,0.0,True,0.005371846817409623,True,True,True
2696,t23,10,lin_disp,16.096,1.0,1.0,1.0,1.0,1.0,0.9990377450085397,0.0,0.0,none,0.0,0.0,0.0005591451292246733,93,0.0005591451292246733,0.0,0.0,0.0,0.0,False,0.017548177465659478,0.0,True,0.00027335984095429945,True,True,True
2696,t23,11,lin_disp,26.053,1.0,1.0,1.0,1.0,1.0,0.9996057859438052,0.0,0.0,none,0.0,0.0,0.01592906766975009,93,0.01592906766975009,0.0,0.0,0.0,0.0,False,0.0029302394812291592,0.0,True,0.01391010632172882,True,True,True
2696,t23,12,lin_disp,33.984,1.0,1.0,1.0,1.0,1.0,0.9986639546855374,0.0,0.0,none,0.0,0.0,0.001647834274952842,93,0.001647834274952842,0.0,0.0,0.0,0.0,False,0.007626662083518552,0.0,True,0.0011770244821092026,True,True,True
2696,t24,1,lin_disp,202.234,1.0,1.0,1.0,1.0,1.0,1.0,0.0,0.0,none,0.0,0.0,0.006447976106886092,93,0.006447976106886092,0.0,0.0,0.0,0.0,False,0.22382897601544333,0.0,True,0.004237665278835405,True,True,True
2696,t24,2,lin_disp,241.159,1.0,1.0,1.0,1.0,1.0,0.9999999078174228,0.0,0.0,none,0.0,0.0,0.023237780883151718,93,0.023237780883151718,0.0,0.0,0.0,0.0,False,0.3809276528893411,0.0,True,0.01682624326689037,True,True,True
2696,t24,3,lin_disp,15.0,1.0,1.0,1.0,1.0,1.0,1.0,0.0,0.0,none,0.0,0.0,0.0,93,0.0,0.0,0.0,0.0,0.0,True,0.0,0.0,True,0.0,True,True,True
2696,t24,4,lin_disp,310.87,1.0,1.0,1.0,1.0,1.0,1.0,0.0,0.0,none,0.0,0.0,0.01305690481551764,93,0.01305690481551764,0.0,0.0,0.0,0.0,False,0.27059861157359527,0.0,True,0.007812268794029714,True,True,True
2696,t25,5,ang_acc,5355.706,0.7218935133571959,0.9988537954036874,1.0,0.0,0.6117599759786048,0.6369539573445407,0.6319402147914766,0.1,B.6,0.0,0.16670015120322138,1.995589563728853,87,1.995589563728853,0.12509966006349119,0.04160049113973022,0.6712431563644458,2.2406009590413682e-06,False,0.02118068051302548,0.6319402147914766,True,1.4324469827133903,False,True,False
2696,t25,6,ang_acc,7727.232,0.7308761456377594,0.9993471618362596,1.0,0.0,0.6556864045162774,0.6900328163518751,0.18982217694512085,0.1,B.6,2.847073829274767e-06,0.5997720787987212,1.1185698837565639,87,1.1185698837565639,0.5997720787987212,0.1239984770743262,0.7603759017459292,1.565890606107007e-05,False,0.020017457230989463,0.41375566308867134,True,0.8808207647965014,False,True,False
2696,t25,7,ang_acc,3667.21210091,0.7534073428738238,0.999156591216815,1.0,0.10011631784960617,0.6686072140858826,0.7092646602835075,0.2599449049247657,0.1,B.6,2.999553801984255e-06,0.4596758937345606,1.3941471042461184,87,1.3941471042461184,0.4596758937345606,0.02075773036992066,0.6321025171750461,1.6906575974904893e-05,False,0.02057149083905184,0.45764792267770393,True,1.0289053951334575,False,True,False
2696,t25,8,ang_acc,4072.99,0.7155860011019369,0.9980775033421628,0.991669443518827,0.2808282452026356,0.3092773101038958,0.7982431957647309,0.7437820863788029,0.1,B.6,5.892477025449909e-06,1.2624951202924635,1.992478989636606,87,1.992478989636606,1.2624951202924635,0.21326838514211915,1.700445618575052,3.461830252469965e-05,False,0.022417120037363035,1.7436134142239486,True,1.700273288174044,False,True,False
2696,t26,5,ang_vel,5.643,0.9208265782172136,0.9970162385750734,1.0,0.754676504077267,0.8554239098586535,0.9374631199104877,0.0024809498493709435,0.01,B.6,0.0,0.0023037391458443916,1.0373914584440902,93,1.0373914584440902,0.0023037391458443916,0.0014176856282119453,0.034024455077086686,0.0,False,0.07854906121711581,0.17012227538543329,True,0.38656742867269167,True,True,True
2696,t26,6,ang_vel,3.884,0.9006876046220158,0.9770130836970454,1.0,0.7652213313598891,0.7841905243560989,0.9276489574866003,0.009526261585993802,0.01,B.6,0.0,0.008496395468589062,2.274974253347065,93,2.274974253347065,0.008496395468589062,0.002832131822863059,0.024459320288362563,0.0,False,0.14962363379175941,0.5051493305870237,True,0.5273944387229652,True,True,True
2696,t26,7,ang_vel,3.139,0.927206100381616,0.9935762775489271,1.0,0.7955426670646937,0.8533352797455322,0.9400934490948605,0.008282892640968398,0.01,B.6,0.0,0.04045874482319203,3.2300095571838163,93,3.2300095571838163,0.04045874482319203,0.005734310289901177,0.05001592863969418,0.0,False,0.1221617891116974,0.26091111819050655,True,1.0617394074546036,True,True,True
2696,t26,8,ang_vel,6.986,0.9374857469680316,0.9978414113796253,1.0,0.87395338210457,0.8177925299763363,0.9432210552841218,0.005296306899513301,0.01,B.6,0.0,0.005439450329229798,1.3489836816490124,93,1.3489836816490124,0.005439450329229798,0.0021471514457485946,0.03149155453764669,0.0,False,0.10630717275219463,0.17191525908960786,True,0.34045233323790364,True,True,True
2696,t27,1,ang_disp,93.295,1.0,1.0,1.0,1.0,1.0,1.0,0.0,0.0,none,0.0,0.0,0.004909159118923826,93,0.004909159118923826,0.0,0.0,0.0,0.0,False,0.3432434166801355,0.0,True,0.0044160994694248555,True,True,True
2696,t27,4,ang_disp,93.295,1.0,1.0,1.0,1.0,1.0,1.0,0.0,0.0,none,0.0,0.0,0.004909159118923826,93,0.004909159118923826,0.0,0.0,0.0,0.0,False,0.3432434166801355,0.0,True,0.0044160994694248555,True,True,True
2696,t28,1,contact,47.354,0.987584234778145,0.9999634399634717,1.0,0.9944164212804888,0.9435778726832926,0.9810119943993195,0.0,0.0,none,0.0,0.0,0.0020695189424335637,93,0.0020695189424335637,0.0,0.0,0.0,0.0,False,0.39137769403062417,0.05397643282510453,True,0.0017907674114117965,True,True,True
2696,t28,2,contact,1777.45,0.7528976017450899,0.9961373912982484,1.0,0.34983760476266124,0.4223756213662916,0.8291191477931967,0.000978930490309156,0.0,none,0.0,0.018453402346057527,0.8884188022166586,93,0.8884188022166586,0.018453402346057527,0.006239275366395633,0.12462235224619539,0.0,False,0.02618828258609899,0.7814397029452306,True,0.6014661453205434,False,True,False
2696,t28,3,contact,1421.96,0.685571616098166,0.9966499911559188,1.0,0.0,0.43455809817899205,0.7651827135954109,0.029860192973079437,0.0,none,0.0,0.3309586767560269,1.1438929365101689,93,1.1438929365101689,0.295802976173732,0.03515570058229486,0.25528144251596385,0.00010548819938674594,False,0.024547086683950437,0.6487031984022054,True,0.7689119243860583,False,True,False
2696,t28,4,contact,2276.25,0.7465148535761891,0.9963106618944775,1.0,0.3112694672753695,0.4286834768166202,0.8208038755622084,0.010943437671608942,0.0,none,0.0,0.11584843492586493,0.9419044481054367,93,0.9419044481054367,0.0884261394838002,0.02742229544206473,0.2065326743547501,3.075233388255407e-05,False,0.02554294301034276,0.7325074135090609,True,0.6599898956617243,False,True,False
2696,t28,5,contact,2.304,0.4923886507474252,0.4334407814154113,1.0,0.0,0.5950616909063033,0.8907267776910627,0.2721354166666668,0.0,none,0.0,0.45312500000000006,0.8780381944444445,93,0.8780381944444445,0.45312500000000006,0.2769097222222222,0.31032986111111105,0.0034722222222222255,False,0.3262788272563993,0.7690972222222223,True,0.5223958333333325,False,True,False
2696,t28,6,contact,2.836,0.4713826626943072,0.4492478317083341,0.9983338887037654,0.1872957095019787,0.2727880518491236,0.8361348564725143,0.0003526093088858724,0.0,none,0.0,0.0007052186177714315,0.18159379407616366,93,0.18159379407616366,0.0007052186177714315,0.0,0.0014104372355430196,0.0,False,0.45342342230546373,0.8074753173483781,True,0.13575458392101544,False,True,False
2696,t28,7,contact,4.865,0.809253846645186,0.8473235944277414,1.0,0.834101142321304,0.517520902049143,0.8699036107016518,0.0008221993833505544,0.0,none,0.0,0.004110996916752407,0.42322713257965056,93,0.42322713257965056,0.004110996916752407,0.0006166495375128702,0.010483042137718428,0.0,False,0.23679088347630348,0.8696813977389516,True,0.26400822199383345,True,True,True
2696,t28,8,contact,27.636,0.9836035938248988,1.0,1.0,0.9971672105308503,0.9208507585936432,0.9780713024799382,0.00206252713851493,0.0,none,0.0,0.0023158199449992783,0.04942828195107829,93,0.04942828195107829,0.0023158199449992783,0.0005789549862498839,0.005319148936170286,0.0,False,0.41298619713018714,0.02301346070343041,True,0.035446519033145225,True,True,True
2696,t28,9,contact,54.3,1.0,1.0,1.0,1.0,1.0,0.997296718305994,0.0,0.0,none,0.0,0.0,0.14309392265193377,93,0.14309392265193377,0.0,0.0,0.0,0.0,False,0.3023153238681225,0.0,True,0.08946593001841616,True,True,True
2696,t28,10,contact,21.75,1.0,1.0,1.0,1.0,1.0,0.9971695349114259,0.0,0.0,none,0.0,0.00505747126436779,0.4974712643678161,93,0.4974712643678161,0.00505747126436779,0.0013793103448276386,0.0,0.0,False,0.23639753250740095,0.0,True,0.38887356321839056,True,True,True
2696,t28,11,contact,58.43,1.0,1.0,1.0,1.0,1.0,0.9972653210749838,0.0,0.0,none,0.0,0.0,0.14564436077357532,93,0.14564436077357532,0.0,0.0,0.0,0.0,False,0.29389276912587237,0.0,True,0.1100119801471845,True,True,True
2696,t28,12,contact,66.979,0.6003860703354031,0.48285591035507036,0.9966677774075309,0.18646002529936,0.853090728259984,0.6722429276755727,0.0007465026351542597,0.0,none,0.0,0.0024335985906029757,1.4973200555397959,93,1.4973200555397959,0.0024335985906029757,0.00131384463787148,0.007121635139371888,0.0,False,0.4398265795134135,0.4572925842428224,True,1.0394959614207429,False,True,False
2696,t28,13,contact,39.277,0.9445881060880287,0.9554722214443545,1.0,0.9308448509880729,0.8811512365633615,0.9263692381055199,0.003182524123532856,0.0,none,0.0,0.009038368510833233,2.7706291213687395,93,2.7706291213687395,0.009038368510833233,0.006721490948901286,0.029177381164549248,0.00010184077195317586,False,0.30469124037576073,0.20734781169641267,True,1.9331211650584297,True,True,True
2696,t28,14,contact,152.066,0.9621258524182927,0.9981303256733731,0.991669443518827,0.9290565185019123,0.8936426487239778,0.9816744953360639,0.03312377520287248,0.0,none,0.0,0.05193139820867268,0.7176554916943958,93,0.7176554916943958,0.05193139820867268,0.032834427156629514,0.057277760972209484,0.000374837241723909,False,0.42093074423259697,0.05537069430378906,True,0.5333710362605708,True,True,True
2696,t29,1,contact,26.997,0.9878809352787722,1.0,1.0,0.9992546138287237,0.9401500625651364,0.9816766338369676,0.00014816461088274014,0.0,none,0.0,0.0019631810941955503,0.05237618994703121,93,0.05237618994703121,0.0019631810941955503,0.0004074526799273709,0.003704115272067188,3.704115272058634e-05,False,0.4048374813845758,0.021187539356224867,True,0.03475200948253503,True,True,True
2696,t29,2,contact,116.92,1.0,1.0,1.0,1.0,1.0,0.9990148233132833,0.0,0.0,none,0.0,0.00034211426616495257,0.14659596305165914,93,0.14659596305165914,0.00034211426616495257,8.552856654126853e-05,0.0,0.0,False,0.24623690639209908,0.0,True,0.11830311323982204,True,True,True
2696,t29,3,contact,52.25,1.0,1.0,1.0,1.0,1.0,0.9985454853560088,0.0,0.0,none,0.0,0.0,0.13110047846889955,93,0.13110047846889955,0.0,0.0,0.0,0.0,False,0.24031774571796163,0.0,True,0.10403827751196172,True,True,True
2696,t29,4,contact,124.75,1.0,1.0,1.0,1.0,1.0,0.9990424823424997,0.0,0.0,none,0.0,0.0003206412825651804,0.11679358717434864,93,0.11679358717434864,0.0003206412825651804,8.016032064132357e-05,0.0,0.0,False,0.251424043073095,0.0,True,0.08655711422845681,True,True,True
2696,t29,5,contact,152.493,0.9890802631447507,1.0,1.0,0.9883965399881744,0.9570047757355786,0.9823566145078786,0.006498658954837176,0.0,none,0.0,0.009292229807269852,0.7954004446105724,93,0.7954004446105724,0.008977461260516875,0.00031476854675297763,0.010492284891765673,0.0001442689172617193,False,0.4438339787244228,0.03086699061596266,True,0.5476474329969244,True,True,True
2696,t29,6,contact,43.078,0.9502468702779489,0.96286836070431,1.0,0.9457676975999312,0.8797299323811922,0.93334573019418,0.002901713171456428,0.0,none,0.0,0.00826407911230778,2.6292771252147267,93,2.6292771252147267,0.00826407911230778,0.006128418218115878,0.02657969265054095,9.285482148671916e-05,False,0.2803784198218527,0.18907563025210086,True,1.8037884767166523,True,True,True
2696,t29,7,contact,62.284,0.49582977057690675,0.46037846500658003,0.9583472175941353,0.0,0.6000447052772381,0.5347365516821957,0.0018784920685890009,0.0,none,0.0,0.0028899877978292936,1.7038565281613254,93,1.7038565281613254,0.0028899877978292936,0.0007867189005201896,0.006052918887675847,0.0,False,0.2898893478676922,0.507353413396699,True,1.315095369597327,False,True,False
2696,t29,8,contact,27.867,0.9887704471904677,1.0,1.0,0.9979294366520461,0.9459227993002914,0.9833731173085678,0.00010765421466250812,0.0,none,0.0,3.5884738220878535e-05,0.034987619765313734,93,0.034987619765313734,3.5884738220878535e-05,0.0,0.0007894642408583078,0.0,False,0.3339950814063686,0.03477231133598885,True,0.02388488175978748,True,True,True
2696,t29,9,contact,39.43,1.0,1.0,1.0,1.0,1.0,0.9998565840190345,0.0,0.0,none,0.0,0.0,0.16560994166877996,93,0.16560994166877996,0.0,0.0,0.0,0.0,False,0.2243491264548819,0.0,True,0.12234339335531316,True,True,True
2696,t29,10,contact,11.91,1.0,1.0,1.0,1.0,1.0,0.9998516814565236,0.0,0.0,none,0.0,0.0,0.5449202350965574,93,0.5449202350965574,0.0,0.0,0.0,0.0,False,0.17957101631115963,0.0,True,0.3905961376994122,True,True,True
2696,t29,11,contact,40.84,1.0,1.0,1.0,1.0,1.0,0.9998245102658625,0.0,0.0,none,0.0,0.0,0.143486777668952,93,0.143486777668952,0.0,0.0,0.0,0.0,False,0.2227301878439633,0.0,True,0.09529872673849174,True,True,True
2696,t29,12,contact,152.493,0.9890335493513835,1.0,1.0,0.988373249836039,0.9567944969208783,0.9823131647394727,0.006498658954837176,0.0,none,0.0,0.009292229807269852,0.7954004446105724,93,0.7954004446105724,0.008977461260516875,0.00031476854675297763,0.010492284891765673,0.0001442689172617193,False,0.44616043544982636,0.03086699061596266,True,0.5476474329969244,True,True,True
2696,t29,13,contact,40.383,0.9419109702866408,0.9577703633579602,1.0,0.9106807403536286,0.8833333843636549,0.9252165773738273,0.0018076913552732682,0.0,none,0.0,0.003739197186935003,2.694747789911596,93,2.694747789911596,0.003739197186935003,0.0016591139836069674,0.008939405195255533,0.0,False,0.2842657386083531,0.20169378203699573,True,1.824975856177104,True,True,True
2696,t29,14,contact,62.284,0.495135332941114,0.46037846500658003,0.9583472175941353,0.0,0.5965725170982743,0.5336323054277914,0.0018784920685890009,0.0,none,0.0,0.0028899877978292936,1.7038565281613254,93,1.7038565281613254,0.0028899877978292936,0.0007867189005201896,0.006052918887675847,0.0,False,0.28990806085356324,0.507353413396699,True,1.315095369597327,False,True,False
2696,t30,1,spring,1.933,1.0,1.0,1.0,1.0,1.0,0.9994673255401104,0.0,0.0,none,0.0,0.0,0.32074495602690123,93,0.32074495602690123,0.0,0.0,0.0,0.0,False,0.2453989075111125,0.0,True,0.28329022245214686,True,True,True
2696,t30,2,spring,51.03,0.9999985114557992,1.0,1.0,0.9999998260565844,0.9999927312224111,0.9996877413071318,0.0,0.0,none,0.0,0.0,0.400352733686067,93,0.400352733686067,0.0,0.0,0.0,0.0,False,0.2193663357356586,0.00019596315892608289,True,0.27928669410150897,True,True,True
2696,t30,3,spring,48.32,0.9999972738263294,1.0,1.0,0.9999998185552809,0.9999865505763654,0.9995593191093577,0.0,0.0,none,0.0,0.0,0.3207781456953642,93,0.3207781456953642,0.0,0.0,0.0,0.0,False,0.2454244679615447,0.00020695364238421183,True,0.28336092715231775,True,True,True
2696,t30,4,spring,19.33,1.0,1.0,1.0,1.0,1.0,0.9998645374286264,0.0,0.0,none,0.0,0.0,0.8737713398861874,93,0.8737713398861874,0.0,0.0,0.0,0.0,False,0.22764616137536245,0.0,True,0.5762027935851011,True,True,True
2696,t30,5,spring,1.825,1.0,1.0,1.0,1.0,1.0,0.9989501478824658,0.0,0.0,none,0.0,0.0,0.30630136986301365,93,0.30630136986301365,0.0,0.0,0.0,0.0,False,0.21170794141160187,0.0,True,0.21567123287671242,True,True,True
2696,t30,6,spring,53.47,0.999998371725422,1.0,1.0,0.9999997953537106,0.9999920632733986,0.9994714270912319,0.0,0.0,none,0.0,0.0,0.3039087338694595,93,0.3039087338694595,0.0,0.0,0.0,0.0,False,0.19108230069373472,0.00018702075930424557,True,0.22120815410510547,True,True,True
2696,t30,7,spring,45.62,0.9999972859101658,1.0,1.0,0.9999997889056405,0.9999866406451882,0.9991938045587163,0.0,0.0,none,0.0,0.00021920210434015806,0.30688294607628236,93,0.30688294607628236,0.00021920210434015806,0.0,0.0,0.0,False,0.2117339316374198,0.00021920210434023593,True,0.21565103024989027,True,True,True
2696,t30,8,spring,27.31,1.0,1.0,1.0,1.0,1.0,0.9997751339497057,0.0,0.0,none,0.0,0.0,0.4214573416331014,93,0.4214573416331014,0.0,0.0,0.0,0.0,False,0.19425661806237723,0.0,True,0.24335408275357004,True,True,True
2750,t21,1,lin_acc,1.0,1.0,1.0,1.0,1.0,1.0,1.0,0.0,0.1,B.6,0.0,0.0,0.0,93,0.0,0.0,0.0,0.0,0.0,False,0.17676005248803447,0.0,True,0.0,True,True,True
2750,t21,4,lin_acc,1.0,1.0,1.0,1.0,1.0,1.0,1.0,0.0,0.1,B.6,0.0,0.0,0.0,93,0.0,0.0,0.0,0.0,0.0,False,0.17676005248803447,0.0,True,0.0,True,True,True
2750,t21,5,lin_acc,44.678,0.9896254730430925,1.0,1.0,0.9731143849859978,0.9750129802294636,0.960895392911215,0.0,0.1,B.6,0.0,0.0020367966336898246,0.046779175433098986,93,0.046779175433098986,0.0020367966336898246,0.0,0.0,0.0,False,0.1162509805937153,0.04268319978512915,True,0.034307712968351195,True,True,True
2750,t21,6,lin_acc,12.938,0.9729077692449445,0.9996337972831021,1.0,0.9282983512282327,0.9369729004302858,0.938565522429821,0.0,0.1,B.6,0.0,0.0027052094605039528,0.13510588962745396,93,0.13510588962745396,0.0027052094605039528,0.0,0.0,0.0,False,0.0781114560311148,0.07064461276858865,True,0.10200958417066013,True,True,True
2750,t21,7,lin_acc,23.3,0.9866610812422305,0.9998097296059437,1.0,0.9759763951759161,0.9577095518233494,0.9496434813425267,0.003218884120171643,0.1,B.6,0.0,0.03330472103004291,0.8122746781115879,93,0.8122746781115879,0.03330472103004291,0.0,0.006180257510729695,0.0,False,0.12687504737111194,0.07214592274678111,True,0.5701888412017165,True,True,True
2750,t21,8,lin_acc,45.539,0.9916742505225989,1.0,1.0,0.9837030420523981,0.9746682105605957,0.9635024125117717,0.0,0.1,B.6,0.0,0.0018226135839609654,0.06115637146182385,93,0.06115637146182385,0.0018006543841542575,2.1959199806707862e-05,0.0,0.0,False,0.1188393212775209,0.04743187158259953,True,0.04666329958936281,True,True,True
2750,t21,9,lin_acc,68.385,0.9398084680576045,0.9803631730642758,1.0,0.8859646870283715,0.8523513071310993,0.919845458652064,0.0,0.1,B.6,0.0,0.0003802003363312197,0.42804708634934546,93,0.42804708634934546,0.0003802003363312197,1.4623089858957005e-05,0.0,0.0,False,0.11800394819566705,0.41760620019010014,True,0.3548672954595306,True,True,True
2750,t21,10,lin_acc,20.834,0.9060193577317943,0.977376923185387,1.0,0.7930758101144123,0.7822671321737846,0.8628058215732063,0.00019199385619666584,0.1,B.6,0.0,0.4662570797734472,2.9938561966017088,93,2.9938561966017088,0.4293462609196506,0.0369108188537966,0.31885379667850633,0.0,False,0.10058455247362834,0.43477008735720446,True,2.327992704233462,True,True,True
2750,t21,11,lin_acc,134.106,0.9266133460656951,0.9804819781233209,1.0,0.8731877627970456,0.7989150112847881,0.8952078724058206,0.0002759011528194573,0.1,B.6,0.0,0.018686710512579603,0.3358760980120204,93,0.3358760980120204,0.018686710512579603,7.456787914031367e-05,0.002542764678686858,0.0,False,0.0918460349808254,0.3875441814683907,True,0.20097683921673903,True,True,True
2750,t21,12,lin_acc,141.585,0.9481008130845407,0.9899427960114447,1.0,0.9181725683198723,0.842445905079942,0.9125892153903107,0.0002613271179857057,0.1,B.6,0.0,0.01608221209873918,0.27951407281844837,93,0.27951407281844837,0.01608221209873918,2.11886852421819e-05,0.002323692481548241,0.0,False,0.09633004116972727,0.2746406752127697,True,0.17578980824239868,True,True,True
2750,t22,1,lin_vel,264.0,1.0,1.0,1.0,1.0,1.0,1.0,0.0,0.01,B.6,0.0,0.0,0.0,93,0.0,0.0,0.0,0.0,0.0,False,0.4185977913989081,0.0,True,0.0,True,True,True
2750,t22,4,lin_vel,264.0,1.0,1.0,1.0,1.0,1.0,1.0,0.0,0.01,B.6,0.0,0.0,0.0,93,0.0,0.0,0.0,0.0,0.0,False,0.3064874643833534,0.0,True,0.0,True,True,True
2750,t22,5,lin_vel,325.429,0.9970158929669993,1.0,1.0,0.9974483796735737,0.9876310851614224,0.9885931633381246,0.0,0.01,B.6,0.0,0.0020096549477766163,0.07125671037307667,93,0.07125671037307667,0.0020096549477766163,3.6874402711499144e-05,0.0,0.0,False,0.21147810949766296,0.010410873032212881,True,0.050519775434887546,True,True,True
2750,t22,6,lin_vel,23.67,0.9689839795419455,0.9776025011897168,1.0,0.9455301631470975,0.9441847321831955,0.9446971603327088,0.0,0.01,B.6,0.0,0.0029573299535275337,1.2932826362484156,93,1.2932826362484156,0.0028728348119982186,8.449514152931523e-05,0.0,0.0,False,0.2667926280214482,0.17731305449936627,True,0.36191803971271597,True,True,True
2750,t22,7,lin_vel,123.276,0.9953388847444179,1.0,1.0,0.9932423977402681,0.9834520259818209,0.988249699556483,2.4335637106980382e-05,0.01,B.6,0.0,0.0012086699763133207,0.16816736428826382,93,0.16816736428826382,0.0012086699763133207,4.055939517837749e-05,3.244751614267894e-05,0.0,False,0.44012190370931287,0.0413868068399364,True,0.09099905902203179,True,True,True
2750,t22,8,lin_vel,326.397,0.9973614525077868,1.0,1.0,0.9986781533211694,0.9881291092177641,0.9883484684926015,0.0,0.01,B.6,0.0,0.0021446275547875398,0.07039893136272701,93,0.07039893136272701,0.0021446275547875398,3.9828797445983906e-05,0.0,0.0,False,0.21773958347538797,0.01249398738346248,True,0.049633421875813794,True,True,True
2750,t23,1,lin_disp,98.337,1.0,1.0,1.0,1.0,1.0,1.0,0.0,0.0,none,0.0,0.0,0.0004271027182035997,93,0.0004271027182035997,0.0,0.0,0.0,0.0,False,0.30280534059612135,0.0,True,0.00034981746443343685,True,True,True
2750,t23,4,lin_disp,98.337,1.0,1.0,1.0,1.0,1.0,1.0,0.0,0.0,none,0.0,0.0,0.0004271027182035997,93,0.0004271027182035997,0.0,0.0,0.0,0.0,False,0.3003547419923707,0.0,True,0.00034981746443343685,True,True,True
2750,t23,5,lin_disp,224.207,0.9997348939011248,1.0,1.0,0.9998074986901854,0.9988669708154382,0.9980794096410374,0.001966932343771615,0.0,none,0.0,0.005445860298741804,0.08175926710584423,93,0.08175926710584423,0.005361117181889942,8.474311685186216e-05,0.0026091959662276733,0.0,False,0.2979193227929672,0.001966932343771615,True,0.06393734361549812,True,True,True
2750,t23,6,lin_disp,2.204,0.9891892316745058,0.9996365438782734,1.0,0.991118957355281,0.9555541132607016,0.9736018704827201,0.01996370235934666,0.0,none,0.0,0.0163339382940109,4.431488203266787,93,4.431488203266787,0.0163339382940109,0.0009074410163338383,0.05444646098003634,0.0,False,0.20772218001512371,0.05399274047186932,True,2.1861161524500887,True,True,True
2750,t23,7,lin_disp,35.028,0.9979495506808018,1.0,1.0,0.9977214888402076,0.9920262645638014,0.9958867798576392,0.0,0.0,none,0.0,2.8548589699805153e-05,0.007308438963115229,93,0.007308438963115229,2.8548589699805153e-05,0.0,0.0,0.0,False,0.2921638135569276,0.01815690304898941,True,0.004796163069544343,True,True,True
2750,t23,8,lin_disp,224.476,0.9997133172707505,1.0,1.0,0.9998141250788253,0.998752461274927,0.9980840969383878,0.0018309307008321663,0.0,none,0.0,0.0053591475257934165,0.08093961047060702,93,0.08093961047060702,0.0052745059605481094,8.464156524530666e-05,0.0023922379229851126,0.0,False,0.2675791627101857,0.0018309307008321663,True,0.06239776189882214,True,True,True
2750,t24,1,ang_disp,180.0,0.9988185499625283,1.0,1.0,0.997362992897768,0.9967297569148731,0.9856889497264071,0.0,0.0,none,0.0,0.0,0.0,93,0.0,0.0,0.0,0.0,0.0,False,0.5606023888218855,0.009044444444444445,True,0.0,True,True,True
2750,t24,2,ang_disp,111.665,0.9982843610325945,1.0,1.0,0.9961377385745169,0.9952840665884553,0.9895037541575396,0.0009582232570635322,0.0,none,0.0,0.0015582322124211398,0.2313974835445305,93,0.2313974835445305,0.001226883983343039,0.0003313482290781009,0.0005910535978147878,0.0,False,0.2398798644706183,0.0066717413692741765,True,0.14941297631307932,True,True,True
2750,t24,3,ang_disp,179.71,0.9882209931512855,0.999000999000999,0.995004995004995,0.9968366949271381,0.9512612778222963,0.9903614655672013,9.459685048130825e-05,0.0,none,0.0,0.0012520171387234672,0.010583718212675904,93,0.010583718212675904,0.0005230649379555622,0.0012520171387234672,0.00138000111290407,0.0,False,0.37454202417912386,1.9999054031495187,True,0.007314005898391888,True,True,True
2750,t24,4,ang_disp,180.0,0.9980947531838253,1.0,1.0,0.9987565983479055,0.9917171675712207,0.9898230108093375,0.0,0.0,none,0.0,0.0,0.0,93,0.0,0.0,0.0,0.0,0.0,False,0.10837371729091948,0.008838888888888856,True,0.0,True,True,True
2750,t25,1,joint,7.449,0.9851441522696716,0.9999742104835878,1.0,0.955430939770318,0.970341400610864,0.953444840993673,0.004430124848973065,0.0,none,0.0,0.02228487045240965,0.5949791918378307,93,0.5949791918378307,0.021882131829775723,0.00040273862263392584,0.0055040945093301616,0.0,False,0.10853843775257443,0.05584642233856893,True,0.4510941065914885,True,True,True
2750,t25,2,joint,2.225,0.975861619482978,0.9947950501651635,1.0,0.9571599912157711,0.9325580058687917,0.939472451882005,0.0026966292134832483,0.0,none,0.0,0.009438202247191168,0.8408988764044942,93,0.8408988764044942,0.009438202247191168,0.0,0.0022471910112361066,0.0,False,0.20565865241531806,0.13977528089887642,True,0.5341123595505616,True,True,True
2750,t25,3,joint,9.161,0.9819983233571512,0.9993975733681858,1.0,0.9576315217351251,0.9535649483142596,0.9369132216739819,0.0006549503329331107,0.0,none,0.0,0.01069752210457382,0.666411963759415,93,0.666411963759415,0.0105883637157517,0.0001091583888221205,0.001964850998799138,0.0,False,0.10980920621245908,0.09103809627769893,True,0.403056434887021,True,True,True
2750,t25,4,joint,17.7,0.9806354888949605,0.9952801586431769,1.0,0.982226522494744,0.9303906046937047,0.9581998401408884,0.07344632768361586,0.0,none,0.0,0.01694915254237272,1.0259887005649717,93,1.0259887005649717,0.01694915254237272,0.0,0.1073446327683617,0.0,False,0.21050491150130338,0.09604519774011305,True,0.7943502824858757,True,True,True
2750,t25,5,joint,26.7,0.9905457421158397,0.9999505237152934,1.0,0.9862632131141122,0.9665644500344994,0.9702191911821773,0.0037453183520599785,0.0,none,0.0,0.02621722846441945,0.44569288389513106,93,0.44569288389513106,0.02621722846441945,0.0037453183520599785,0.0037453183520598453,0.0,False,0.1030256970051511,0.05880149812734083,True,0.29288389513108604,True,True,True
2750,t25,6,joint,4.61,0.9745469823958671,0.9848612446257542,1.0,0.9657329961583933,0.937279426569434,0.9571433913840455,0.006507592190889232,0.0,none,0.0,0.015184381778741733,1.0065075921908895,93,1.0065075921908895,0.015184381778741733,0.0,0.004338394793926155,0.0,False,0.29534349769365514,0.17136659436008678,True,0.7062906724511929,True,True,True
2750,t26,1,joint,7.596,0.9867344747143462,1.0,1.0,0.9592768448819404,0.97439552868979,0.9564007488820123,0.0002632964718272485,0.0,none,0.0,0.016456029489204844,1.1353343865192205,93,1.1353343865192205,0.01619273301737748,0.0002632964718273654,0.004476040021063692,0.0,False,0.13044945861858484,0.041469194312796144,True,0.7178251711427065,True,True,True
2750,t26,2,joint,2.28,0.9731906015427367,0.9950968848834859,1.0,0.9433083672435436,0.9324508707031676,0.9400325725786833,0.0,0.0,none,0.0,0.003508771929824565,1.0100877192982458,93,1.0100877192982458,0.003508771929824565,0.0,0.0,0.0,False,0.2034636743951139,0.16052631578947366,True,0.6908771929824559,True,True,True
2750,t26,3,joint,8.203,0.9778276541718097,0.9976155327438374,1.0,0.9514662093272925,0.9424409960440817,0.9309557716585039,0.00024381323905874579,0.0,none,0.0,0.011215408996708587,0.46019748872363764,93,0.46019748872363764,0.011215408996708587,0.0012190661952943785,0.001340972814823968,0.0,False,0.11521125102856179,0.14714128977203464,True,0.30408387175423623,True,True,True
2750,t26,4,joint,19.3,0.9850126292963404,0.9977797209758694,1.0,0.9859134255578325,0.9435902789721308,0.9626501289518119,0.05181347150259067,0.0,none,0.0,0.041450777202072575,0.8212435233160622,93,0.8212435233160622,0.036269430051813434,0.00518134715025914,0.07772020725388601,0.0,False,0.2141893561281876,0.08808290155440429,True,0.6864248704663213,True,True,True
2750,t26,5,joint,13.5,0.9876751858712881,0.9984348947129011,1.0,0.9747275226952221,0.9667786172354158,0.9638270506991683,0.007407407407407381,0.0,none,0.0,0.007407407407407381,1.6681481481481484,93,1.6681481481481484,0.007407407407407381,0.0,0.014814814814814762,0.0,False,0.1606473361846934,0.08074074074074077,True,1.4367407407407402,True,True,True
2750,t26,6,joint,5.95,0.9744805550779956,0.9915462830360554,1.0,0.9684562060917639,0.9208540032261028,0.95616899326793,0.0,0.0,none,0.0,0.010084033613445462,1.127731092436975,93,1.127731092436975,0.010084033613445462,0.0,0.0016806722689075271,0.0,False,0.22333878330078663,0.20336134453781504,True,0.8547899159663865,True,True,True
2750,t27,1,joint,5.593,0.9776964418366719,0.9986625357163954,1.0,0.9522756085422955,0.9388815292082728,0.9418975761986741,0.0,0.0,none,0.0,0.0005363847666726468,0.40944037189343824,93,0.40944037189343824,0.0005363847666726468,0.00017879492222426855,0.0,0.0,False,0.10051773213833885,0.09672805292329696,True,0.3375290541748615,True,True,True
2750,t27,2,joint,2.822,0.8908956171185185,0.9710628235220622,0.995004995004995,0.8523396745477667,0.6650077689957062,0.8673434088133345,0.002834868887313964,0.0,none,0.0,0.05209071580439397,0.8975903614457831,93,0.8975903614457831,0.04677533664068041,0.005315379163713565,0.017717930545712354,0.0,False,0.08675588968053684,0.523033309709426,True,0.647413182140326,True,True,True
2750,t27,3,joint,14.158,0.9717627651566976,0.9970767268426138,1.0,0.9577710731334339,0.9068892989648262,0.9291096655598032,0.00324904647549097,0.0,none,0.0,0.008405141969204675,0.3077412063850826,93,0.3077412063850826,0.008405141969204675,0.0007063144511936564,0.004025992371803955,0.0,False,0.08971483049929846,0.19296510806611103,True,0.23713801384376315,True,True,True
2750,t27,4,joint,17.1,0.951531743020883,0.9929009310088389,0.985014985014985,0.9694656205976223,0.8173762474741294,0.9625777358314392,0.04093567251461984,0.0,none,0.0,0.07017543859649118,1.3467836257309942,93,1.3467836257309942,0.07017543859649118,0.0,0.05263157894736854,0.0,False,0.19620489239146577,0.3040935672514619,True,1.0204678362573092,True,True,True
2750,t27,5,joint,25.1,0.981376797464509,0.9987856572234598,1.0,0.956132461374692,0.9531802115009336,0.9700155508605285,0.0,0.0,none,0.0,0.003984063745019977,0.4342629482071714,93,0.4342629482071714,0.003984063745019977,0.0,0.0,0.0,False,0.09777664804689007,0.08446215139442231,True,0.34262948207171307,True,True,True
2750,t27,6,joint,6.34,0.9488069725855119,0.9904385074038802,0.985014985014985,0.9585377204668942,0.8196051426379203,0.9376816804548981,0.034700315457413214,0.0,none,0.0,0.11987381703470028,0.9763406940063091,93,0.9763406940063091,0.11987381703470028,0.0,0.07886435331230283,0.0,False,0.14816866856072347,0.2839116719242902,True,0.6154574132492112,True,True,True
2750,t28,1,joint,6.169,0.9714156276266245,0.9955594877049638,1.0,0.9547400611620795,0.9112191015611155,0.9309346240767306,0.0,0.0,none,0.0,0.0019452099205705248,0.532987518236343,93,0.532987518236343,0.0019452099205705248,0.0,0.0,0.0,False,0.10128738687186763,0.18317393418706435,True,0.43355487112984276,True,True,True
2750,t28,2,joint,1.987,0.9337329790367843,0.9808242151541033,0.995004995004995,0.945746478066659,0.7662649918040607,0.9322056594873549,0.03220936084549575,0.0,none,0.0,0.13688978359335693,1.1409159536990436,93,1.1409159536990436,0.13688978359335693,0.0005032712632109269,0.0694514343231002,0.0,False,0.1878032971286256,0.3512833417211878,True,0.8100654252642169,True,True,True
2750,t28,3,joint,14.483,0.9645430557935546,0.9944274084546575,1.0,0.9534899934383202,0.8803704686201376,0.9241131854353977,0.001380929365462927,0.0,none,0.0,0.0037975557550231106,0.33535869640267907,93,0.33535869640267907,0.0037975557550231106,0.0007595111510045731,0.0019333011116481715,0.0,False,0.08291932325539203,0.2071394048194435,True,0.21824207691776554,True,True,True
2750,t28,4,joint,6.3,0.9304452809771081,0.9881805561657749,0.985014985014985,0.9609405031845523,0.7299098043544526,0.9414209847198473,0.07619047619047627,0.0,none,0.0,0.004761904761904801,2.428571428571429,93,2.428571428571429,0.003174603174603248,0.004761904761904801,0.09365079365079364,0.0,False,0.19846300499118413,0.3015873015873016,True,1.8698412698412692,True,True,True
2750,t28,5,joint,10.3,0.9734365400189996,0.993492102681156,1.0,0.9760992612926416,0.9040992334400442,0.9640381518838562,0.0,0.0,none,0.0,0.009708737864077634,0.7883495145631069,93,0.7883495145631069,0.009708737864077634,0.0,0.0,0.0,False,0.16913677417028358,0.18932038834951453,True,0.6174757281553398,True,True,True
2750,t28,6,joint,4.96,0.9354840190331155,0.9878686927333628,0.985014985014985,0.9251525439654233,0.7915151807184435,0.9308686419536462,0.0604838709677419,0.0,none,0.0,0.12903225806451607,1.1671370967741934,93,1.1671370967741934,0.12903225806451607,0.0,0.11290322580645172,0.0,False,0.11615792212830627,0.4274193548387097,True,0.8133064516129028,True,True,True
2750,t29,1,joint,6.373,0.9959102135132136,1.0,1.0,0.989901192891957,0.9896498746741105,0.9818713506723875,0.0,0.0,none,0.0,0.00031382394476695116,0.023536795857523985,93,0.023536795857523985,0.00031382394476695116,0.0,0.0,0.0,False,0.09699646915326401,0.005962654950572729,True,0.01587949160520954,True,True,True
2750,t29,3,joint,1.263,0.9936791108380321,1.0,1.0,0.9827810650887574,0.9856144891014026,0.9381631738390613,0.0007917656373714267,0.0,none,0.0,0.02296120348376874,0.6365795724465559,93,0.6365795724465559,0.02296120348376874,0.0,0.0015835312747426776,0.0,False,0.17477762694572566,0.037212984956452894,True,0.41884402216943784,True,True,True
2750,t29,4,joint,10.6,0.9907058892313959,1.0,1.0,0.9751232637560395,0.9784061824009392,0.9593644865350365,0.0,0.0,none,0.0,0.00943396226415091,0.7424528301886792,93,0.7424528301886792,0.00943396226415091,0.0,0.00943396226415091,0.0,False,0.15791007638799215,0.0359433962264151,True,0.4422641509433961,True,True,True
2750,t29,5,joint,37.4,0.9955346929101813,1.0,1.0,0.9889895742885515,0.9886838902623544,0.9762665554090549,0.0,0.0,none,0.0,0.0,0.08556149732620329,93,0.08556149732620329,0.0,0.0,0.0,0.0,False,0.11285709668482989,0.007326203208556149,True,0.07486631016042773,True,True,True
2750,t29,6,joint,10.1,0.9900173706802147,1.0,1.0,0.9773063618222142,0.9727804915788582,0.9636434499058127,0.0,0.0,none,0.0,0.0,0.4267326732673268,93,0.4267326732673268,0.0,0.0,0.0,0.0,False,0.11675540606756066,0.0306930693069307,True,0.15643564356435627,True,True,True
2750,t30,1,joint,2.763,0.991781262659283,0.999820165289998,1.0,0.9857241913774116,0.9735417913390073,0.9737407406798881,0.0,0.0,none,0.0,0.0036192544335866043,0.15381831342743404,93,0.15381831342743404,0.003257328990227976,0.00036192544335862827,0.0,0.0,False,0.11945294221384861,0.08939558450959102,True,0.12059355772710828,True,True,True
2750,t30,4,joint,5.19,0.9844345882637955,0.9950235617421784,1.0,0.9827094284361804,0.9494163893984399,0.9394878807684746,0.0038535645472062546,0.0,none,0.0,0.015414258188824675,1.468208092485549,93,1.468208092485549,0.015414258188824675,0.0,0.0038535645472062546,0.0,False,0.20349934571175662,0.5938342967244701,True,0.95799614643545,True,True,True
2750,t30,5,joint,23.0,0.9923171518059589,0.9999114032520258,1.0,0.9852990616061879,0.976463890919555,0.9711965216146108,0.0,0.0,none,0.0,0.0,0.10434782608695646,93,0.10434782608695646,0.0,0.0,0.0,0.0,False,0.11837394492958536,0.07041739130434782,True,0.0669565217391304,True,True,True
2750,t30,6,joint,4.57,0.9893191922168627,0.9960016146700944,1.0,0.9867708044205161,0.9678219273236088,0.9616032600586945,0.0021881838074399723,0.0,none,0.0,0.00437636761487975,0.7089715536105032,93,0.7089715536105032,0.00437636761487975,0.0,0.0021881838074399723,0.0,False,0.25876136651996556,0.4786433260393873,True,0.4310722100656452,True,True,True
2750,t31,1,contact,69.924,0.998419321452665,1.0,1.0,0.9988424033297532,0.993254203933571,0.9962160849533535,0.0030461644070704456,0.0,none,0.0,0.0015874377896001972,0.36831416966992736,93,0.36831416966992736,0.0015874377896001972,4.2903724043248573e-05,0.007307934328699872,0.0,False,0.25525138472377856,0.005706195297751858,True,0.2832217836508208,True,True,True
2819,t21,1,lin_acc,1.227,1.0,1.0,1.0,1.0,1.0,0.9563084301898759,0.0,0.1,B.6,0.0,0.030154849225753805,0.02200488997555023,93,0.030154849225753805,0.026079869600651836,0.004074979625101968,0.0,0.0,False,0.1699742064901594,0.0,True,0.016625916870415626,True,True,True
2819,t21,2,lin_acc,1.901,1.0,1.0,1.0,1.0,1.0,0.9903766892572426,0.0,0.1,B.6,0.0,0.005786428195686428,0.042609153077327704,93,0.042609153077327704,0.004208311415044717,0.0015781167806417104,0.0,0.0,False,0.1775840066278304,0.0,True,0.02745923198316665,True,True,True
2819,t21,4,lin_acc,2.263,1.0,1.0,1.0,1.0,1.0,0.9859478557757299,0.0,0.1,B.6,0.0,0.012814847547503278,0.03093239063190468,93,0.03093239063190468,0.010605391073795855,0.0022094564737074208,0.0,0.0,False,0.1604809863006379,0.0,True,0.018294299602297785,True,True,True
2819,t21,5,lin_acc,1.89,0.9999946528795088,1.0,1.0,0.9999931229648275,0.9999801414327162,0.8053399514265642,0.0,0.1,B.6,0.0,0.03650793650793648,0.19523809523809524,93,0.19523809523809524,0.010052910052910004,0.03650793650793648,0.0,0.0005291005291005883,False,0.17661321894382664,0.0005291005291005296,True,0.11238095238095246,True,True,True
2819,t21,8,lin_acc,1.977,0.9999854539440414,1.0,1.0,0.9999835371299456,0.9999437325902606,0.8287226313796789,0.0,0.1,B.6,0.0,0.04248861911987853,0.2124430955993931,93,0.2124430955993931,0.004046535154274156,0.03844208396560437,0.0,0.0,False,0.166743749205989,0.0005058168942842695,True,0.12099140111279698,True,True,True
2819,t21,9,lin_acc,2.116,0.9999789177472427,1.0,1.0,0.999955901345009,0.9999386873912043,0.778980651922911,0.0,0.1,B.6,0.0,0.10822306238185259,0.1838374291115312,93,0.1838374291115312,0.051984877126654006,0.05623818525519859,0.0,0.0,False,0.15818676564038714,0.0004725897920604919,True,0.12315689981096405,True,True,True
2819,t21,12,lin_acc,2.214,0.999994440506534,1.0,1.0,0.9999927059741719,0.9999794965584974,0.8207503253334074,0.0,0.1,B.6,0.0,0.13911472448057807,0.19421860885275527,93,0.19421860885275527,0.06820234869015368,0.07091237579042438,0.0,0.0,False,0.14928931312638657,0.00045167118337850087,True,0.13125564588979222,True,True,True
2819,t22,1,lin_vel,51.928,0.999982009039278,1.0,1.0,0.9999987326777523,0.9999113125186372,0.9865291267685872,0.0,0.01,B.6,0.0,0.024938376213218198,0.15760283469419192,93,0.15760283469419192,0.018101987367123668,0.006836388846094533,0.0,1.925743336923566e-05,False,0.3027123029855457,1.9257433369372494e-05,True,0.09573640425204134,True,True,True
2819,t22,2,lin_vel,48.803,0.9999966588782978,1.0,1.0,0.9999992055474578,0.9999840888440308,0.9936687559332795,0.0,0.01,B.6,2.049054361407433e-05,0.0012089420732331517,0.1951519373808986,93,0.1951519373808986,0.00036882978505421146,0.0008401122881789402,0.0,0.0,False,0.20277529932792296,2.0490543614147124e-05,True,0.12672171792717654,True,True,True
2819,t22,3,lin_vel,2.897,0.9999952960062425,1.0,1.0,0.9999968967341748,0.999979583297037,0.9165881901476653,0.0,0.01,B.6,0.0,0.10976872626855355,0.24439074905074223,93,0.24439074905074223,0.08077321366931309,0.028995512599240467,0.0,0.0,False,0.43104504305319047,0.00034518467380048357,True,0.16596479116327217,True,True,True
2819,t22,4,lin_vel,61.514,0.9999839256363846,1.0,1.0,0.9999987502617448,0.9999208779201778,0.9863884626571915,0.0,0.01,B.6,0.0,0.006535097701336297,0.1700751048541796,93,0.1700751048541796,0.0037064733231459753,0.002828624378190322,0.0,1.62564619435847e-05,False,0.2647476877619075,1.6256461943700212e-05,True,0.09453132620216533,True,True,True
2819,t22,5,lin_vel,55.658,0.9999870916582597,1.0,1.0,0.9999984122773241,0.999937046013974,0.9262249794693569,0.0,0.01,B.6,0.0,0.006396205397247505,0.15480254410866362,93,0.15480254410866362,0.006396205397247505,0.0022817923748608008,0.0,1.7966869093349913e-05,False,0.31460686033914453,1.7966869093477574e-05,True,0.10232491286068489,True,True,True
2819,t22,6,lin_vel,19.449,0.9999894924423711,1.0,1.0,0.9999978559160683,0.999949606295787,0.9278206236052986,0.0,0.01,B.6,0.0,0.0455036248650317,0.2128644146228598,93,0.2128644146228598,0.0455036248650317,0.004267571597511358,0.0,0.00015424957581367234,False,0.31665617526856893,5.1416525271285e-05,True,0.12269011260219027,True,True,True
2819,t22,7,lin_vel,18.908,0.9999936261396823,1.0,1.0,0.9999943721590709,0.9999737585393403,0.8825902874013428,0.0,0.01,B.6,0.0,0.22419081870107893,0.1719378041040828,93,0.22419081870107893,0.18960228474719698,0.03458853395388195,0.0,0.0,False,0.24123560677258454,5.2887666596167435e-05,True,0.12458218743389035,True,True,True
2819,t22,8,lin_vel,58.173,0.9999860659374076,1.0,1.0,0.9999984624710484,0.9999318672159888,0.9262865307474037,0.0,0.01,B.6,0.0,0.00524298213948051,0.16132913894762183,93,0.16132913894762183,0.00206281264504147,0.00318016949443904,0.0,3.438021075073392e-05,False,0.24511273239260367,1.719010537542803e-05,True,0.11745655200866378,True,True,True
2819,t22,9,lin_vel,57.431,0.9999914949571852,1.0,1.0,0.9999988506204439,0.9999586241654815,0.9033321196869109,1.741219898669316e-05,0.01,B.6,1.741219898656944e-05,0.010499555988925744,0.1461231738956312,93,0.1461231738956312,0.006442513625045663,0.004057042363880082,0.0,3.48243979732626e-05,False,0.2719289890560413,1.741219898669316e-05,True,0.09453779317790047,True,True,True
2819,t22,10,lin_vel,22.815,0.999993405670708,1.0,1.0,0.9999981143089621,0.9999689140445779,0.864417070809754,0.0,0.01,B.6,0.0,0.07516984440061363,0.15275038351961426,93,0.15275038351961426,0.05925925925925927,0.01591058514135435,0.0,0.00013149243918475186,False,0.3168046044776709,4.383081306163586e-05,True,0.09621740083278543,True,True,True
2819,t22,11,lin_vel,20.045,0.999994886852848,1.0,1.0,0.9999953138794767,0.9999791203847624,0.8897587690649144,0.0,0.01,B.6,0.0,0.19580942878523325,0.19022200049887764,93,0.19580942878523325,0.18089299077076582,0.014916438014467421,0.0,0.0003492142678973035,False,0.2386655783880169,4.9887752556763974e-05,True,0.1456023946121226,True,True,True
2819,t22,12,lin_vel,59.406,0.9999905461940144,1.0,1.0,0.9999986068956659,0.9999541240744061,0.921148199872144,0.0,0.01,B.6,1.6833316499977603e-05,0.016883816449516885,0.16043833956166043,93,0.16043833956166043,0.011143655523011128,0.005740160926505759,0.0,1.6833316499977603e-05,False,0.2344244958236632,1.683331650009721e-05,True,0.11388411944921388,True,True,True
2819,t23,1,lin_disp,80.575,0.9999945039280119,1.0,1.0,0.9999994023457333,0.999973117294326,0.9953806484124387,0.0,0.0,none,1.2410797393615438e-05,0.02832143965249763,0.15400558485882707,93,0.15400558485882707,0.020887372013651963,0.0074340676388456655,0.0,2.4821594787583615e-05,False,0.3229924630666749,1.2410797393791807e-05,True,0.09498231461371391,True,True,True
2819,t23,2,lin_disp,33.439,0.99999424364673,1.0,1.0,0.9999994090115883,0.9999718092220611,0.996697098337028,0.0,0.0,none,0.0,0.028679087293280395,0.3076647028918329,93,0.3076647028918329,0.021202787164688035,0.007476300128592362,0.0,0.0,False,0.29865267245765825,2.9905200514406e-05,True,0.18455097341427681,True,True,True
2819,t23,3,lin_disp,22.2,1.0,1.0,1.0,1.0,1.0,0.9782041614519754,0.0,0.0,none,0.0,0.0,0.004504504504504569,93,0.004504504504504569,0.0,0.0,0.0,0.0,False,0.00758848404281637,0.0,True,0.004162162162162064,True,True,True
2819,t23,4,lin_disp,89.869,0.9999934679752049,1.0,1.0,0.9999995779380851,0.9999677619379386,0.9927886467286624,0.0,0.0,none,0.0,0.026694410753430004,0.1620581067998977,93,0.1620581067998977,0.019695334319954558,0.006999076433475446,0.0,1.1127307525293081e-05,False,0.24499537631376944,1.112730752545121e-05,True,0.09703012162147125,True,True,True
2819,t24,3,ang_acc,1.475,1.0,1.0,1.0,1.0,1.0,0.9915784365472473,0.0,0.1,B.6,0.0,0.00813559322033899,0.07118644067796609,93,0.07118644067796609,0.006101694915254167,0.0020338983050848226,0.0,0.0,False,0.1718561341161991,0.0,True,0.0549152542372881,True,True,True
2819,t24,4,ang_acc,1.62,1.0,1.0,1.0,1.0,1.0,0.9846926289706952,0.0,0.1,B.6,0.0,0.005555555555555492,0.07098765432098765,93,0.07098765432098765,0.004320987654320923,0.001234567901234569,0.0,0.0,False,0.17288016343364826,0.0,True,0.05419753086419745,True,True,True
2819,t24,5,ang_acc,2.639,0.9999869517299652,1.0,1.0,0.9999699388556323,0.999964819794193,0.6894846854928266,0.0,0.1,B.6,0.0003789314134139621,0.9105721864342555,0.5513452065176204,93,0.9105721864342555,0.37931034482758635,0.5312618416066691,0.0,0.0011367942402425594,False,0.28144671248473463,0.0003789314134142145,True,0.318075028419856,True,True,True
2819,t24,6,ang_acc,8.153,0.9999910804705331,1.0,1.0,0.9999783996673549,0.9999770026853099,0.7614418980051894,0.0,0.1,B.6,0.0,0.26873543480927253,0.3506684655954863,93,0.3506684655954863,0.22421194652275228,0.04452348828652024,0.0,0.00024530847540768936,False,0.19691017555714452,0.00024530847540782554,True,0.19202747454924576,True,True,True
2819,t24,7,ang_acc,4.494,0.9999821496656147,1.0,1.0,0.9999577847550196,0.9999529635730533,0.6815707284587681,0.0,0.1,B.6,0.0,0.6486426346239431,0.6433021806853583,93,0.6486426346239431,0.4748553627058301,0.17378727191811297,0.0,0.00044503782821534934,False,0.19695244837414122,0.00022251891410772406,True,0.4747218513573654,True,True,True
2819,t24,8,ang_acc,9.422,0.9999891466278993,1.0,1.0,0.9999825676642057,0.99996316547529,0.7501068741393142,0.0,0.1,B.6,0.00010613457864566395,0.23508809170027592,0.41328804924644447,93,0.41328804924644447,0.13829335597537668,0.09679473572489926,0.0,0.00021226915729151644,False,0.16281233624158348,0.00010613457864575822,True,0.2937380598599023,True,True,True
2819,t26,1,ang_disp,16.033,0.9999915461818009,1.0,1.0,0.9999993019951654,0.9999584289138386,0.9978328505749945,0.0,0.0,none,6.237135907199039e-05,0.018898521798790046,0.23857044845007166,93,0.23857044845007166,0.013971184432108898,0.004927337366681148,0.0,0.0,False,0.30719791258240725,6.237135907199039e-05,True,0.14341670304995946,True,True,True
2819,t26,3,ang_disp,3.319,0.9999978560970018,1.0,1.0,0.9999988039135947,0.9999904765714134,0.9950020737325406,0.0,0.0,none,0.0,0.014462187405845147,0.1946369388369992,93,0.1946369388369992,0.009340162699608358,0.00512202470623679,0.0,0.0,False,0.3698784108161643,0.0003012955709550738,True,0.1444410967158783,True,True,True
2819,t26,4,ang_disp,16.034,0.999995774979284,1.0,1.0,0.9999996609661899,0.99997921393023,0.996217833315324,0.0,0.0,none,0.0,0.018897343145815086,0.23843083447673696,93,0.23843083447673696,0.013970313084694926,0.004927030061120159,0.0,0.0,False,0.3003844679364048,6.2367469128179e-05,True,0.1433578645378571,True,True,True
2819,t27,5,joint,1.46,0.999991821160984,1.0,1.0,0.9999993032778766,0.9999598025270429,0.6958249391317655,0.0,0.0,none,0.0,0.04109589041095894,0.04109589041095894,93,0.04109589041095894,0.02739726027397263,0.013698630136986314,0.0,0.0,False,0.35007315648234566,0.0006849315068493157,True,0.034246575342465786,True,True,True
2819,t33,1,contact,11.391,1.0,1.0,1.0,1.0,1.0,0.9555343236483733,0.0,0.0,none,0.0,0.007374242823281506,0.024054077780703988,93,0.024054077780703988,0.007374242823281506,0.0037749100166797702,0.0,0.0,False,0.1336117200485516,0.0,True,0.01801422175401645,True,True,True
2819,t33,8,contact,13.625,0.9999750848627815,1.0,1.0,0.9999997043571948,0.9998757199567118,0.8023483321284774,0.0,0.0,none,0.0,0.09438532110091741,0.09768807339449538,93,0.09768807339449538,0.05387155963302752,0.04051376146788988,0.0,7.339449541280336e-05,False,0.09062652212014496,7.339449541293374e-05,True,0.06651009174311927,True,True,True
2819,t34,6,belt,202.61,0.9999788975206325,1.0,1.0,0.9999544475645916,0.9999400400385702,0.6596134031690682,0.0,0.0,none,0.0002961354326045092,0.9616504614777157,0.4876363456887617,93,0.9616504614777157,0.7014954839346529,0.260154977543063,0.0,0.0008390503923794565,False,0.21933567545045865,0.0002467795271704251,True,0.1669315433591625,True,True,True
2819,t35,1,spring,5.222,1.0,1.0,1.0,1.0,1.0,0.9975833971268366,0.0,0.0,none,0.0,0.0036384527001149226,0.03236307927996945,93,0.03236307927996945,0.002489467636920871,0.001148985063194052,0.0,0.0,False,0.14430688548402346,0.0,True,0.022175411719647497,True,True,True
2819,t35,2,spring,1297.66,0.9999992391023049,1.0,1.0,0.9999999072556464,0.9999962882558778,0.9968733655696929,0.0,0.0,none,0.0,0.0041150994867686025,0.03671994204953539,93,0.03671994204953539,0.002828167624801622,0.0012869318619669811,0.0,0.0,False,0.1535733908840237,7.706178814341413e-06,True,0.02515142641369844,True,True,True
2819,t35,3,spring,1258.55,0.9999991933061855,1.0,1.0,0.9999999173907262,0.9999960491402005,0.997714956760211,0.0,0.0,none,0.0,0.003710619363553173,0.03223550911763533,93,0.03223550911763533,0.0025267172539828087,0.0011839021095703642,0.0,0.0,False,0.14430116457582026,7.945651742076919e-06,True,0.022220809661912436,True,True,True
2819,t35,4,spring,199.75,0.9999996110159719,1.0,1.0,0.9999996661666957,0.9999983889131633,0.9944654343155735,0.0,0.0,none,5.006257822273294e-05,0.01471839799749686,0.29757196495619526,93,0.29757196495619526,0.009511889862327939,0.0052065081351689215,0.0,0.0,False,0.40893398538955955,5.0062578222804086e-05,True,0.15489361702127644,True,True,True
2819,t35,5,spring,5.551,0.9999958228185062,1.0,1.0,0.9999997960719377,0.9999793180205927,0.991532007045402,0.0,0.0,none,0.0,0.007926499729778505,0.06359214555935878,93,0.06359214555935878,0.005764727076202491,0.0021617726535760142,0.0,0.00018014772113122783,False,0.09711177195422997,0.00018014772113130785,True,0.04161412358133667,True,True,True
2819,t35,6,spring,1375.46,0.9999964397982815,1.0,1.0,0.9999997021878472,0.9999824968035598,0.9851704200985304,0.0,0.0,none,7.270295028565647e-06,0.009233274686286803,0.07073997062800805,93,0.07073997062800805,0.006485103165486508,0.002748171520800294,0.0,0.0,False,0.10353373596876521,7.270295028648301e-06,True,0.0454189871024966,True,True,True
2819,t35,7,spring,1337.67,0.9999961801414239,1.0,1.0,0.9999997817854803,0.9999811189216383,0.9917052907417535,0.0,0.0,none,7.4756853334461444e-06,0.007819566858791807,0.06352837396368313,93,0.06352837396368313,0.00558433694408937,0.002235229914702437,0.0,7.4756853334461444e-06,False,0.09712021550259133,7.475685333531133e-06,True,0.041570791002265094,True,True,True
2819,t35,8,spring,144.72,0.9999963901240643,1.0,1.0,0.999996813157248,0.9999851374630733,0.9837656709474525,0.0,0.0,none,0.0,0.008222775013819775,0.7175925925925928,93,0.7175925925925928,0.006909894969596462,0.001312880044223312,0.0,6.909894969590178e-05,False,0.40361305195096575,6.909894969609817e-05,True,0.5466970702045326,True,True,True
2819,t36,1,spring,5.424,1.0,1.0,1.0,1.0,1.0,0.9918341689906752,0.0,0.0,none,0.0,0.002212389380531057,0.03281710914454276,93,0.03281710914454276,0.0012905604719765046,0.0009218289085545525,0.0,0.0,False,0.08751346739646702,0.0,True,0.022971976401179785,True,True,True
2819,t36,2,spring,816.51,0.9999979636258254,1.0,1.0,0.9999998716406733,0.9999899464884529,0.9823189317089837,0.0,0.0,none,0.0,0.0019228178466888788,0.03710915971635383,93,0.03710915971635383,0.0012124774956828565,0.0007103403510060223,0.0,0.0,False,0.09191877772015068,1.2247247431267947e-05,True,0.025657983368238043,True,True,True
2819,t36,3,spring,802.68,0.9999973851596502,1.0,1.0,0.9999998713318902,0.9999870544663602,0.9921132987223071,0.0,0.0,none,0.0,0.0020431554293117884,0.03283998604674343,93,0.03283998604674343,0.0012832012757262828,0.0007599541535855056,0.0,0.0,False,0.08752141343124335,1.2458264813007167e-05,True,0.02302038172123381,True,True,True
2819,t36,4,spring,71.67,0.9999952290824271,1.0,1.0,0.9999962128201508,0.9999799325919838,0.9603119624043839,0.0,0.0,none,0.0,0.015906236919213067,0.24068647969861867,93,0.24068647969861867,0.005302078973070956,0.01060415794614211,0.0,0.0,False,0.4352234893602061,0.00013952839402820653,True,0.16149016324822119,True,True,True
2819,t36,5,spring,7.013,0.9999871677859645,1.0,1.0,0.99999924832242,0.9999365906074021,0.990965465397642,0.0,0.0,none,0.0,0.012975901896477997,0.053899900185370046,93,0.053899900185370046,0.010124055325823432,0.0028518465706545647,0.0,0.0,False,0.12774354132428203,0.00014259232853277255,True,0.03961214886639087,True,True,True
2819,t36,6,spring,1068.22,0.9999940551630611,1.0,1.0,0.9999995369111592,0.9999707389041459,0.9861154744753182,0.0,0.0,none,0.0,0.015502424594184668,0.05857407650109522,93,0.05857407650109522,0.012141693658609676,0.003360730935574992,0.0,1.8722735017114276e-05,False,0.13348385728272383,9.361367508663564e-06,True,0.040961599670479944,True,True,True
2819,t36,7,spring,1037.88,0.9999954653989225,1.0,1.0,0.9999996063245508,0.9999777206700609,0.9910179828094783,0.0,0.0,none,0.0,0.012939838902377983,0.053965776390334126,93,0.053965776390334126,0.010068601379735658,0.0028712375226423266,0.0,9.635025243757375e-06,False,0.12774831352854307,9.635025243866911e-06,True,0.03962115080741518,True,True,True
2819,t36,8,spring,134.62,0.9999962345954815,1.0,1.0,0.9999972337507058,0.9999839392267013,0.9730225302492165,0.0,0.0,none,0.0,0.02139355222106667,0.15079482989154655,93,0.15079482989154655,0.015005199821720473,0.006388352399346198,0.0,0.0,False,0.4149480482446523,7.428316743429739e-05,True,0.11216758282573164,True,True,True
2893,t21,1,lin_acc,5.805,0.988192275267897,0.9997666216439619,1.0,0.9908293618941768,0.9505987711573843,0.9894019390887185,0.003445305770887093,0.1,B.6,0.0,0.0017226528854435465,0.2775193798449612,93,0.2775193798449612,0.00017226528854426284,0.0015503875968992835,0.008785529715762148,0.0015503875968992835,False,0.1964895837855953,0.20964685615848408,True,0.21226528854435828,True,True,True
2893,t21,2,lin_acc,7.214,0.9919080598546111,0.9999906209915629,1.0,0.9937456605737296,0.9658133967161997,0.9929889333690297,0.0015248128638758137,0.1,B.6,0.0,0.0005544774050456832,0.008594399778208953,93,0.008594399778208953,0.0005544774050456832,0.0,0.0019406709176601378,0.0,False,0.1516392390871369,0.055309121153313,True,0.006126975325755477,True,True,True
2893,t21,4,lin_acc,8.122,0.9930486602573675,0.9998140217410071,1.0,0.9955526244655087,0.9700626333393141,0.9938875757593313,0.0001231223836492792,0.1,B.6,0.0,0.00024624476729877715,0.015390297956168432,93,0.015390297956168432,0.00024624476729877715,0.0,0.0013543462201429462,0.0,False,0.17762754611833578,0.17089386850529426,True,0.013321841910859403,True,True,True
2893,t21,5,lin_acc,7.56,0.8980229634835301,0.9745767588566323,1.0,0.878063744513386,0.6628975551909997,0.9215417651132427,0.04933862433862437,0.1,B.6,0.0002645502645502354,0.06970899470899473,6.777645502645504,93,6.777645502645504,0.06970899470899473,0.033730158730158714,0.1313492063492064,0.12486772486772486,False,0.18536008796122314,0.5402116402116401,True,0.4126190476190475,True,True,True
2893,t21,6,lin_acc,29.872,0.9415934766796725,0.9982207095838853,1.0,0.9074870710226606,0.804038893207931,0.9536731984671545,0.014495179432244236,0.1,B.6,0.0,0.028722549544724175,0.11586100696304226,93,0.11586100696304226,0.02242903053026251,0.0062935190144616645,0.024638457418318178,0.0,False,0.09737839439935288,0.19416175682913767,True,0.06699919657204059,True,True,True
2893,t21,7,lin_acc,5.495,0.8498517739571503,0.9547794226266357,0.998000799680128,0.6985378042835416,0.6431614205688102,0.894552629495885,0.007643312101910794,0.1,B.6,0.0,0.0027297543221109517,6.364331210191083,93,6.364331210191083,0.0027297543221109517,0.0020018198362146008,0.023475887170154766,0.0,False,0.12082564279454368,0.7999999999999999,True,0.49011828935395796,True,True,True
2893,t21,8,lin_acc,30.044,0.9384091313592153,0.997835338835062,1.0,0.927617767842665,0.7687572112832873,0.9515584697824429,0.001231527093596027,0.1,B.6,0.0,0.031187591532419158,1.395619757688723,93,1.395619757688723,0.02373185993875652,0.007455731593662635,0.028624683797097688,0.0,False,0.09824892240790369,0.15826787378511512,True,0.06354679802955672,True,True,True
2893,t21,9,lin_acc,14.875,0.9285120634806576,0.992753226478756,1.0,0.8978518245083628,0.7592020399374131,0.938663092532217,0.00860504201680673,0.1,B.6,0.0,0.0041680672268907155,8.932773109243698,93,8.932773109243698,0.0041680672268907155,6.722689075626527e-05,0.007731092436974805,0.0,False,0.12092931518808228,0.315563025210084,True,0.4460773109243688,True,True,True
2893,t21,10,lin_acc,30.801,0.9316740898321052,0.9958935359079374,1.0,0.8907573904736076,0.7758259868710439,0.9481998980305455,0.0023051199636375933,0.1,B.6,0.0,0.0019155222233044724,0.9786045907600404,93,0.9786045907600404,0.0019155222233044724,0.0,0.0027271841823317306,0.0,False,0.10356965475260509,0.19677932534657966,True,0.06051102236940352,True,True,True
2893,t21,11,lin_acc,15.119,0.8509772673428776,0.9814598042948085,0.9940023990403839,0.7526535732705147,0.5453107558138719,0.8970767614226776,0.03551822210463649,0.1,B.6,0.0003307097030227384,0.0506647265030756,10.924399761889013,93,10.924399761889013,0.002645677624181437,0.0506647265030756,0.05794033996957467,0.006944903763476448,False,0.07692215976328298,0.6730603875917721,True,1.0988954295919036,True,True,True
2893,t21,12,lin_acc,33.365,0.9403501719241737,0.9944990223741229,1.0,0.9225201590450911,0.7902326558275317,0.9468528921367463,0.0032668964483738845,0.1,B.6,0.0,0.0020980068934510166,5.865427843548628,93,5.865427843548628,0.0020980068934510166,2.997152704923331e-05,0.00281732354263432,0.0,False,0.10270719433703099,0.24858384534692043,True,0.06745991308257171,True,True,True
2893,t22,1,lin_acc,10.057,0.8952821033521514,0.9791681641862324,1.0,0.8477959007843746,0.6702782876039171,0.9155855003782842,0.038281793775479744,0.1,B.6,0.0,0.012926319976136101,8.94749925425077,93,8.94749925425077,0.00517052799045437,0.012926319976136101,0.13821219051406985,0.0,False,0.14374512511291512,0.4846375658745153,True,0.4029829969175696,True,True,True
2893,t22,2,lin_acc,34.993,0.9223648087226843,0.9977673101249495,1.0,0.8460325533733941,0.7702568699901287,0.9439705518674412,0.006458434544051641,0.1,B.6,0.0,0.008773183208070247,1.5142742834281142,93,1.5142742834281142,0.003800760152030482,0.004972423056039764,0.0346926528162775,0.0,False,0.0836526772001917,0.22684536907381472,True,0.15658560283485273,True,True,True
2893,t22,3,lin_acc,7.586,0.8745321012142286,0.9686781477213404,0.998000799680128,0.7716458695883098,0.6656575413600242,0.8988603833249618,0.018586870551015027,0.1,B.6,0.0,0.019905088320590653,6.031637226469813,93,6.031637226469813,0.018850514104930223,0.001054574215660428,0.03480094911679412,0.0,False,0.10151014699571947,0.6374901133667282,True,0.7105193778012115,True,True,True
2893,t22,4,lin_acc,35.396,0.9314213250149668,0.9979249853958624,1.0,0.906335266351775,0.7549213879313335,0.9467867672583136,0.0051135721550456936,0.1,B.6,0.0,0.009210080235054824,2.617951180924398,93,2.617951180924398,0.0020906317097976624,0.00711944852525716,0.03367612159566053,0.0,False,0.08552531095945591,0.2131596790597808,True,0.15692733642219442,True,True,True
2893,t23,1,lin_vel,480.0,0.9991055474909459,1.0,1.0,0.9998142093535083,0.9957135281012209,0.9991999482700087,0.0,0.01,B.6,0.0,0.0,0.0,93,0.0,0.0,0.0,0.0,0.0,False,0.29546771391198334,0.000806250000000001,True,0.0,True,True,True
2893,t23,2,lin_vel,188.888,0.9991867228299236,1.0,1.0,0.9993995220204701,0.9965340921291473,0.9993084933771266,0.00020647155986624712,0.01,B.6,0.0,0.00019058913218415868,0.1717366905256026,93,0.1717366905256026,0.00019058913218415868,5.294142560696153e-06,0.00024353055779096974,0.0,False,0.304973171793575,0.0006935326754478856,True,0.13292215492778797,True,True,True
2893,t23,3,lin_vel,6.329,0.9824044734555692,1.0,0.998000799680128,0.9918727856589957,0.9221487819387222,0.9869402910368884,0.00047400853215359673,0.01,B.6,0.0,0.0033180597250751774,0.5520619371148681,93,0.5520619371148681,0.0033180597250751774,0.0017380312845631412,0.01216621899194185,0.0003160056881024914,False,0.2812857380759888,0.04866487596776743,True,0.27189129404329276,True,True,True
2893,t23,4,lin_vel,480.0,0.9989922953930946,1.0,1.0,0.9998065650564036,0.9951549119090692,0.9990728272744731,0.0,0.01,B.6,0.0,0.0,0.0,93,0.0,0.0,0.0,0.0,0.0,False,0.2625126073968058,0.000797916666666687,True,0.0,True,True,True
2893,t23,5,lin_vel,91.562,0.9664974162974589,0.9993853769951325,1.0,0.9697453591641191,0.8639709683329101,0.9719867901226934,0.005548153163976274,0.01,B.6,0.0,0.004881937921845337,3.4611956925362057,93,3.4611956925362057,0.004881937921845337,0.0002948821563530834,0.006673073982656607,4.3686245385538516e-05,False,0.23450450275544782,0.09502850527511413,True,0.2298377055983923,True,True,True
2893,t23,6,lin_vel,209.084,0.9821051209116155,1.0,1.0,0.9970497192791961,0.9134758852788809,0.9861588268021577,0.00041610070593631784,0.01,B.6,0.0,0.0006648045761512598,0.11808651068470087,93,0.11808651068470087,0.0006648045761512598,0.00021522450307047644,0.0013726540529164246,0.0,False,0.3991162528568591,0.04722025597367564,True,0.08243194122936232,True,True,True
2893,t23,7,lin_vel,42.751,0.9467125466824778,0.9844037951571871,1.0,0.9455541747402146,0.8192009683578007,0.9690271996456898,0.014993801314589092,0.01,B.6,7.017379710416397e-05,0.009637201468971464,2.653856050150874,93,2.653856050150874,0.006947205913311901,0.009637201468971464,0.03936750017543449,0.006970597179013399,False,0.2889040041183233,0.28198170803022155,True,0.2628149049145047,True,True,True
2893,t23,8,lin_vel,225.41,0.9796778297639802,1.0,1.0,0.9952662830487451,0.9031228657711553,0.9846664791821528,0.00088727208198389,0.01,B.6,0.0,0.00024399982254561388,0.8945299676145688,93,0.8945299676145688,0.00024399982254561388,0.00019076349762657543,0.0013220354021560793,0.0,False,0.3571734863060812,0.038547535601792256,True,0.07108557739230727,True,True,True
2893,t23,9,lin_vel,134.604,0.9753101177551028,0.9999996330634724,0.998000799680128,0.9825279918832367,0.8960225310852038,0.9779057237521707,0.0007652075718404254,0.01,B.6,0.0,0.0016938575376661067,2.234465543371668,93,2.234465543371668,0.0016938575376661067,0.00026002199043137654,0.0028453834952899596,0.0,False,0.2554060746459885,0.05020653175239962,True,0.15270868622032033,True,True,True
2893,t23,10,lin_vel,246.643,0.9792458522281823,1.0,1.0,0.994099248089543,0.9021300130513683,0.9857858518393143,0.0013947284131315062,0.01,B.6,0.0,0.006633068848497609,0.24763321886289089,93,0.24763321886289089,0.006633068848497609,0.0008554874859615425,0.006442510024610464,2.4326658368574122e-05,False,0.3842688425900855,0.04723831610870771,True,0.16177633259407315,True,True,True
2893,t23,11,lin_vel,89.85,0.9415361861058883,0.9845237561353855,0.998000799680128,0.9541634756860569,0.7864691428924858,0.9653291098506951,0.006889259877573732,0.01,B.6,3.338898163606137e-05,0.008525319977740581,2.8956371730662216,93,2.8956371730662216,0.008525319977740581,0.0029716193656093037,0.011908736783528027,0.0029938786867001166,False,0.2520651149263096,0.2553255425709515,True,0.5583238731218697,True,True,True
2893,t23,12,lin_vel,259.386,0.9790045759818309,0.9999101440809627,1.0,0.9938732543357233,0.9013293374115059,0.9847338447512499,0.0017579977331082528,0.01,B.6,0.0,0.0016384847293223663,0.775458197435482,93,0.775458197435482,0.001607642663829093,3.0842065493273335e-05,0.0027063912470218056,0.0,False,0.3579520973558007,0.061109697516442664,True,0.07260684848064276,True,True,True
2893,t24,1,lin_disp,951.761,0.9999757258471121,1.0,1.0,0.9999826381433528,0.9998959910922072,0.9999763798577488,1.1557523369922644e-05,0.0,none,0.0,1.0506839427234981e-05,0.00877846434136303,93,0.00877846434136303,1.0506839427234981e-05,0.0,1.7861627026168072e-05,1.0506839428071122e-06,False,0.17473047406951656,3.1520518281466047e-05,True,0.004550932429464993,True,True,True
2893,t24,2,lin_disp,176.018,0.9998546886647746,1.0,1.0,0.9996017763659469,0.9996716669579254,0.9999106589695806,0.0,0.0,none,0.0,0.0,0.0002045245372632422,93,0.0002045245372632422,0.0,0.0,0.0,0.0,False,0.3430670253181923,0.0003238305173334668,True,0.0001533934029473509,True,True,True
2893,t24,3,lin_disp,22.591,0.9962831583199908,1.0,0.998000799680128,0.9999752058062236,0.9834397861136016,0.9973790301332474,0.00035412332344735155,0.0,none,0.0,0.00030985790801653086,0.017661900756938645,93,0.017661900756938645,0.00022132707715457505,8.853083086195584e-05,0.00044265415430930736,4.4265415430820655e-05,False,0.009258821151438543,0.0003541233234475088,True,0.012084458412642189,True,True,True
2893,t24,4,lin_disp,952.048,0.9999734518185962,1.0,1.0,0.9999815341067668,0.9998857249862135,0.9999753626342655,1.2604406500453351e-05,0.0,none,0.0,1.155403929210214e-05,0.009383980639631702,93,0.009383980639631702,1.0503672083750929e-05,1.0503672083512103e-06,1.8906609750680026e-05,1.0503672083512103e-06,False,0.16372534629302649,3.15110162513722e-05,True,0.004789044249869736,True,True,True
2893,t24,5,lin_disp,19.435,0.8989315833067263,1.0,0.9940023990403839,0.9999621751051242,0.5006933423881231,0.9407963582195389,0.00025726781579637554,0.0,none,0.0,0.0004630820684332566,0.00869565217391307,93,0.00869565217391307,0.0004630820684332566,5.1453563159128865e-05,0.0004116285052741277,0.0,False,0.0012364577728299119,0.005968613326472841,True,0.006452276820169749,True,True,True
2893,t24,6,lin_disp,23.022,0.939547801602813,1.0,0.9960015993602559,0.9999640874057294,0.7017733212480797,0.9564063639496866,4.343671270963523e-05,0.0,none,0.0,0.0004343671270958893,0.00847015897836853,93,0.00847015897836853,0.0004343671270958893,0.0,0.0003909304143862541,0.0,False,0.001439450928957026,0.004517418121796508,True,0.0062722613152637035,True,True,True
2893,t24,7,lin_disp,32.31,0.9274452714188229,1.0,0.998000799680128,0.999957099716932,0.639268457697054,0.9561903808135478,6.190034045194813e-05,0.0,none,0.0,9.285051067781225e-05,0.00820179510987312,93,0.00820179510987312,9.285051067781225e-05,0.0,0.0002785515320334367,0.0,True,0.0007293177324224824,0.003125967192819532,True,0.005280099040544732,True,True,True
2893,t24,8,lin_disp,44.097,0.925395234036017,1.0,0.9960015993602559,0.9999842128870875,0.6309903579327416,0.9485201410840206,0.00027212735560243226,0.0,none,0.0,0.00027212735560243226,0.0065990883733586594,93,0.0065990883733586594,0.00027212735560243226,4.535455926712575e-05,0.00043086831303713066,0.0,True,0.0005225514747689439,0.0023357598022541565,True,0.004417534072612505,True,True,True
2893,t24,9,lin_disp,53.233,0.8995729301525034,1.0,0.9940023990403839,0.9999863807384651,0.5038758709836676,0.9409495028286151,9.392669960367738e-05,0.0,none,0.0,0.0001690680592865392,0.00454605226081561,93,0.00454605226081561,0.0001690680592865392,1.8785339920682087e-05,0.00015028271936585712,0.0,True,0.0004573856085786507,0.0021790994308041943,True,0.0032498638062854754,True,True,True
2893,t24,10,lin_disp,23.377,0.9542859894196444,1.0,0.998000799680128,0.9999617159133727,0.7734674315047205,0.9568846572047898,8.555417718265353e-05,0.0,none,0.0,4.2777088591402755e-05,0.008341532275313354,93,0.008341532275313354,4.2777088591402755e-05,0.0,0.00025666253154811255,0.0,False,0.0039275017250307975,0.005004919365187891,True,0.005407023997946713,True,True,True
2893,t24,11,lin_disp,32.63,0.9430442843456697,1.0,0.998000799680128,0.9999617900926951,0.7172588319555253,0.96248998171508,9.193993257738625e-05,0.0,none,0.0,0.00012258657676999352,0.007324547961998076,93,0.007324547961998076,0.00012258657676999352,0.0,0.00012258657676999352,0.0,False,0.002434066505796496,0.004382470119521933,True,0.005835121054244462,True,True,True
2893,t24,12,lin_disp,66.481,0.9374460226810878,1.0,0.998000799680128,0.9999783893474995,0.6892509243778112,0.9567048373626659,3.008378333673606e-05,0.0,none,0.0,1.504189166836803e-05,0.00431702290880089,93,0.00431702290880089,1.504189166836803e-05,0.0,6.0167566673258355e-05,0.0,True,0.0008152901820655195,0.0010830162001173678,True,0.0027135572569605103,True,True,True
2893,t25,1,lin_disp,36.336,0.9149487863258385,1.0,0.998000799680128,0.9999681273310691,0.5767750046179951,0.9491609568824279,0.0004953764861294772,0.0,none,0.0,0.000275209158960951,0.006962791721708502,93,0.006962791721708502,0.000275209158960951,8.25627476882462e-05,0.0005504183179217065,0.0,True,0.0006644569632073046,0.0029172170849846336,True,0.004706076618229838,True,True,True
2893,t25,2,lin_disp,27.066,0.9971104769821204,1.0,1.0,0.9999755155046528,0.9855768694059484,0.9969146502163261,0.00014778689130265954,0.0,none,0.0,0.0004064139510826419,0.018990615532402253,93,0.018990615532402253,0.0004064139510826419,3.694672282573052e-05,0.0011084016847706028,0.0,False,0.027846629928916684,0.0005911475652109007,True,0.013529889898766082,True,True,True
2893,t25,3,lin_disp,15.948,0.976057795766376,1.0,1.0,0.9999422936849387,0.8803466851469405,0.9747249519316673,6.270378730883008e-05,0.0,none,0.0,0.0002508151492349862,0.017745171808377303,93,0.017745171808377303,0.0002508151492349862,0.0,0.0007524454477050699,0.0,False,0.007242167707332271,0.00576874843240535,True,0.011913719588663012,True,True,True
2893,t25,4,lin_disp,47.93,0.9727294716792657,1.0,1.0,0.999972026144892,0.8636753322514363,0.9806154647787408,6.259127894846888e-05,0.0,none,0.0,0.00020863759649484686,0.010014604631754577,93,0.010014604631754577,0.00020863759649484686,0.0,0.0005215939912371913,0.0,False,0.009070570725434475,0.002065512205299325,True,0.005599833089922799,True,True,True
2893,t25,5,lin_disp,53.945,0.9186872206066994,1.0,1.0,0.9997797402436441,0.5936563627898519,0.9007250522231193,3.7074798405828976e-05,0.0,none,0.0,7.414959681165795e-05,0.004782648994346142,93,0.004782648994346142,3.7074798405828976e-05,3.7074798405828976e-05,0.00016683659282603282,0.0,False,0.0017214687194816712,0.011066827324126317,True,0.002906664195013383,True,True,True
2893,t25,6,lin_disp,25.148,0.8819605190245803,1.0,0.9920031987205118,0.9993512861550766,0.41844811024731265,0.9072470074161545,3.976459360590195e-05,0.0,none,0.0,0.00011929378081756456,0.010378558931127694,93,0.010378558931127694,7.952918721166263e-05,3.976459360590195e-05,0.0003181167488467918,0.0,False,0.0037513093833712453,0.026045808811833847,True,0.005360267218069112,True,True,True
2893,t25,7,lin_disp,3.093,0.910684846702462,0.998102978266012,0.998000799680128,0.9966799180399923,0.5625375592601656,0.9128403427060451,0.012932428063368908,0.0,none,0.0,0.004849660523763377,0.08535402521823465,93,0.08535402521823465,0.004849660523763377,0.002263174911089595,0.02554154542515363,0.0,False,0.014964510052032741,0.1348205625606207,True,0.06569673456191394,True,True,True
2893,t25,8,lin_disp,59.35,0.9130879235903713,1.0,1.0,0.9997822057551075,0.5656574121967484,0.8956434640270798,0.0,0.0,none,0.0,3.369839932595348e-05,0.0040775063184499485,93,0.0040775063184499485,0.0,3.369839932595348e-05,0.00016849199663024626,0.0,False,0.0013541571257713037,0.011221566975568607,True,0.0027868576242628174,True,True,True
2893,t25,9,lin_disp,57.593,0.9001509145887421,1.0,0.9960015993602559,0.9998320074215247,0.5049209661619293,0.8990743801657594,0.0010417932734880135,0.0,none,0.0,0.0001389057697984594,0.005590957234386047,93,0.005590957234386047,8.681610612405253e-05,0.0001389057697984594,0.0009202507249144387,0.0,False,0.001345334182075424,0.008785789939749626,True,0.003785182227006815,True,True,True
2893,t25,10,lin_disp,25.029,0.9074757980440311,1.0,0.998000799680128,0.9993667961259243,0.5400113944141025,0.9162269181071818,0.0005193974989013416,0.0,none,0.0,0.00015981461504659938,0.007391425945902844,93,0.007391425945902844,0.00015981461504659938,3.995365376168533e-05,0.0010787486515642264,0.0,False,0.0034196335049002363,0.0245315434096447,True,0.004754484797634735,True,True,True
2893,t25,11,lin_disp,8.859,0.9126757646326296,0.9999686205629555,0.998000799680128,0.9989582530831413,0.5664825292739675,0.916258859954409,0.0016931933626820825,0.0,none,0.0,0.001241675132633594,0.029010046280618543,93,0.029010046280618543,0.0007901569025851055,0.0004515182300484885,0.00417654362794907,0.0,False,0.006240659477990708,0.06118072017157711,True,0.019686194830116303,True,True,True
2893,t25,12,lin_disp,63.311,0.9027115508359411,1.0,0.998000799680128,0.9998171623185588,0.5157397921810186,0.9060906100868005,0.000537031479521709,0.0,none,0.0,6.318017406134452e-05,0.004280456792658476,93,0.004280456792658476,4.738513054603645e-05,6.318017406134452e-05,0.0003001058267915268,0.0,False,0.0010582746916556955,0.006475967841291349,True,0.003294846077300896,True,True,True
2893,t26,1,lin_disp,44.404,0.9032847074244323,1.0,0.9960015993602559,0.9998002161562506,0.5206217216056549,0.8934723548997318,0.0012611476443563053,0.0,none,0.0,0.00015764345554465818,0.009098279434285117,93,0.009098279434285117,0.00011260246824616155,0.00015764345554465818,0.0007431762904243142,0.0,False,0.0014734516023023137,0.011688136203945553,True,0.007026394018556993,True,True,True
2893,t26,2,lin_disp,27.043,0.9269350201336604,1.0,0.998000799680128,0.9992736616749365,0.6374006393132369,0.9431286899354253,0.0002588470214104001,0.0,none,0.0,0.0006286284805679643,0.01357097955108521,93,0.01357097955108521,0.0006286284805679643,0.00011093443774729556,0.0005916503346521554,0.0,False,0.01580594516526618,0.025773767703287327,True,0.007809784417409371,True,True,True
2893,t26,3,lin_disp,7.241,0.9037086551795224,0.9996556666270402,0.998000799680128,0.9975951252691958,0.5236360176942076,0.9046256725408472,0.005524098881369982,0.0,none,0.0,0.004557381577130281,0.11421074437232426,93,0.11421074437232426,0.003314459328821989,0.001242922248308292,0.022372600469548396,0.0,False,0.009696993338845716,0.07775169175528239,True,0.048004419279105086,True,True,True
2893,t26,4,lin_disp,52.001,0.9042769279480332,1.0,0.998000799680128,0.9997012065845012,0.5236826334755365,0.902905557099267,0.0014615103555700951,0.0,none,0.0,9.615199707702848e-05,0.014595873156285463,93,0.014595873156285463,7.692159766167744e-05,9.615199707702848e-05,0.0011153631660929565,0.0,False,0.003997125740328337,0.009038287725236032,True,0.00943828003307629,True,True,True
2893,t27,1,ang_acc,1.179,0.9824553274373755,0.9992964617313673,1.0,0.9829814208602198,0.9307022928639221,0.9854634418671002,0.011026293469041664,0.1,B.6,0.0,0.009329940627650654,0.39525021204410515,93,0.39525021204410515,0.0,0.009329940627650654,0.025445292620865163,0.004240882103477433,False,0.3072204979621171,0.6649703138252756,True,0.29380831212892267,True,True,True
2893,t27,2,ang_acc,1.397,0.9670066101844013,0.9995173398508684,0.998000799680128,0.9772766445912977,0.8607209269488433,0.9698396994757016,0.009305654974946401,0.1,B.6,0.0,0.005010737294201945,0.17108088761632076,93,0.17108088761632076,0.005010737294201945,0.0021474588403723074,0.0071581961345740935,0.0,False,0.18427419809327453,0.8367931281317107,True,0.08045812455261261,True,True,True
2893,t27,3,ang_acc,6.423,0.9810554232340273,0.9997413418054352,0.998000799680128,0.9930599561251348,0.914733676754003,0.9909852720290357,0.0003113809746224163,0.1,B.6,0.0,0.0003113809746225545,0.017437334578857246,93,0.017437334578857246,0.0003113809746225545,0.0,0.001712595360423497,0.0,False,0.15714965245181142,0.23260158804297057,True,0.013918729565623598,True,True,True
2893,t27,4,ang_acc,6.438,0.9769182663370003,0.9996830397804375,0.998000799680128,0.9912336920810046,0.895990760362994,0.9775101495142855,0.000155327741534552,0.1,B.6,0.0,0.0004659832246039319,0.014445479962721339,93,0.014445479962721339,0.0003106554830693799,0.000155327741534552,0.0018639328984157277,0.0,False,0.1413138849138927,0.2951227089158124,True,0.011587449518484037,True,True,True
2893,t27,5,ang_acc,209.205,0.8761085191700237,0.9847377132821848,1.0,0.711390408637503,0.6996767606482459,0.8924487058626561,0.0026720202672020146,0.1,B.6,0.0,0.011959561195956165,6.18274419827442,93,6.18274419827442,0.011959561195956165,2.8680002868001372e-05,0.021428742142874234,0.0,False,0.09367948431402753,1.2745775674577569,True,0.932805621280562,True,True,True
2893,t27,6,ang_acc,115.323,0.8466783250664232,0.9604932206181821,1.0,0.6536583805276451,0.6587468035681064,0.8875471098595803,0.16152025181446888,0.1,B.6,0.0002254537256227834,0.08219522558379508,8.110454982960901,93,8.110454982960901,0.08219522558379508,0.04977324557980624,0.14970994511068914,0.004118866141186011,False,0.1081801329703283,1.0696565299203107,True,2.8796337244088344,True,True,True
2893,t27,7,ang_acc,235.247,0.8972810362419212,0.9850825129126707,1.0,0.7693181337581041,0.7469220216261605,0.912545540211906,0.006610073667251775,0.1,B.6,0.0,0.003158382466088813,5.5723771185179825,93,5.5723771185179825,0.003158382466088813,5.526106602849443e-05,0.009504903356897297,0.0,False,0.08154292689636931,0.38145863709207767,True,0.44663438853630427,True,True,True
2893,t27,8,ang_acc,313.766,0.9030695956179757,0.9880385717021161,1.0,0.8436894425344923,0.6955813921511544,0.9128389329350823,0.0003569539083266612,0.1,B.6,0.0,0.0030086115130384325,5.881832320901563,93,5.881832320901563,0.0030086115130384325,9.561265401560087e-06,0.01630195750973658,0.0,False,0.0853804679852133,0.4964081512974637,True,0.789512566689825,True,True,True
2893,t28,5,ang_vel,1.686,0.9206889990567652,0.9807251198508431,0.998000799680128,0.8910340943125483,0.7529598615894629,0.9461886836295308,0.011269276393831499,0.01,B.6,0.0,0.0005931198102015954,3.068208778173191,93,3.068208778173191,0.0005931198102015954,0.0,0.017793594306049838,0.0,False,0.17428827089425702,0.4549228944246738,True,0.20106761565836298,True,True,True
2893,t28,6,ang_vel,1.318,0.9043469995621526,0.9659862917462577,0.9960015993602559,0.9027723347003429,0.690988480257648,0.9386503254709857,0.018209408194233702,0.01,B.6,0.0,0.053869499241274786,5.435508345978755,93,5.435508345978755,0.053869499241274786,0.0007587253414264886,0.08345978755690447,0.0,False,0.2264623930902427,0.3239757207890744,True,0.6311077389984822,True,True,True
2893,t28,7,ang_vel,2.642,0.9446572440190001,0.9918618172492273,1.0,0.9365871796686607,0.8029754059278849,0.9616050052613755,0.0011355034065102627,0.01,B.6,0.0,0.0007570022710067296,0.42922028766086295,93,0.42922028766086295,0.0003785011355033648,0.0007570022710067296,0.007191521574564773,0.0,False,0.2053138693688526,0.15140045420136258,True,0.15352006056018175,True,True,True
2893,t28,8,ang_vel,3.076,0.9404420548680765,0.9899036960201836,1.0,0.9467102306559226,0.7756926516440923,0.9592380449625406,0.0019505851755527396,0.01,B.6,0.0,0.0003250975292587418,2.3719115734720417,93,2.3719115734720417,0.0003250975292587418,0.0,0.008452535760728153,0.0,False,0.17857402175021803,0.26755526657997397,True,0.15793237971391424,True,True,True
2893,t29,1,ang_disp,171.097,0.9999315300533997,1.0,1.0,0.9999049844622487,0.9997526658047493,0.9999538450699388,8.182492971828848e-05,0.0,none,0.0,0.00011104811890334405,0.07789733309175498,93,0.07789733309175498,9.935884322925538e-05,1.1689275674088672e-05,0.00020456232429555507,5.844637837044336e-06,False,0.37685175363876244,0.00011689275674038837,True,0.06484625680169727,True,True,True
2893,t29,3,ang_disp,5.827,0.9993109577840298,1.0,1.0,0.9985196971148561,0.9980350918052918,0.9995020771067937,0.0,0.0,none,0.0,0.0,0.05920713917968091,93,0.05920713917968091,0.0,0.0,0.00017161489617304512,0.0,False,0.4299162365931157,0.0012013042732109348,True,0.04177106572850513,True,True,True
2893,t29,4,ang_disp,171.096,0.9999264666579438,1.0,1.0,0.9999038242231701,0.9997285090665488,0.999950521770508,8.182540795816386e-05,0.0,none,0.0,0.00011104876794317492,0.07786856501613133,93,0.07786856501613133,9.935942394910405e-05,1.168934399407087e-05,0.00020456351989524353,0.0,False,0.37652163617543494,0.00011689343994021035,True,0.06483377752840518,True,True,True
2893,t30,1,joint,1.258,0.9006784275823903,0.9834807495561143,1.0,0.8563027601252016,0.6801278786745212,0.9301271160772898,0.02384737678855328,0.0,none,0.0,0.015898251192368852,8.106518282988871,93,8.106518282988871,0.015898251192368852,0.0015898251192368853,0.019077901430842623,0.0,False,0.14201702230817925,0.28696343402225755,True,0.5456279809220983,True,True,True
2893,t30,2,joint,3.028,0.9271326883861969,0.9981522823125707,1.0,0.8841699337590989,0.7551889435467434,0.9406242837213737,0.025759577278731786,0.0,none,0.0,0.012549537648612883,1.4788639365918097,93,1.4788639365918097,0.012549537648612883,0.0003302509907529359,0.03137384412153243,0.0,False,0.09807947154877722,0.19815059445178337,True,0.28487450462351327,True,True,True
2893,t30,3,joint,1.885,0.9062982027386383,0.9842142779983468,0.998000799680128,0.8873177592181001,0.6777438987982694,0.9299663000931011,0.02068965517241375,0.0,none,0.0,0.021750663129973435,6.232360742705571,93,6.232360742705571,0.021750663129973435,0.003183023872679048,0.024933687002652482,0.0,False,0.11361990348125076,0.3358090185676393,True,0.8163395225464191,True,True,True
2893,t30,4,joint,1.87,0.8998904141002916,0.9567168630424018,1.0,0.8612634353154565,0.7247549091011977,0.9220093499326258,0.042780748663101636,0.0,none,0.0,0.2566844919786096,6.381818181818182,93,6.381818181818182,0.2566844919786096,0.09625668449197869,0.28342245989304815,0.16042780748663102,False,0.20066029423645998,0.23796791443850265,True,0.838502673796791,True,True,True
2893,t30,5,joint,4.86,0.93312765071878,0.988001350316724,1.0,0.9142686999616265,0.7753668529988254,0.9492025489302988,0.0041152263374486546,0.0,none,0.0,0.02880658436213985,5.765432098765432,93,5.765432098765432,0.02880658436213985,0.0,0.09465020576131686,0.0020576131687242358,False,0.14040166591147066,0.3024691358024691,True,0.6456790123456788,True,True,True
2893,t30,6,joint,2.11,0.8313870329652817,0.8604886927748809,0.998000799680128,0.8295706790357291,0.6083863005607892,0.8975542924850807,0.061611374407582895,0.0,none,0.0,0.10426540284360189,1.5402843601895735,93,1.5402843601895735,0.10426540284360189,0.0900473933649289,0.5971563981042655,0.08056872037914689,False,0.2501524893971564,0.590995260663507,True,0.9440758293838862,True,True,True
2893,t31,1,joint,1.701,0.9101349947581984,0.9889141140575922,1.0,0.8462110975204292,0.7266356481553776,0.9341549390717061,0.02410346854791308,0.0,none,0.0,0.022339800117577913,3.867724867724868,93,3.867724867724868,0.022339800117577913,0.0029394473838917656,0.023515579071134645,0.0,False,0.0954245048771472,0.26219870664315104,True,0.7184009406231628,True,True,True
2893,t31,2,joint,3.975,0.9127455655273544,0.998348012689994,1.0,0.8035586797737382,0.7634731224830458,0.942587553796693,0.031446540880503034,0.0,none,0.0,0.03899371069182385,0.30817610062893086,93,0.30817610062893086,0.03069182389937093,0.00830188679245292,0.03522012578616344,0.0,False,0.09038520285540742,0.08830188679245284,True,0.1646289308176099,True,True,True
2893,t31,3,joint,1.137,0.8779530291747474,0.9386633920659653,1.0,0.8359426908959546,0.6764956708458519,0.9112222455478748,0.021987686895338532,0.0,none,0.0,0.020228671943711442,13.463500439753735,93,13.463500439753735,0.020228671943711442,0.0026385224274407333,0.020228671943711442,0.0,False,0.2360432029590124,0.6754617414248021,True,1.383289357959539,True,True,True
2893,t31,4,joint,1.68,0.8945213255023524,0.9599287376224701,1.0,0.8875638107598086,0.665185341507013,0.9144124523561006,0.06547619047619041,0.0,none,0.0,0.10714285714285711,3.791666666666667,93,3.791666666666667,0.10714285714285711,0.06547619047619054,0.16071428571428573,0.005952380952380958,False,0.22569019098883683,0.3595238095238095,True,0.720238095238095,True,True,True
2893,t31,5,joint,8.79,0.9390558475716095,0.9978529929380445,0.998000799680128,0.9198780458498643,0.7816944064519662,0.9611487795653999,0.02389078498293505,0.0,none,0.0,0.01934015927189988,3.5893060295790677,93,3.5893060295790677,0.01934015927189988,0.003412969283276378,0.017064846416382094,0.0,False,0.0892408260408394,0.28441410693970426,True,0.8427758816837315,True,True,True
2893,t31,6,joint,1.5,0.8675263274460858,0.918765970516225,0.998000799680128,0.7646099996893143,0.7374888968285367,0.9097638635192242,0.04666666666666671,0.0,none,0.0,0.013333333333333345,2.905333333333333,93,2.905333333333333,0.006666666666666672,0.006666666666666672,0.06666666666666672,0.0,False,0.1839745744438395,0.2933333333333333,True,1.189066666666666,True,True,True
2893,t32,1,joint,1.029,0.9312316515514493,0.9924802960126506,1.0,0.8922674041416672,0.7789302615902775,0.9429457010703323,0.01068999028182692,0.0,none,0.0,0.0058309037900874695,9.720116618075803,93,9.720116618075803,0.0058309037900874695,0.0009718172983478036,0.043731778425656016,0.0,False,0.11700285269589267,0.30223517978620024,True,0.23323615160349845,True,True,True
2893,t32,3,joint,2.802,0.8920606982874143,0.9885542706503189,0.9940023990403839,0.8390186605513568,0.6501738905446928,0.9234798277840023,0.0032119914346894706,0.0,none,0.0,0.016773733047823036,4.337259100642398,93,4.337259100642398,0.008922198429693204,0.007851534618129834,0.07066381156316914,0.003925767309064997,False,0.09843851434402577,0.9286224125624555,True,0.6561741613133475,True,True,True
2893,t32,4,joint,2.8,0.8893007968386011,0.9726986407413712,1.0,0.8152100004777001,0.6858967022325627,0.9257972170393518,0.02857142857142844,0.0,none,0.0,0.010714285714285805,6.392857142857144,93,6.392857142857144,0.010714285714285805,0.0,0.03571428571428559,0.0,False,0.14427428647993057,0.4232857142857143,True,0.2721428571428572,True,True,True
2893,t32,5,joint,1.83,0.9171206509175138,0.9733161663499024,1.0,0.8814150372238833,0.757555884663881,0.9377906630459405,0.027322404371584723,0.0,none,0.0,0.021857923497267777,8.748633879781421,93,8.748633879781421,0.021857923497267777,0.005464480874316944,0.03278688524590167,0.0,False,0.16523832051366205,0.44699453551912566,True,0.4349726775956282,True,True,True
2893,t32,6,joint,1.59,0.9311833490865883,0.984451340963321,1.0,0.9195380829387049,0.7674759805675946,0.9442704111164889,0.0062893081761006345,0.0,none,0.0,0.0062893081761006345,15.822641509433963,93,15.822641509433963,0.0062893081761006345,0.0,0.012578616352201269,0.0,False,0.17157197631637022,0.17421383647798744,True,0.44025157232704354,True,True,True
2893,t33,3,joint,2.951,0.8911485366202858,0.9887163664982824,0.9920031987205118,0.8417615202088373,0.6445452311755142,0.9211707261455726,0.008132836326668932,0.0,none,0.0,0.011860386309725565,4.165028803795324,93,4.165028803795324,0.003388681802778797,0.008471704506946768,0.07251779057946457,0.004744154523890136,False,0.09529078443844023,0.9356150457472043,True,0.7436801084378175,True,True,True
2893,t33,4,joint,1.67,0.8979710039311075,0.9877968773764015,0.998000799680128,0.8503789571968914,0.665881508025715,0.9184100569471416,0.0,0.0,none,0.0,0.005988023952095814,6.922155688622755,93,6.922155688622755,0.005988023952095814,0.0,0.011976047904191628,0.0,False,0.13489742777438357,0.48742514970059886,True,0.274251497005988,True,True,True
2893,t33,5,joint,1.64,0.8721583828868319,0.9791614900998283,0.9940023990403839,0.7692965895644995,0.6391699456296192,0.9226751799073665,0.0060975609756097615,0.0,none,0.0,0.03658536585365844,3.4329268292682933,93,3.4329268292682933,0.03658536585365844,0.0060975609756097615,0.07926829268292677,0.0060975609756097615,False,0.11075668660361186,0.5506097560975609,True,0.6165853658536584,True,True,True
2893,t33,6,joint,1.1,0.9234823341107674,0.9781881213193979,1.0,0.8873949903625906,0.7736404375524499,0.9438193933392001,0.009090909090909097,0.0,none,0.0,0.0,9.359090909090908,93,9.359090909090908,0.0,0.0,0.018181818181818195,0.0,False,0.1533592779587059,0.21818181818181814,True,0.589999999999998,True,True,True
2893,t34,1,joint,1.136,0.857151309874431,0.9765732882275245,0.998000799680128,0.7081869563325023,0.6264222169044755,0.9135770576443614,0.06073943661971827,0.0,none,0.0,0.04577464788732399,1.2702464788732395,93,1.2702464788732395,0.04577464788732399,0.03697183098591553,0.11003521126760564,0.0,False,0.09121115489331118,0.7623239436619719,True,0.3242957746478872,True,True,True
2893,t34,2,joint,2.256,0.948423866374149,0.9980904598066037,1.0,0.9386548704727942,0.8072835417847435,0.966748820723765,0.1489361702127659,0.0,none,0.0,0.015070921985815618,0.8989361702127658,93,0.8989361702127658,0.01462765957446805,0.0004432624113475674,0.05762411347517736,0.0,False,0.12029980745714246,0.14937943262411338,True,0.22836879432624121,True,True,True
2893,t34,3,joint,3.007,0.8921476835675114,0.990142628984156,0.998000799680128,0.8351209487338386,0.6473314114552786,0.9245988446371973,0.041569670768207514,0.0,none,0.0,0.08147655470568677,3.079148653142667,93,3.079148653142667,0.04057199866977065,0.04090455603591612,0.0724975058197539,0.0,False,0.0980892536424756,0.29198536747588955,True,0.2563352178250748,True,True,True
2893,t35,4,joint,1.03,0.648823582393742,0.8619860987651018,0.9120351859256297,0.5604414587743201,0.04766906973855678,0.8484267403532986,2.0873786407766994,0.0,none,0.00873786407766991,2.1621359223300973,87.4640776699029,93,87.4640776699029,2.0388349514563107,0.12330097087378651,3.176699029126213,0.058252427184465855,False,0.18285797657657946,2.745631067961165,True,3.391844660194173,False,True,False
2893,t35,5,joint,1.58,0.7687866620675644,0.9656501537952372,0.958016793282687,0.7518155169313839,0.2028006925332766,0.9035169200394538,1.3860759493670884,0.0,none,0.006329113924050638,1.4430379746835444,116.30506329113923,93,116.30506329113923,1.2784810126582278,0.16455696202531644,1.4936708860759496,0.05696202531645574,False,0.14752072447833,2.0462025316455694,True,2.194810126582278,False,True,False
2893,t36,1,joint,7.484,0.9931777936771311,0.9998840946581804,1.0,0.9952690811583985,0.9708516979108963,0.9873635529218153,0.0,0.0,none,0.0,0.0,0.2099144842330303,93,0.2099144842330303,0.0,0.0,0.0,0.0,False,0.14132618774792557,0.1207910208444682,True,0.07944949225013359,True,True,True
2893,t36,2,joint,11.713,0.9974340674694258,1.0,1.0,0.9977709035466139,0.9893994338005142,0.9979987820082133,8.537522411006764e-05,0.0,none,0.0,0.0,0.09374199607273977,93,0.09374199607273977,0.0,0.0,0.0008537522410996147,0.0,False,0.48892646336195533,0.023136685733800046,True,0.06418509348587036,True,True,True
2893,t36,4,joint,143.0,0.9967180857506249,1.0,1.0,0.9987343499261487,0.9848560788269757,0.9975925007803526,0.0,0.0,none,0.0,0.0,0.055944055944055944,93,0.055944055944055944,0.0,0.0,0.0,0.0,False,0.5033621336107397,0.025874125874125894,True,0.03496503496503497,True,True,True
2893,t36,6,joint,1.6,0.9951413350252294,0.9998995224441088,1.0,0.9956008280980082,0.9803068021399206,0.9933202338649572,0.0,0.0,none,0.0,0.012500000000000011,1.6125,93,1.6125,0.012500000000000011,0.0,0.0,0.0,False,0.298725881319152,0.11062499999999999,True,0.6699999999999993,True,True,True
2893,t37,1,joint,7.469,0.9931162820391745,1.0,1.0,0.995048461107039,0.9705329490888326,0.9884462386207834,0.0,0.0,none,0.0,0.0,0.10121836925960652,93,0.10121836925960652,0.0,0.0,0.0,0.0,False,0.12441624617253305,0.048734770384254916,True,0.07548533940286524,True,True,True
2893,t37,2,joint,14.989,0.9972624222053713,1.0,1.0,0.9984970462673467,0.9878150647595089,0.9979946958854511,0.0003335779571686424,0.0,none,0.0,0.0003335779571686424,0.06998465541397032,93,0.06998465541397032,0.0003335779571686424,6.671559143379959e-05,0.00026686236573484284,6.671559143379959e-05,False,0.512933868022116,0.049102675295216475,True,0.04694109013276401,True,True,True
2893,t37,4,joint,184.0,0.9968072646850736,0.99999231094745,1.0,0.9991512139764578,0.9849004875540102,0.9978021508188857,0.0,0.0,none,0.0,0.0,0.05434782608695652,93,0.05434782608695652,0.0,0.0,0.0,0.0,False,0.5268335928903644,0.05434782608695652,True,0.03804347826086957,True,True,True
2893,t37,6,joint,1.7,0.9948573214981682,0.9998021764424223,1.0,0.9943561708881286,0.980326083717867,0.9941625417769866,0.005882352941176476,0.0,none,0.0,0.0,0.7176470588235294,93,0.7176470588235294,0.0,0.0,0.0,0.0,False,0.3387067500762677,0.13823529411764707,True,0.4058823529411766,True,True,True
2893,t38,1,joint,6.471,0.9949831657780985,0.9998858651468319,1.0,0.998674017825232,0.9764700807715964,0.9946769454364133,0.0,0.0,none,0.0,0.0,0.34384175552464835,93,0.34384175552464835,0.0,0.0,0.0,0.0,False,0.3717923436435754,0.1196105702364395,True,0.25452016689847,True,True,True
2893,t38,2,joint,8.956,0.9935753430585623,0.9999369829622733,1.0,0.9966267776869344,0.971375971681331,0.9946382267679416,0.00044662795891017864,0.0,none,0.0,0.0,0.06866904868244755,93,0.06866904868244755,0.0,0.0,0.0008932559178203573,0.0,False,0.31610226807527064,0.08698079499776687,True,0.05064761054041981,True,True,True
2893,t38,4,joint,95.3,0.9934027183873181,0.99998824676702,1.0,0.9973043480926903,0.9697327503098602,0.9944204844864509,0.0,0.0,none,0.0,0.002098635886673692,0.0545645330535151,93,0.0545645330535151,0.002098635886673692,0.0,0.0010493179433369206,0.0,False,0.36657138256211436,0.056663168940188864,True,0.03231899265477438,True,True,True
2893,t38,5,joint,37.2,0.9979101987461051,0.9998808869344327,1.0,0.9997153645754917,0.9900738552861682,0.998582859110509,0.0,0.0,none,0.0,0.0,0.0,93,0.0,0.0,0.0,0.0,0.0,False,0.8600627848783241,0.08360215053763441,True,0.0,True,True,True
2893,t38,6,joint,4.35,0.9964735400852771,0.9999750600975584,1.0,0.9987831716363974,0.9836344085948705,0.9968668131792615,0.0,0.0,none,0.0,0.0,0.1103448275862068,93,0.1103448275862068,0.0,0.0,0.0,0.0,False,0.5118590491401839,0.0574712643678161,True,0.08643678160919549,True,True,True
2893,t39,1,joint,6.406,0.9929350654066865,1.0,1.0,0.9927351648021996,0.9719401622312325,0.9939539326613774,0.0,0.0,none,0.0,0.0,0.3037777083983765,93,0.3037777083983765,0.0,0.0,0.0,0.0,False,0.1164876520500452,0.04932875429285045,True,0.25282547611614103,True,True,True
2893,t39,2,joint,11.092,0.9939288687426285,0.9999488463030474,1.0,0.9967279690816198,0.9730186820254279,0.9953055088469571,9.01550667146994e-05,0.0,none,0.0,0.00018031013342955895,0.05274071402812829,93,0.05274071402812829,0.00018031013342955895,0.0,0.0002704652001442583,9.015506671485954e-05,False,0.39225791295949086,0.07771366750811395,True,0.03510638297872342,True,True,True
2893,t39,4,joint,138.0,0.9934978139104661,0.9999884944152982,1.0,0.9979356360099388,0.969576444711795,0.9949869421133657,0.0,0.0,none,0.0,0.0,0.050724637681159424,93,0.050724637681159424,0.0,0.0,0.0,0.0,False,0.3915817979565476,0.05652173913043476,True,0.036231884057971016,True,True,True
2893,t39,6,joint,1.7,0.9931488219959004,0.9997845758958154,1.0,0.9921354183744304,0.9740395398134407,0.9943846214231719,0.005882352941176476,0.0,none,0.0,0.0,0.6235294117647059,93,0.6235294117647059,0.0,0.0,0.0,0.0,False,0.2229994563287414,0.15647058823529417,True,0.46823529411764697,True,True,True
2893,t40,1,contact,31.171,0.9852045371788337,1.0,0.9920031987205118,0.9959900943418275,0.9380293928318287,0.9906537830628562,0.005357543870905701,0.0,none,3.2081101023312355e-05,0.0015398928491225264,0.5760482499759391,93,0.5760482499759391,0.0015398928491225264,0.0008661897276313711,0.004908408456578302,0.00041705431330397243,False,0.3356322756276163,0.020211093644733856,True,0.4891982932854255,True,True,True
2893,t40,8,contact,50.935,0.9954689735853152,1.0,1.0,0.9988602077718435,0.9784846601547318,0.9962040579715843,0.0004908216354178007,0.0,none,0.0,0.0006478845587513743,0.15735741631491115,93,0.15735741631491115,0.0006478845587513743,0.0001570629233335735,0.0016884264258368218,3.926573083346312e-05,False,0.35195646704720623,0.007283793069598551,True,0.12005497202316667,True,True,True
2893,t41,1,contact,786.38,0.9999260403006949,1.0,1.0,0.9997455962938356,0.9998846052096382,0.9999667479367093,0.0,0.0,none,0.0,0.0,6.231084208649529e-05,93,6.231084208649529e-05,0.0,0.0,0.0,0.0,False,0.36737680666395167,0.00010300363691854201,True,4.832269386303176e-05,True,True,True
2893,t41,2,contact,20385.49,0.9946140672564289,0.9997908589917535,0.998000799680128,0.9953332158418668,0.9801546027766421,0.9946660142388589,1.3735259736335689e-05,0.0,none,0.0,0.000163842026853421,0.23838916798173593,93,0.23838916798173593,0.000163842026853421,9.81089981161736e-06,0.0006808764469238178,4.758286408604974e-05,False,0.1809195183809466,0.18922674902590028,True,0.17827052477031444,True,True,True
2893,t41,3,contact,3751.71,0.9869407737854592,0.999544009713455,0.998000799680128,0.9855810922330687,0.952033957587189,0.9872019412573118,0.0011994530494094692,0.0,none,2.6654512209681127e-06,7.729808540637832e-05,0.8261939222381262,93,0.8261939222381262,7.729808540637832e-05,1.8658158546291947e-05,0.007463263418547809,0.0015512926105696238,False,0.1521557021570463,0.7197331350237625,True,0.6665616478885625,True,True,True
2893,t41,4,contact,20722.39,0.99448591507817,0.9997470761241691,0.998000799680128,0.9952159597358656,0.9797186637265178,0.9945227717446741,3.860558555171882e-06,0.0,none,1.447709458167511e-06,0.0001341544097955146,0.22978334062818043,93,0.22978334062818043,0.0001341544097955146,1.2064245485197413e-05,0.0005810140625671495,8.975798640989684e-05,False,0.1800720996600258,0.22722523801549915,True,0.1766684248293753,True,True,True
2893,t41,5,contact,109.358,0.9990812211558415,0.9996001599360256,0.998000799680128,0.999732769914668,0.9984722163123603,0.9991038797966589,0.0016368258380731362,0.0,none,0.0,0.0018837213555478616,0.001902009912397798,93,0.001902009912397798,0.0018197114065728896,0.0018837213555478616,0.0015362387753981616,9.144278425033147e-06,False,0.37526631019123,1.0,True,0.0016093930027981668,True,True,True
2893,t41,6,contact,18.489,0.999236534421186,0.9996001599360256,0.998000799680128,0.9999007854205679,0.9990807671331822,0.9990888687350432,0.0007031207745144748,0.0,none,0.0,0.0011898966953324689,1.0245010546811617,93,1.0245010546811617,0.0010276380550598681,0.00016225864027260065,0.0025961382443616104,5.408621342407212e-05,False,0.3960061965564411,0.9996213965060305,True,0.42478230299096736,True,True,True
2893,t41,7,contact,7.935,0.9983395662722307,0.9996001599360256,0.998000799680128,0.999693732859481,0.9948029789494932,0.9988845696598402,0.0012602394454946171,0.0,none,0.0,0.0012602394454946171,0.22407057340894765,93,0.22407057340894765,0.0007561436672968151,0.0005040957781978021,0.0017643352236925312,0.00025204788909890104,False,0.36375876580916544,0.8638941398865786,True,0.14001260239445504,True,True,True
2893,t42,1,spring,5.511,0.999428344070012,1.0,1.0,0.9994238669709066,0.9977178533791528,0.999495918641254,0.00018145527127569116,0.0,none,0.0,0.00018145527127569116,0.05606967882416987,93,0.05606967882416987,0.00018145527127569116,0.0,0.0007258210851026034,0.0,False,0.2703511591660759,0.0007258210851026034,True,0.04282344402104877,True,True,True
2893,t42,2,spring,1379.67,0.9987791860012937,1.0,1.0,0.9991070244693555,0.9947889055371122,0.9989818633066785,0.00032616495248850673,0.0,none,0.0,0.000333413062543968,0.04381482528430715,93,0.04381482528430715,0.0002246914117143559,0.000333413062543968,0.0002681800720461348,2.899244022118595e-05,False,0.2795636609945233,0.0020729594758166904,True,0.02808932570832165,True,True,True
2893,t42,3,spring,1311.67,0.999606619181225,1.0,1.0,0.9994100886194882,0.9986230072866361,0.9997008101358653,0.00026683540829639804,0.0,none,0.0,0.00022109219544547303,0.05614216990554016,93,0.05614216990554016,0.0001982205890200972,2.287160642537583e-05,0.0007547630120380958,2.287160642537583e-05,False,0.2703400524238191,0.0007471391432296371,True,0.04285376657238485,True,True,True
2893,t42,4,spring,305.0,0.997352977470268,1.0,1.0,0.9962489307846283,0.9905159565667109,0.9978228876593904,0.0031803278688525487,0.0,none,0.0,0.0034754098360655814,0.14360655737704922,93,0.14360655737704922,0.0034754098360655814,0.0012131147540981892,0.0037377049180329284,0.0,False,0.4774870197891343,0.00770491803278689,True,0.08344262295081964,True,True,True
2893,t42,5,spring,6.593,0.9992410756202148,1.0,1.0,0.9996352564898074,0.9965701216112662,0.9993048204641138,0.0,0.0,none,0.0,0.0,0.02472319126346115,93,0.02472319126346115,0.0,0.0,0.0001516760200212853,0.0,False,0.18201372853925682,0.0013650841801911636,True,0.017806764750492938,True,True,True
2893,t42,6,spring,1621.93,0.9988517982403671,1.0,1.0,0.9994652364246949,0.9947937547771404,0.9991760885307182,2.466197678072643e-05,0.0,none,0.0,2.466197678072643e-05,0.03284975307195746,93,0.03284975307195746,2.466197678072643e-05,6.165494195181607e-06,0.0001726338374652252,1.2330988390363214e-05,False,0.1853792954900587,0.0020099511076310263,True,0.019194416528456874,True,True,True
2893,t42,7,spring,1569.21,0.9995811005098082,1.0,1.0,0.9996117618765571,0.9982937406724832,0.9997141348095024,2.5490533453115657e-05,0.0,none,0.0,4.46084335429524e-05,0.02485327011681037,93,0.02485327011681037,4.46084335429524e-05,2.5490533453115657e-05,0.00015294320071883882,0.0,False,0.18200520185721158,0.0013063898394733366,True,0.017851020577232948,True,True,True
2893,t42,8,spring,253.37,0.997637654657793,1.0,1.0,0.9964143436296373,0.991773929659327,0.9981852250072698,0.0016576548131191043,0.0,none,0.0,0.0018944626435647067,0.14697872676323157,93,0.14697872676323157,0.0018944626435647067,0.0007893594348185997,0.0019733985870466117,3.9467971740896334e-05,False,0.37280548832780364,0.014287405770217473,True,0.09819631369143937,True,True,True
2893,t43,1,spring,6.034,0.9987587768626589,1.0,1.0,0.9992974130601859,0.9944964712531076,0.9990130361279395,0.0004971826317534163,0.0,none,0.0,0.00033145508783570895,0.09612197547232337,93,0.09612197547232337,0.00033145508783570895,0.0,0.000828637719588978,0.0,False,0.24079946765971708,0.0028173682466025697,True,0.07742790851839577,True,True,True
2893,t43,2,spring,988.1,0.9960253036471355,1.0,1.0,0.9991010383344757,0.9810254799012013,0.9966824596550949,0.00036433559356341833,0.0,none,0.0,8.096346523635353e-05,0.08127719866410288,93,0.08127719866410288,8.096346523635353e-05,2.0240866309174674e-05,0.000769152919745071,6.072259892717886e-05,False,0.24491117427452347,0.006730088047768479,True,0.05662179941301474,True,True,True
2893,t43,3,spring,959.42,0.9988920552574572,1.0,1.0,0.9992446051749563,0.995215671112329,0.9992279471461708,0.0005107252298263629,0.0,none,0.0,0.00030226595234628974,0.09599549727960646,93,0.09599549727960646,0.00030226595234628974,3.1268891621993203e-05,0.0007608763628024271,3.1268891621993203e-05,False,0.24079482469050562,0.0027308165349898945,True,0.07742177565612543,True,True,True
2893,t43,4,spring,195.6,0.9920895357382808,1.0,1.0,0.9943890166941798,0.966058661997224,0.9932771379974961,0.0002044989775050718,0.0,none,0.0,0.005879345603272013,0.09345603271983641,93,0.09345603271983641,0.005879345603272013,0.001789366053169705,0.006032719836400853,0.0002044989775050718,False,0.36933766579002936,0.024693251533742324,True,0.06862985685071564,True,True,True
2893,t43,5,spring,7.19,0.999017946793255,1.0,1.0,0.9995223977110127,0.9955673362552613,0.9992310521093272,0.0002781641168288984,0.0,none,0.0,0.00013908205841451097,0.022392211404728732,93,0.022392211404728732,0.00013908205841451097,0.0,0.00013908205841451097,0.0,False,0.175446162128178,0.0030598052851182533,True,0.013824756606397795,True,True,True
2893,t43,6,spring,1185.11,0.9972788252260758,1.0,1.0,0.9993685321025175,0.9870255940278607,0.997846626685562,0.000472529976120506,0.0,none,0.0,0.0002531410586360607,0.03191264945869998,93,0.03191264945869998,0.0002531410586360607,1.6876070575903658e-05,0.0003290833762267638,1.68760705757118e-05,False,0.1830933541650027,0.0072145201711234135,True,0.01977200428652194,True,True,True
2893,t43,7,spring,1143.24,0.999198453555677,1.0,1.0,0.9994962057203066,0.9964960620580778,0.999468795835564,0.00020992967355936557,0.0,none,0.0,0.0001224589762430461,0.022383751443266434,93,0.022383751443266434,0.0001224589762430461,0.0,0.00010496483677978223,0.0,False,0.1754414738336878,0.0029827507784891782,True,0.013829117245722835,True,True,True
2893,t43,8,spring,185.77,0.9943815049796412,1.0,1.0,0.9952954647953647,0.9766120601028404,0.9955561191382343,0.0029068202616137806,0.0,none,0.0,0.0066749206007429025,0.18598266673844005,93,0.18598266673844005,0.0066749206007429025,0.0030144802713032363,0.005921300532917017,0.00010766000968945594,False,0.4392255476838582,0.036281423265328086,True,0.12043925283953272,True,True,True
2893,t44,2,spring,230.52,0.9737186279484386,0.9996368064240582,1.0,0.9688841306241098,0.900435396269966,0.9749069363707366,0.0,0.0,none,0.0,0.00039042165538783364,1.553704667707791,93,1.553704667707791,0.0002602811035918891,0.00039042165538783364,0.0,0.0,False,0.039342639649798575,0.09513274336283185,True,0.8146711782057946,True,True,True
2893,t44,3,spring,22.67,0.9881907032728571,0.9998232983962282,1.0,0.9987844840771877,0.9425224354946408,0.9900510587942567,0.0,0.0,none,0.0,0.002646669607410775,0.5866784296426996,93,0.5866784296426996,0.002646669607410775,0.0,0.006616674018526781,0.0,False,0.1366603374835399,0.06616674018526687,True,0.38059108954565485,True,True,True
2893,t44,4,spring,226.43,0.9560636404626077,0.9996373012010077,1.0,0.8811992832434907,0.8998443166675321,0.9560119243970975,0.0,0.0,none,0.0,0.00044163759219182226,1.571081570463278,93,1.571081570463278,0.000309146314534263,0.00044163759219182226,0.0,0.0,False,0.03774254965253078,0.09905931192863136,True,0.8262421057280388,True,True,True
2893,t44,6,spring,230.81,0.9831789537832936,1.0,1.0,0.9797717199474733,0.9361230489689945,0.979751792724003,0.00017330271652004698,0.0,none,0.0,0.000433256791300179,0.6636194272345219,93,0.6636194272345219,0.000433256791300179,0.00034660543304021707,0.0038993111217018573,0.0,False,0.09186797483535201,0.04618517395260171,True,0.3569256098089337,True,True,True
2893,t44,7,spring,55.9,0.9954034017268147,1.0,1.0,0.9984187355254291,0.9785982731086439,0.9956051890432838,0.001431127012522331,0.0,none,0.0,0.0021466905187834963,0.28819320214669053,93,0.28819320214669053,0.0021466905187834963,0.00035778175313051915,0.0076923076923076875,0.0,False,0.17415207519194728,0.014311270125223626,True,0.15999999999999992,True,True,True
2893,t44,8,spring,226.72,0.9775555502549349,1.0,1.0,0.950872283721152,0.9369054675535223,0.9729289093777846,0.0,0.0,none,0.0,0.0003528581510233438,0.7115384615384617,93,0.7115384615384617,0.0002646436132674765,0.0003528581510233438,0.0,0.0,False,0.08317950841288091,0.046797812279463655,True,0.41617854622441774,True,True,True
2893,t45,1,spring,4.233,0.9969241145197099,1.0,1.0,0.9986095244381936,0.986011048160355,0.9967378235340589,0.0011811953697141255,0.0,none,0.0,0.0025986298133711602,0.1185920151193008,93,0.1185920151193008,0.0025986298133711602,0.0,0.0075596503661705715,0.0,False,0.1798634638807819,0.003543586109142482,True,0.09114103472714391,True,True,True
2893,t45,2,spring,174.42,0.9865529930207919,1.0,1.0,0.9855501028746931,0.9472148622292661,0.9862889651713782,0.0035546382295608566,0.0,none,0.0,0.002809310858846352,0.07441807132209603,93,0.07441807132209603,0.002809310858846352,0.0,0.003153308106868381,0.0,False,0.09142845294089501,0.04322898750143332,True,0.05568168787983024,True,True,True
2893,t45,3,spring,42.33,0.9969241145197099,1.0,1.0,0.9986095244381936,0.9860110481603549,0.9967378247390346,0.0011811953697140837,0.0,none,0.0,0.002598629813371118,0.11859201511930081,93,0.11859201511930081,0.002598629813371118,0.0,0.0075596503661705715,0.0,False,0.1798634638807819,0.0035435861091425865,True,0.09114103472714397,True,True,True
2893,t45,4,spring,156.17,0.9844116156361504,1.0,1.0,0.973319191306983,0.9487388868737691,0.9833036368066954,0.004034065441506204,0.0,none,0.0,0.0028174425305756406,0.0910546199654223,93,0.0910546199654223,0.0028174425305756406,0.0,0.005122622782864718,0.0,False,0.08988488190289322,0.04808862137414356,True,0.06177883076134979,True,True,True
2893,t45,6,spring,417.61,0.8260570351133122,0.9931739879505375,0.998000799680128,0.5692832225756566,0.5766531774097009,0.8514427493872696,0.0635760637915759,0.0,none,0.0,0.07265151696558984,0.707669835492445,93,0.707669835492445,0.07205287229711926,0.0005986446684705826,0.10251191302890257,0.0,False,0.07224808358134104,0.5658628864251335,True,0.23359593879456914,True,True,True
2893,t45,7,spring,80.9,0.9594153943946493,0.9923394665207445,0.998000799680128,0.9725893570650922,0.8418078821865373,0.9714024958176333,0.00432632880098898,0.0,none,0.0,0.005562422744128589,0.26798516687268237,93,0.26798516687268237,0.004079110012360918,0.0014833127317676704,0.012113720642768723,0.0,False,0.15056415977282803,0.10259579728059333,True,0.14437577255871437,True,True,True
2893,t45,8,spring,362.26,0.8219627791472665,0.9915233985788847,0.998000799680128,0.5557555790877358,0.5730107198106986,0.8448152914447289,0.08943852481643012,0.0,none,0.0,0.09341357036382718,0.8484513885054932,93,0.8484513885054932,0.09272345828962633,0.0006901120742008502,0.12747750234638108,0.0,False,0.07633872631885259,0.6366145862088003,True,0.26562137691161025,True,True,True
2893,t46,2,spring,321.68,0.8142957278107126,0.9883157663864939,0.998000799680128,0.5587699658558758,0.5380763407445712,0.8410801006447852,0.019180552101467345,0.0,none,0.0,0.0042278040288485875,0.4145734891817956,93,0.4145734891817956,0.0042278040288485875,0.001834120865456453,0.07843198209400652,0.0,False,0.07796130416901664,0.6333001740860482,True,0.27633051479731385,True,True,True
2893,t46,3,spring,68.75,0.950650176463146,0.9856948480023968,1.0,0.9698209033311853,0.8120402829797508,0.9627908282904085,0.004363636363636322,0.0,none,0.0,0.001163636363636339,0.10050909090909106,93,0.10050909090909106,0.00014545454545441316,0.0010181818181819256,0.01658181818181819,0.0,False,0.15914258172003665,0.18109090909090908,True,0.06795636363636359,True,True,True
2893,t46,4,spring,274.29,0.8063138220128743,0.9854020754865758,0.998000799680128,0.528005516336757,0.5347586430743343,0.8344022983627439,0.03383280469576007,0.0,none,0.0,0.015494549564329723,0.44715447154471544,93,0.44715447154471544,0.015494549564329723,0.002151008057165682,0.08939443654526225,0.0,False,0.08262320157633175,0.7520142914433628,True,0.3110795143825875,True,True,True
2893,t46,5,spring,2.573,0.9237049347358439,0.9965487476301363,1.0,0.9251233093338577,0.7003038690850887,0.9348763892309904,0.0027205596579868313,0.0,none,0.0,0.006218422075398374,0.13719393703847657,93,0.13719393703847657,0.006218422075398374,0.0007773027594247104,0.0058297706956858455,0.0,False,0.15646753954862883,0.12592304702681698,True,0.07780800621842196,True,True,True
2893,t46,6,spring,12.07,0.7175180504806365,0.9453120770422956,0.998000799680128,0.2258686477813584,0.47309665085710484,0.7490317495817641,0.0646230323115161,0.0,none,0.0,0.10107705053852517,3.101077050538525,93,3.101077050538525,0.10107705053852517,0.0,0.28666114333057174,0.0,False,0.09696630270119883,0.9494614747307374,True,0.9229494614747296,False,True,False
2893,t46,7,spring,2.57,0.9226081256257612,0.9965322728586059,1.0,0.9359381979662086,0.6840378844453852,0.9333986109433869,0.003891050583657678,0.0,none,0.0,0.007782101167315182,0.1361867704280156,93,0.1361867704280156,0.007782101167315182,0.0038910505836575048,0.007782101167315182,0.0,False,0.1566366721000585,0.12451361867704283,True,0.07782101167315182,True,True,True
2893,t46,8,spring,10.62,0.698893344773823,0.9359472238047654,0.998000799680128,0.15199860570187496,0.47257287087758115,0.7385178962118705,0.1826741996233523,0.0,none,0.0,0.17325800376647835,3.4623352165725048,93,3.4623352165725048,0.17325800376647835,0.0,0.37476459510357824,0.0,False,0.10369413245659517,1.0743879472693032,True,1.0531073446327672,False,True,False
2893,t47,1,contact,4.705,0.9512635606820503,0.9962688521884625,1.0,0.9541687714609084,0.8096113275724179,0.9569408626279468,0.002763018065887333,0.0,none,0.0,0.004463336875664167,0.17662061636556844,93,0.17662061636556844,0.004463336875664167,0.0006376195536663366,0.0023379383634431713,0.0,False,0.1486015593293846,0.16046758767268862,True,0.10099893730074372,True,True,True
2893,t47,2,contact,399.03,0.9863246634810691,0.9997982816100852,1.0,0.9635704030997523,0.9684563510854228,0.9909982381815088,0.005012154474600908,0.0,none,0.0,0.003708994311204717,0.17748038994561813,93,0.17748038994561813,0.003708994311204717,0.0004510939027140988,0.0032829611808634575,0.0,False,0.10207848519457705,0.16885948424930455,True,0.10098488835425906,True,True,True
2893,t47,3,contact,199.51,0.9804523103498524,0.9994425200551623,1.0,0.9512802575126299,0.9520962541263067,0.9876899803367695,0.005012280086211218,0.0,none,0.0,0.0037592100646584134,0.28389554408300344,93,0.28389554408300344,0.0037592100646584134,0.0005012280086210933,0.0032579820560371775,0.0,False,0.10097276412146756,0.22840960352864514,True,0.19863665981655054,True,True,True
2893,t47,4,contact,446.13,0.9862686376610214,0.9998039072689984,1.0,0.9640994491339044,0.9676359246332054,0.990561895438899,0.004998543025575545,0.0,none,0.0,0.003720888530248959,0.17927509918633586,93,0.17927509918633586,0.003720888530248959,0.0004482998229215445,0.0032725887073275423,0.0,False,0.10185630661069882,0.1688521283034093,True,0.10028915338578433,True,True,True
2893,t47,5,contact,1.325,0.8344920475697745,0.9936868489993522,0.9940023990403839,0.8951231228009432,0.29596101800884045,0.9773584717473122,0.009811320754717074,0.0,none,0.0,0.006792452830188602,0.18415094339622642,93,0.18415094339622642,0.006792452830188602,0.0015094339622641524,0.016603773584905675,0.0,False,0.21794799454920444,1.0,True,0.1464150943396226,True,True,True
2893,t47,6,contact,2.065,0.8512195665210425,0.9943847695979083,1.0,0.959887317200371,0.30744097620902455,0.9808267064498063,0.0,0.0,none,0.0,0.0004842615012106004,0.03777239709443092,93,0.03777239709443092,0.0004842615012106004,0.0,0.0009685230024214159,0.0,False,0.34335748801369925,0.7922518159806295,True,0.022276029055689987,True,True,True
2893,t47,7,contact,8.792,0.9135181047228214,0.9935670577961642,0.9880047980807677,0.9043507406559629,0.6881008692850477,0.9836343064630401,0.0005686988171063473,0.0,none,0.0,0.008530482256596826,0.06301182893539585,93,0.06301182893539585,0.008530482256596826,0.0011373976342128967,0.00784804367606925,0.0028434940855323427,False,0.1464829786346728,0.9994313011828937,True,0.03958143767060973,True,True,True
2893,t47,8,contact,3.62,0.8572226709033233,0.9923977493028096,0.9880047980807677,0.8956088841483464,0.4177041736818832,0.9662376647566175,0.01933701657458559,0.0,none,0.0,0.03784530386740332,0.40994475138121544,93,0.40994475138121544,0.022928176795580162,0.014917127071823156,0.03535911602209948,0.0,False,0.19424755045956532,0.9480662983425414,True,0.22519337016574584,True,True,True
2893,t47,9,contact,3.069,0.8800028990478646,0.9934584270494549,0.9880047980807677,0.9601297891820478,0.4649630538775972,0.968429577001809,0.0,0.0,none,0.0,0.000325839035516419,0.06386445096122521,93,0.06386445096122521,0.000325839035516419,0.0,0.0,0.0,False,0.3126150263159563,0.4887585532746823,True,0.03734115347018567,True,True,True
2893,t47,10,contact,9.068,0.8632237528270519,0.9936025589764095,0.9880047980807677,0.9152681800490516,0.42564066805262113,0.9888619825461473,0.019850022055580032,0.0,none,0.0,0.009814733127481103,0.13939126599029547,93,0.13939126599029547,0.009814733127481103,0.0020952801058667985,0.02790030877812088,0.0001102779003089129,False,0.22694667625307632,0.9937141596823996,True,0.07798853109836812,True,True,True
2893,t48,1,contact,3.686,0.9963889733579689,1.0,1.0,0.9970290204894311,0.9849158463004128,0.9953704082466094,0.0035268583830710526,0.0,none,0.0,0.001899077590884339,0.11611502984264784,93,0.11611502984264784,0.001899077590884339,0.0,0.0029842647856754413,0.0,False,0.2316147377797808,0.02712967986977754,True,0.07623440043407492,True,True,True
2893,t48,2,contact,313.27,0.9951824284957866,1.0,1.0,0.9881758299042565,0.9877363125746765,0.9934213182786154,0.003607112075845103,0.0,none,0.0,0.001915280748236237,0.11680020429661307,93,0.11680020429661307,0.001915280748236237,0.0,0.0029367638139622663,0.0,False,0.09220788394430986,0.012736616975771728,True,0.07619625243400263,True,True,True
2893,t48,3,contact,156.63,0.9948266921178723,1.0,1.0,0.9867766647774672,0.9873567958118938,0.9934101117639237,0.0036391495882014506,0.0,none,0.0,0.0019153418885269932,0.30134712379493067,93,0.30134712379493067,0.0019153418885269932,0.0,0.0029368575624080925,0.0,False,0.09203645190048454,0.012705101193896411,True,0.2142501436506418,True,True,True
2893,t48,4,contact,350.24,0.9951466129721919,1.0,1.0,0.9878898632918482,0.9878432015691109,0.993476282037653,0.003626084970306024,0.0,none,0.0,0.0019129739607126996,0.1539515760621287,93,0.1539515760621287,0.0019129739607126996,0.0,0.002940840566468629,0.0,False,0.09217262452712016,0.012734125171311042,True,0.098423937871174,True,True,True
2893,t48,5,contact,17.189,0.9888774841085219,0.9996001599360256,0.998000799680128,0.9983271886140903,0.9488591123763402,0.9892599409580904,0.006573971726103877,0.0,none,0.0,0.0027924835650705838,0.2425388329745768,93,0.2425388329745768,0.0027924835650705838,0.0004072371865726858,0.009308278550235624,0.0,False,0.22775336325911746,1.006573971726104,True,0.1402641224038626,True,True,True
2893,t48,6,contact,2.785,0.9884992701856317,0.9996001599360256,1.0,0.9992395532846898,0.9440564777714174,0.9884274136615051,0.00035906642728916836,0.0,none,0.0,0.0,0.11023339317773785,93,0.11023339317773785,0.0,0.0,0.00035906642728916836,0.0,False,0.23493795570667186,0.9788150807899461,True,0.060251346499102236,True,True,True
2893,t48,7,contact,4.057,0.9893227922990705,0.9996001599360256,0.998000799680128,0.9925152206666256,0.9568976212765478,0.9898441308564371,0.023169829923588712,0.0,none,0.0,0.013803302933201884,0.8099580971160957,93,0.8099580971160957,0.013556815380823197,0.00024648755237868716,0.02563470544737493,0.0,False,0.139633867777869,1.0231698299235887,True,0.6211486319940842,True,True,True
2893,t48,8,contact,2.129,0.9945367365600482,0.9996001599360256,0.998000799680128,0.9964985636443563,0.9789839996037053,0.9946555543351436,0.0037576326914044184,0.0,none,0.0,0.005636449037106628,0.325974635979333,93,0.325974635979333,0.005636449037106628,0.0009394081728512089,0.006106153123532128,0.0,False,0.22930086842537356,0.8426491310474401,True,0.16881164866134332,True,True,True
2893,t48,9,contact,2.712,0.9986161121725107,1.0,1.0,0.9967309452936637,0.9963496155688896,0.998592236150516,0.0,0.0,none,0.0,0.0,0.04682890855457235,93,0.04682890855457235,0.0,0.0,0.0007374631268437403,0.0,False,0.12626037358427447,0.010693215339233038,True,0.03480825958702058,True,True,True
2893,t48,10,contact,4.514,0.992643479634926,0.9996001599360256,0.998000799680128,0.9944704540993398,0.9715458245231112,0.992997413009269,0.007310589277802276,0.0,none,0.0,0.001993797075764168,0.3679663269827204,93,0.3679663269827204,0.001993797075764168,0.0006645990252547882,0.005981391227292896,0.0,False,0.1460226412780252,1.0073105892778023,True,0.24124944616747893,True,True,True
2893,t49,1,contact,1.208,0.9932701046440965,1.0,1.0,0.98072062964835,0.9856298935721318,0.9924448736355743,0.01572847682119216,0.0,none,0.0,0.002483443708609182,0.701158940397351,93,0.701158940397351,0.002483443708609182,0.0,0.004966887417218548,0.0,False,0.10661347359473859,0.022350993377483464,True,0.42102649006622506,True,True,True
2893,t49,2,contact,102.71,0.9909814965721788,0.9999994033109902,1.0,0.9684848351793104,0.9864238410596027,0.9930550644700537,0.013533248953363846,0.0,none,0.0,0.0045759906532956765,0.7010028234835947,93,0.7010028234835947,0.004089183136987652,0.00048680751630802413,0.00525752117612702,0.0,False,0.07142127671394984,0.05033589718625257,True,0.42221789504429935,True,True,True
2893,t49,3,contact,51.36,0.9909854251292277,0.9999992391575994,1.0,0.9685188030998222,0.9864098442311175,0.9930700044203039,0.013434579439252293,0.0,none,0.0,0.004478193146417523,0.8872663551401869,93,0.8872663551401869,0.004088785046728989,0.0003894080996885344,0.005257009345794454,0.0,False,0.07141595790869715,0.05042834890965739,True,0.49836448598130834,True,True,True
2893,t49,4,contact,114.83,0.9909792878225953,0.9999994044100837,1.0,0.9684835274885495,0.9864141028042588,0.9930532278712842,0.01349821475224242,0.0,none,0.0,0.004615518592702266,0.7383088043194286,93,0.7383088043194286,0.004180092310371889,0.00043542628233037673,0.005399285900897018,0.0,False,0.07142325579875673,0.05033527823739442,True,0.4412609945136289,True,True,True
2893,t49,5,contact,1.671,0.9941213638530767,1.0,1.0,0.9855905448069295,0.9850162744584534,0.9971881054236141,0.023937761819269918,0.0,none,0.0,0.016756433273488944,0.8450029922202273,93,0.8450029922202273,0.014362657091561952,0.002393776181926992,0.03470975463794138,0.0,False,0.09265749746429223,0.023937761819269918,True,0.5431478156792335,True,True,True
2893,t49,6,contact,2.551,0.9989516218696987,1.0,1.0,0.9973948345358101,0.9973632748126826,0.999057663574791,0.001176009408075309,0.0,none,0.0,0.0,0.060368482947863546,93,0.060368482947863546,0.0,0.0,0.001960015680125399,0.0,False,0.12475094225382599,0.00352802822422584,True,0.04774598196785588,True,True,True
2893,t49,7,contact,8.29,0.9993182653856755,1.0,1.0,0.9989746229559918,0.9976167039723848,0.9993786076337774,0.0048250904704464324,0.0,none,0.0,0.0014475271411339512,0.10410132689987933,93,0.10410132689987933,0.0003618817852834878,0.0010856453558504633,0.004583835946924036,0.0,False,0.14315964929656333,0.0048250904704464324,True,0.06552472858866111,True,True,True
2893,t49,8,contact,1.246,0.9979339215903451,1.0,1.0,0.9919678714859438,0.9977017364657814,0.9973024951298362,0.000802568218298467,0.0,none,0.0,0.004012841091492869,0.550561797752809,93,0.550561797752809,0.0032102728731942245,0.0008025682182986451,0.01284109149277672,0.0,False,0.08003728012068509,0.004815409309791336,True,0.3152487961476724,True,True,True
2893,t49,9,contact,6.229,0.9994586650252977,1.0,1.0,0.9987046954788891,0.9985886296475984,0.9992616082973919,0.0009632364745545397,0.0,none,0.0,0.0,0.01974634772836735,93,0.01974634772836735,0.0,0.0,0.0014448547118318094,0.0,False,0.1368300471418587,0.0019264729491090793,True,0.010370846042703554,True,True,True
2893,t49,10,contact,1.084,0.9990291316472089,1.0,1.0,0.997877374904308,0.9972682833317358,0.9987455680836136,0.0,0.0,none,0.0,0.0009225092250921493,0.2084870848708487,93,0.2084870848708487,0.0009225092250921493,0.0,0.0009225092250921493,0.0,False,0.12730941607826768,0.00553505535055351,True,0.1289667896678966,True,True,True
2893,t50,2,contact,81.82,0.9925003358850352,1.0,1.0,0.9735430765323653,0.9889586028928099,0.9920393452686649,0.006722072842825854,0.0,none,0.0,0.003544365680762553,0.33634808115375214,93,0.33634808115375214,0.0032999266682962117,0.00024443901246634105,0.01234417012955274,0.0,False,0.06906304238337281,0.025910535321437358,True,0.14348570031777066,True,True,True
2893,t50,3,contact,39.82,0.9730853855413186,0.9995757672043761,1.0,0.9096094778411584,0.956665915456682,0.9614743901912859,0.019839276745354073,0.0,none,0.0,0.017076845806127568,0.5005022601707685,93,0.5005022601707685,0.010547463586137663,0.006529382219989905,0.02762430939226505,0.0,False,0.06674285275645653,0.4563033651431441,True,0.2854846810647914,True,True,True
2893,t50,4,contact,90.56,0.9913563960201907,0.9999782859857896,1.0,0.9710247123305233,0.9858006957988509,0.9905593875143573,0.003091872791519447,0.0,none,0.0,0.016453180212014078,0.3652826855123675,93,0.3652826855123675,0.010159010600706732,0.006294169611307345,0.023520318021201362,0.0,False,0.06895371665316907,0.06238957597173151,True,0.16903710247349832,True,True,True
2893,t50,5,contact,2.059,0.9923203276407557,1.0,1.0,0.9739742728471549,0.987627365356623,0.988640089551842,0.016998542982030178,0.0,none,0.0,0.028169014084507064,0.7430791646430307,93,0.7430791646430307,0.027683341427877577,0.00048567265662948606,0.031568722680913035,0.0,False,0.06701299454755469,0.016998542982030178,True,0.4397280233122875,True,True,True
2893,t50,6,contact,3.159,0.9991524614220348,1.0,1.0,0.9982426079697728,0.9975196991404012,0.9885843787382944,0.0009496676163341784,0.0,none,0.0,0.000949667616334319,0.04051915163026264,93,0.04051915163026264,0.000949667616334319,0.0,0.001266223488445712,0.0,False,0.12895376422373345,0.002532446976891424,True,0.03197214308325405,True,True,True
2893,t50,7,contact,3.898,0.9977800366858578,1.0,1.0,0.9956921683234632,0.9932080151058253,0.9877040908782637,0.015649050795279614,0.0,none,0.0,0.0066700872242176105,0.2462801436634171,93,0.2462801436634171,0.0038481272447409244,0.0028219599794766857,0.008209338122113911,0.0,False,0.12871363465174493,0.015649050795279614,True,0.17275525910723447,True,True,True
2893,t50,9,contact,4.252,0.9990789423883186,1.0,1.0,0.9982873407950598,0.9971073711465328,0.9886444673119272,0.000705550329256847,0.0,none,0.0,0.0007055503292566382,0.021166509877704576,93,0.021166509877704576,0.0007055503292566382,0.0,0.0011759172154280088,0.0,False,0.12889276270230463,0.003998118532455293,True,0.012511759172154156,True,True,True
2893,t51,1,contact,3.123,0.9867040726840554,0.999733108785949,1.0,0.9891057145075938,0.9449484313407851,0.9887235486848428,0.0019212295869355694,0.0,none,0.0,0.004162664105027186,0.17451168747998716,93,0.17451168747998716,0.0035222542427153763,0.0006404098623118091,0.006724303554274706,0.0,False,0.1488953113469368,0.09317963496637849,True,0.09247518411783531,True,True,True
2893,t51,2,contact,265.46,0.9955289976499155,1.0,1.0,0.9865631285430043,0.9910818597065727,0.9979494097998121,0.0017705115648309626,0.0,none,0.0,0.00399306863557599,0.1743388834476004,93,0.1743388834476004,0.003277329917878417,0.0007157387176975731,0.006479318918104526,0.0,False,0.09155866355666059,0.01789346794243954,True,0.09232276049122283,True,True,True
2893,t51,3,contact,132.73,0.9955353670223859,1.0,1.0,0.9865820469952983,0.9910947881166305,0.9979514754938228,0.0018081820236571168,0.0,none,0.0,0.00399306863557599,0.2734875310781285,93,0.2734875310781285,0.0033150003767045714,0.0006780682588714188,0.006554659835756834,0.0,False,0.09155866862034494,0.017931138401265694,True,0.1422888570782793,True,True,True
2893,t51,4,contact,296.8,0.9955280609025255,1.0,1.0,0.9865589446533393,0.9910813598592877,0.9979487379072843,0.0017520215633422566,0.0,none,0.0,0.0039757412398922064,0.18648921832884105,93,0.18648921832884105,0.0033018867924528915,0.0006738544474393148,0.00650269541778978,0.0,False,0.09155663648476782,0.017924528301886962,True,0.09171159029649585,True,True,True
2893,t51,5,contact,2.283,0.9607742571933863,0.9979887451084777,0.9920031987205118,0.9747013153431576,0.8411892816863066,0.9812325261701615,0.0017520805957074042,0.0,none,0.0,0.012702584318878631,0.6644765659220323,93,0.6644765659220323,0.012702584318878631,0.0035041611914148085,0.011826544021025027,0.0,False,0.15230231249792806,0.9386771791502408,True,0.38028909329829147,True,True,True
2893,t51,6,contact,3.088,0.9610585945523445,0.9983486201210046,1.0,0.9961266254339697,0.8124691070857442,0.9793086797373196,0.002590673575129536,0.0,none,0.0,0.00226683937823838,0.04954663212435234,93,0.04954663212435234,0.00226683937823838,0.0,0.003238341968911848,0.0,False,0.1635185650906008,0.9507772020725388,True,0.033160621761657974,True,True,True
2893,t51,7,contact,3.91,0.9469427331458128,0.9974068143004038,1.0,0.9730803432644828,0.7668196938637731,0.9674477498024879,0.002813299232736604,0.0,none,0.0,0.015601023017902798,0.3132992327365728,93,0.3132992327365728,0.007928388746803103,0.015601023017902798,0.0595907928388747,0.0,False,0.20070895424778407,0.9647058823529411,True,0.17667519181585672,True,True,True
2893,t51,8,contact,4.447,0.9746576772412194,0.9984006397441023,0.9920031987205118,0.9932882781245859,0.8911956298727944,0.9873193916526282,0.008769957274567057,0.0,none,0.0,0.013717112660220361,0.23229143242635483,93,0.23229143242635483,0.013717112660220361,0.011243534967393708,0.02541038902630977,0.0,False,0.11326788304562482,1.008769957274567,True,0.17517427479199457,True,True,True
2893,t51,9,contact,5.052,0.9726529963527194,0.9984006397441023,1.0,0.9923901190994525,0.8740735831759392,0.9846037125233241,0.0023752969121139285,0.0,none,0.0,0.0021773555027712038,0.015835312747426777,93,0.015835312747426777,0.0021773555027712038,0.0,0.002969121140142455,0.0,False,0.15932521866776336,0.5184085510688837,True,0.01199524940617577,True,True,True
2893,t51,10,contact,1.313,0.918320329148157,0.9960968351769658,0.9920031987205118,0.8763129431558707,0.7310918335104701,0.9541759694872942,0.2947448591012948,0.0,none,0.0,0.15308453922315296,0.9596344249809599,93,0.9596344249809599,0.02208682406702202,0.13099771515613096,0.24447829398324444,0.0,False,0.11359853379776023,1.2901751713632903,True,0.6080731150038077,True,True,True
